{"fechaTotalizacion":"Aug 14, 2023, 5:27:40 AM","estadoRecuento":{"mesasEsperadas":85,"mesasTotalizadas":83,"mesasTotalizadasPorcentaje":97.64,"cantidadElectores":28838,"cantidadVotantes":20413,"participacionPorcentaje":70.78},"valoresTotalizadosPositivos":[{"idAgrupacion":"134","idAgrupacionTelegrama":"134","nombreAgrupacion":"UNION POR LA PATRIA","votos":8372,"votosPorcentaje":41.1,"listas":[{"idLista":"3005","nombreLista":"A- CELESTE Y BLANCA","votos":6374,"votosPorcentaje":76.13},{"idLista":"3006","nombreLista":"B- JUSTA Y SOBERANA","votos":1998,"votosPorcentaje":23.86}]},{"idAgrupacion":"132","idAgrupacionTelegrama":"132","nombreAgrupacion":"JUNTOS POR EL CAMBIO","votos":4471,"votosPorcentaje":21.95,"listas":[{"idLista":"3007","nombreLista":"A- EL CAMBIO DE NUESTRAS VIDAS","votos":2276,"votosPorcentaje":50.9},{"idLista":"3008","nombreLista":"B- LA FUERZA DEL CAMBIO","votos":2195,"votosPorcentaje":49.09}]},{"idAgrupacion":"135","idAgrupacionTelegrama":"135","nombreAgrupacion":"LA LIBERTAD AVANZA","votos":4358,"votosPorcentaje":21.39,"listas":[{"idLista":"3016","nombreLista":"A- LIBERTAD POR SIEMPRE","votos":4358,"votosPorcentaje":100.0}]},{"idAgrupacion":"136","idAgrupacionTelegrama":"136","nombreAgrupacion":"FRENTE DE IZQUIERDA Y DE TRABAJADORES - UNIDAD","votos":681,"votosPorcentaje":3.34,"listas":[{"idLista":"3009","nombreLista":"A- UNIR Y FORTALECER LA IZQUIERDA","votos":485,"votosPorcentaje":71.21},{"idLista":"3010","nombreLista":"B- UNIDAD DE LUCHADORES Y LA IZQUIERDA","votos":196,"votosPorcentaje":28.78}]},{"idAgrupacion":"133","idAgrupacionTelegrama":"133","nombreAgrupacion":"HACEMOS POR NUESTRO PAIS","votos":171,"votosPorcentaje":0.83,"listas":[{"idLista":"3001","nombreLista":"A- HACEMOS","votos":171,"votosPorcentaje":100.0}]},{"idAgrupacion":"137","idAgrupacionTelegrama":"137","nombreAgrupacion":"PRINCIPIOS Y VALORES","votos":125,"votosPorcentaje":0.61,"listas":[{"idLista":"3011","nombreLista":"1A- TIERRA, TECHO  Y TRABAJO","votos":125,"votosPorcentaje":100.0}]},{"idAgrupacion":"40","idAgrupacionTelegrama":"40","nombreAgrupacion":"MOVIMIENTO LIBRES DEL SUR","votos":84,"votosPorcentaje":0.41,"listas":[{"idLista":"3019","nombreLista":"A- AZUL Y ROJO","votos":84,"votosPorcentaje":100.0}]},{"idAgrupacion":"90","idAgrupacionTelegrama":"90","nombreAgrupacion":"MOVIMIENTO IZQUIERDA JUVENTUD Y DIGNIDAD","votos":71,"votosPorcentaje":0.34,"listas":[{"idLista":"3027","nombreLista":"B- CONFEDERAL","votos":54,"votosPorcentaje":76.05},{"idLista":"3026","nombreLista":"A- DIGNIDAD","votos":17,"votosPorcentaje":23.94}]},{"idAgrupacion":"13","idAgrupacionTelegrama":"13","nombreAgrupacion":"MOVIMIENTO AL SOCIALISMO","votos":67,"votosPorcentaje":0.32,"listas":[{"idLista":"3017","nombreLista":"A- IZQUIERDA ANTICAPITALISTA","votos":67,"votosPorcentaje":100.0}]},{"idAgrupacion":"131","idAgrupacionTelegrama":"131","nombreAgrupacion":"FRENTE LIBER.AR","votos":54,"votosPorcentaje":0.26,"listas":[{"idLista":"3003","nombreLista":"B- RECONQUISTA","votos":30,"votosPorcentaje":55.55},{"idLista":"3002","nombreLista":"A- DEMOS","votos":23,"votosPorcentaje":42.59},{"idLista":"3004","nombreLista":"C- ANTICORRUPCIÓN","votos":1,"votosPorcentaje":1.85}]},{"idAgrupacion":"95","idAgrupacionTelegrama":"95","nombreAgrupacion":"FRENTE PATRIOTA FEDERAL","votos":49,"votosPorcentaje":0.24,"listas":[{"idLista":"3021","nombreLista":"A- PRIMERO LA PATRIA","votos":49,"votosPorcentaje":100.0}]},{"idAgrupacion":"92","idAgrupacionTelegrama":"92","nombreAgrupacion":"POLITICA OBRERA","votos":49,"votosPorcentaje":0.24,"listas":[{"idLista":"3020","nombreLista":"A- UNIDAD OBRERA","votos":49,"votosPorcentaje":100.0}]},{"idAgrupacion":"20","idAgrupacionTelegrama":"20","nombreAgrupacion":"UNION DEL CENTRO DEMOCRATICO","votos":31,"votosPorcentaje":0.15,"listas":[{"idLista":"3018","nombreLista":"A- APERTURA LIBERAL ARGENTINA","votos":31,"votosPorcentaje":100.0}]},{"idAgrupacion":"94","idAgrupacionTelegrama":"94","nombreAgrupacion":"PROYECTO JOVEN","votos":27,"votosPorcentaje":0.13,"listas":[{"idLista":"3023","nombreLista":"B- PATRIA UNIDA","votos":15,"votosPorcentaje":55.55},{"idLista":"3024","nombreLista":"C- TODEX","votos":11,"votosPorcentaje":40.74},{"idLista":"3022","nombreLista":"A- COALICION PAZ DEMOCRACIA SOBERANIA","votos":1,"votosPorcentaje":3.7}]},{"idAgrupacion":"57","idAgrupacionTelegrama":"57","nombreAgrupacion":"MOVIMIENTO DE ACCION VECINAL","votos":19,"votosPorcentaje":0.09,"listas":[{"idLista":"3025","nombreLista":"A- COMPROMISO VECINAL","votos":19,"votosPorcentaje":100.0}]}],"valoresTotalizadosOtros":{"votosNulos":33,"votosNulosPorcentaje":0.16,"votosEnBlanco":1737,"votosEnBlancoPorcentaje":8.5,"votosRecurridosComandoImpugnados":14,"votosRecurridosComandoImpugnadosPorcentaje":0.06}}