{"fechaTotalizacion":"Aug 14, 2023, 5:27:40 AM","estadoRecuento":{"mesasEsperadas":61,"mesasTotalizadas":60,"mesasTotalizadasPorcentaje":98.36,"cantidadElectores":21007,"cantidadVotantes":15541,"participacionPorcentaje":73.98},"valoresTotalizadosPositivos":[{"idAgrupacion":"132","idAgrupacionTelegrama":"132","nombreAgrupacion":"JUNTOS POR EL CAMBIO","votos":5058,"votosPorcentaje":32.83,"listas":[{"idLista":"3008","nombreLista":"B- LA FUERZA DEL CAMBIO","votos":2604,"votosPorcentaje":51.48},{"idLista":"3007","nombreLista":"A- EL CAMBIO DE NUESTRAS VIDAS","votos":2454,"votosPorcentaje":48.51}]},{"idAgrupacion":"134","idAgrupacionTelegrama":"134","nombreAgrupacion":"UNION POR LA PATRIA","votos":4744,"votosPorcentaje":30.79,"listas":[{"idLista":"3005","nombreLista":"A- CELESTE Y BLANCA","votos":3365,"votosPorcentaje":70.93},{"idLista":"3006","nombreLista":"B- JUSTA Y SOBERANA","votos":1379,"votosPorcentaje":29.06}]},{"idAgrupacion":"135","idAgrupacionTelegrama":"135","nombreAgrupacion":"LA LIBERTAD AVANZA","votos":3508,"votosPorcentaje":22.77,"listas":[{"idLista":"3016","nombreLista":"A- LIBERTAD POR SIEMPRE","votos":3508,"votosPorcentaje":100.0}]},{"idAgrupacion":"136","idAgrupacionTelegrama":"136","nombreAgrupacion":"FRENTE DE IZQUIERDA Y DE TRABAJADORES - UNIDAD","votos":547,"votosPorcentaje":3.55,"listas":[{"idLista":"3009","nombreLista":"A- UNIR Y FORTALECER LA IZQUIERDA","votos":411,"votosPorcentaje":75.13},{"idLista":"3010","nombreLista":"B- UNIDAD DE LUCHADORES Y LA IZQUIERDA","votos":136,"votosPorcentaje":24.86}]},{"idAgrupacion":"133","idAgrupacionTelegrama":"133","nombreAgrupacion":"HACEMOS POR NUESTRO PAIS","votos":224,"votosPorcentaje":1.45,"listas":[{"idLista":"3001","nombreLista":"A- HACEMOS","votos":224,"votosPorcentaje":100.0}]},{"idAgrupacion":"137","idAgrupacionTelegrama":"137","nombreAgrupacion":"PRINCIPIOS Y VALORES","votos":139,"votosPorcentaje":0.9,"listas":[{"idLista":"3011","nombreLista":"1A- TIERRA, TECHO  Y TRABAJO","votos":139,"votosPorcentaje":100.0}]},{"idAgrupacion":"90","idAgrupacionTelegrama":"90","nombreAgrupacion":"MOVIMIENTO IZQUIERDA JUVENTUD Y DIGNIDAD","votos":66,"votosPorcentaje":0.42,"listas":[{"idLista":"3027","nombreLista":"B- CONFEDERAL","votos":50,"votosPorcentaje":75.75},{"idLista":"3026","nombreLista":"A- DIGNIDAD","votos":16,"votosPorcentaje":24.24}]},{"idAgrupacion":"40","idAgrupacionTelegrama":"40","nombreAgrupacion":"MOVIMIENTO LIBRES DEL SUR","votos":55,"votosPorcentaje":0.35,"listas":[{"idLista":"3019","nombreLista":"A- AZUL Y ROJO","votos":55,"votosPorcentaje":100.0}]},{"idAgrupacion":"13","idAgrupacionTelegrama":"13","nombreAgrupacion":"MOVIMIENTO AL SOCIALISMO","votos":54,"votosPorcentaje":0.35,"listas":[{"idLista":"3017","nombreLista":"A- IZQUIERDA ANTICAPITALISTA","votos":54,"votosPorcentaje":100.0}]},{"idAgrupacion":"92","idAgrupacionTelegrama":"92","nombreAgrupacion":"POLITICA OBRERA","votos":32,"votosPorcentaje":0.2,"listas":[{"idLista":"3020","nombreLista":"A- UNIDAD OBRERA","votos":32,"votosPorcentaje":100.0}]},{"idAgrupacion":"95","idAgrupacionTelegrama":"95","nombreAgrupacion":"FRENTE PATRIOTA FEDERAL","votos":20,"votosPorcentaje":0.12,"listas":[{"idLista":"3021","nombreLista":"A- PRIMERO LA PATRIA","votos":20,"votosPorcentaje":100.0}]},{"idAgrupacion":"131","idAgrupacionTelegrama":"131","nombreAgrupacion":"FRENTE LIBER.AR","votos":19,"votosPorcentaje":0.12,"listas":[{"idLista":"3003","nombreLista":"B- RECONQUISTA","votos":13,"votosPorcentaje":68.42},{"idLista":"3002","nombreLista":"A- DEMOS","votos":5,"votosPorcentaje":26.31},{"idLista":"3004","nombreLista":"C- ANTICORRUPCIÓN","votos":1,"votosPorcentaje":5.26}]},{"idAgrupacion":"94","idAgrupacionTelegrama":"94","nombreAgrupacion":"PROYECTO JOVEN","votos":14,"votosPorcentaje":0.09,"listas":[{"idLista":"3023","nombreLista":"B- PATRIA UNIDA","votos":8,"votosPorcentaje":57.14},{"idLista":"3022","nombreLista":"A- COALICION PAZ DEMOCRACIA SOBERANIA","votos":3,"votosPorcentaje":21.42},{"idLista":"3024","nombreLista":"C- TODEX","votos":3,"votosPorcentaje":21.42}]},{"idAgrupacion":"57","idAgrupacionTelegrama":"57","nombreAgrupacion":"MOVIMIENTO DE ACCION VECINAL","votos":12,"votosPorcentaje":0.07,"listas":[{"idLista":"3025","nombreLista":"A- COMPROMISO VECINAL","votos":12,"votosPorcentaje":100.0}]},{"idAgrupacion":"20","idAgrupacionTelegrama":"20","nombreAgrupacion":"UNION DEL CENTRO DEMOCRATICO","votos":12,"votosPorcentaje":0.07,"listas":[{"idLista":"3018","nombreLista":"A- APERTURA LIBERAL ARGENTINA","votos":12,"votosPorcentaje":100.0}]}],"valoresTotalizadosOtros":{"votosNulos":110,"votosNulosPorcentaje":0.7,"votosEnBlanco":900,"votosEnBlancoPorcentaje":5.79,"votosRecurridosComandoImpugnados":27,"votosRecurridosComandoImpugnadosPorcentaje":0.17}}