{"fechaTotalizacion":"Aug 14, 2023, 5:27:40 AM","estadoRecuento":{"mesasEsperadas":77,"mesasTotalizadas":76,"mesasTotalizadasPorcentaje":98.7,"cantidadElectores":26268,"cantidadVotantes":18953,"participacionPorcentaje":72.15},"valoresTotalizadosPositivos":[{"idAgrupacion":"134","idAgrupacionTelegrama":"134","nombreAgrupacion":"UNION POR LA PATRIA","votos":6469,"votosPorcentaje":34.39,"listas":[{"idLista":"3005","nombreLista":"A- CELESTE Y BLANCA","votos":4876,"votosPorcentaje":75.37},{"idLista":"3006","nombreLista":"B- JUSTA Y SOBERANA","votos":1593,"votosPorcentaje":24.62}]},{"idAgrupacion":"132","idAgrupacionTelegrama":"132","nombreAgrupacion":"JUNTOS POR EL CAMBIO","votos":5469,"votosPorcentaje":29.07,"listas":[{"idLista":"3008","nombreLista":"B- LA FUERZA DEL CAMBIO","votos":2756,"votosPorcentaje":50.39},{"idLista":"3007","nombreLista":"A- EL CAMBIO DE NUESTRAS VIDAS","votos":2713,"votosPorcentaje":49.6}]},{"idAgrupacion":"135","idAgrupacionTelegrama":"135","nombreAgrupacion":"LA LIBERTAD AVANZA","votos":4170,"votosPorcentaje":22.17,"listas":[{"idLista":"3016","nombreLista":"A- LIBERTAD POR SIEMPRE","votos":4170,"votosPorcentaje":100.0}]},{"idAgrupacion":"136","idAgrupacionTelegrama":"136","nombreAgrupacion":"FRENTE DE IZQUIERDA Y DE TRABAJADORES - UNIDAD","votos":707,"votosPorcentaje":3.75,"listas":[{"idLista":"3009","nombreLista":"A- UNIR Y FORTALECER LA IZQUIERDA","votos":513,"votosPorcentaje":72.56},{"idLista":"3010","nombreLista":"B- UNIDAD DE LUCHADORES Y LA IZQUIERDA","votos":194,"votosPorcentaje":27.43}]},{"idAgrupacion":"13","idAgrupacionTelegrama":"13","nombreAgrupacion":"MOVIMIENTO AL SOCIALISMO","votos":204,"votosPorcentaje":1.08,"listas":[{"idLista":"3017","nombreLista":"A- IZQUIERDA ANTICAPITALISTA","votos":204,"votosPorcentaje":100.0}]},{"idAgrupacion":"133","idAgrupacionTelegrama":"133","nombreAgrupacion":"HACEMOS POR NUESTRO PAIS","votos":164,"votosPorcentaje":0.87,"listas":[{"idLista":"3001","nombreLista":"A- HACEMOS","votos":164,"votosPorcentaje":100.0}]},{"idAgrupacion":"137","idAgrupacionTelegrama":"137","nombreAgrupacion":"PRINCIPIOS Y VALORES","votos":119,"votosPorcentaje":0.63,"listas":[{"idLista":"3011","nombreLista":"1A- TIERRA, TECHO  Y TRABAJO","votos":119,"votosPorcentaje":100.0}]},{"idAgrupacion":"90","idAgrupacionTelegrama":"90","nombreAgrupacion":"MOVIMIENTO IZQUIERDA JUVENTUD Y DIGNIDAD","votos":79,"votosPorcentaje":0.42,"listas":[{"idLista":"3027","nombreLista":"B- CONFEDERAL","votos":64,"votosPorcentaje":81.01},{"idLista":"3026","nombreLista":"A- DIGNIDAD","votos":15,"votosPorcentaje":18.98}]},{"idAgrupacion":"40","idAgrupacionTelegrama":"40","nombreAgrupacion":"MOVIMIENTO LIBRES DEL SUR","votos":69,"votosPorcentaje":0.36,"listas":[{"idLista":"3019","nombreLista":"A- AZUL Y ROJO","votos":69,"votosPorcentaje":100.0}]},{"idAgrupacion":"131","idAgrupacionTelegrama":"131","nombreAgrupacion":"FRENTE LIBER.AR","votos":47,"votosPorcentaje":0.24,"listas":[{"idLista":"3003","nombreLista":"B- RECONQUISTA","votos":24,"votosPorcentaje":51.06},{"idLista":"3002","nombreLista":"A- DEMOS","votos":22,"votosPorcentaje":46.8},{"idLista":"3004","nombreLista":"C- ANTICORRUPCIÓN","votos":1,"votosPorcentaje":2.12}]},{"idAgrupacion":"95","idAgrupacionTelegrama":"95","nombreAgrupacion":"FRENTE PATRIOTA FEDERAL","votos":45,"votosPorcentaje":0.23,"listas":[{"idLista":"3021","nombreLista":"A- PRIMERO LA PATRIA","votos":45,"votosPorcentaje":100.0}]},{"idAgrupacion":"92","idAgrupacionTelegrama":"92","nombreAgrupacion":"POLITICA OBRERA","votos":39,"votosPorcentaje":0.2,"listas":[{"idLista":"3020","nombreLista":"A- UNIDAD OBRERA","votos":39,"votosPorcentaje":100.0}]},{"idAgrupacion":"57","idAgrupacionTelegrama":"57","nombreAgrupacion":"MOVIMIENTO DE ACCION VECINAL","votos":19,"votosPorcentaje":0.1,"listas":[{"idLista":"3025","nombreLista":"A- COMPROMISO VECINAL","votos":19,"votosPorcentaje":100.0}]},{"idAgrupacion":"94","idAgrupacionTelegrama":"94","nombreAgrupacion":"PROYECTO JOVEN","votos":19,"votosPorcentaje":0.1,"listas":[{"idLista":"3024","nombreLista":"C- TODEX","votos":11,"votosPorcentaje":57.89},{"idLista":"3023","nombreLista":"B- PATRIA UNIDA","votos":7,"votosPorcentaje":36.84},{"idLista":"3022","nombreLista":"A- COALICION PAZ DEMOCRACIA SOBERANIA","votos":1,"votosPorcentaje":5.26}]},{"idAgrupacion":"20","idAgrupacionTelegrama":"20","nombreAgrupacion":"UNION DEL CENTRO DEMOCRATICO","votos":18,"votosPorcentaje":0.09,"listas":[{"idLista":"3018","nombreLista":"A- APERTURA LIBERAL ARGENTINA","votos":18,"votosPorcentaje":100.0}]}],"valoresTotalizadosOtros":{"votosNulos":94,"votosNulosPorcentaje":0.49,"votosEnBlanco":1172,"votosEnBlancoPorcentaje":6.18,"votosRecurridosComandoImpugnados":50,"votosRecurridosComandoImpugnadosPorcentaje":0.26}}