{"fechaTotalizacion":"Aug 14, 2023, 5:27:40 AM","estadoRecuento":{"mesasEsperadas":160,"mesasTotalizadas":141,"mesasTotalizadasPorcentaje":88.12,"cantidadElectores":49230,"cantidadVotantes":35055,"participacionPorcentaje":71.2},"valoresTotalizadosPositivos":[{"idAgrupacion":"134","idAgrupacionTelegrama":"134","nombreAgrupacion":"UNION POR LA PATRIA","votos":15730,"votosPorcentaje":45.24,"listas":[{"idLista":"3005","nombreLista":"A- CELESTE Y BLANCA","votos":11793,"votosPorcentaje":74.97},{"idLista":"3006","nombreLista":"B- JUSTA Y SOBERANA","votos":3937,"votosPorcentaje":25.02}]},{"idAgrupacion":"135","idAgrupacionTelegrama":"135","nombreAgrupacion":"LA LIBERTAD AVANZA","votos":7800,"votosPorcentaje":22.43,"listas":[{"idLista":"3016","nombreLista":"A- LIBERTAD POR SIEMPRE","votos":7800,"votosPorcentaje":100.0}]},{"idAgrupacion":"132","idAgrupacionTelegrama":"132","nombreAgrupacion":"JUNTOS POR EL CAMBIO","votos":6093,"votosPorcentaje":17.52,"listas":[{"idLista":"3008","nombreLista":"B- LA FUERZA DEL CAMBIO","votos":3103,"votosPorcentaje":50.92},{"idLista":"3007","nombreLista":"A- EL CAMBIO DE NUESTRAS VIDAS","votos":2990,"votosPorcentaje":49.07}]},{"idAgrupacion":"136","idAgrupacionTelegrama":"136","nombreAgrupacion":"FRENTE DE IZQUIERDA Y DE TRABAJADORES - UNIDAD","votos":1167,"votosPorcentaje":3.35,"listas":[{"idLista":"3009","nombreLista":"A- UNIR Y FORTALECER LA IZQUIERDA","votos":800,"votosPorcentaje":68.55},{"idLista":"3010","nombreLista":"B- UNIDAD DE LUCHADORES Y LA IZQUIERDA","votos":367,"votosPorcentaje":31.44}]},{"idAgrupacion":"133","idAgrupacionTelegrama":"133","nombreAgrupacion":"HACEMOS POR NUESTRO PAIS","votos":256,"votosPorcentaje":0.73,"listas":[{"idLista":"3001","nombreLista":"A- HACEMOS","votos":256,"votosPorcentaje":100.0}]},{"idAgrupacion":"137","idAgrupacionTelegrama":"137","nombreAgrupacion":"PRINCIPIOS Y VALORES","votos":249,"votosPorcentaje":0.71,"listas":[{"idLista":"3011","nombreLista":"1A- TIERRA, TECHO  Y TRABAJO","votos":249,"votosPorcentaje":100.0}]},{"idAgrupacion":"40","idAgrupacionTelegrama":"40","nombreAgrupacion":"MOVIMIENTO LIBRES DEL SUR","votos":181,"votosPorcentaje":0.52,"listas":[{"idLista":"3019","nombreLista":"A- AZUL Y ROJO","votos":181,"votosPorcentaje":100.0}]},{"idAgrupacion":"90","idAgrupacionTelegrama":"90","nombreAgrupacion":"MOVIMIENTO IZQUIERDA JUVENTUD Y DIGNIDAD","votos":121,"votosPorcentaje":0.34,"listas":[{"idLista":"3027","nombreLista":"B- CONFEDERAL","votos":82,"votosPorcentaje":67.76},{"idLista":"3026","nombreLista":"A- DIGNIDAD","votos":39,"votosPorcentaje":32.23}]},{"idAgrupacion":"13","idAgrupacionTelegrama":"13","nombreAgrupacion":"MOVIMIENTO AL SOCIALISMO","votos":114,"votosPorcentaje":0.32,"listas":[{"idLista":"3017","nombreLista":"A- IZQUIERDA ANTICAPITALISTA","votos":114,"votosPorcentaje":100.0}]},{"idAgrupacion":"131","idAgrupacionTelegrama":"131","nombreAgrupacion":"FRENTE LIBER.AR","votos":91,"votosPorcentaje":0.26,"listas":[{"idLista":"3003","nombreLista":"B- RECONQUISTA","votos":50,"votosPorcentaje":54.94},{"idLista":"3002","nombreLista":"A- DEMOS","votos":35,"votosPorcentaje":38.46},{"idLista":"3004","nombreLista":"C- ANTICORRUPCIÓN","votos":6,"votosPorcentaje":6.59}]},{"idAgrupacion":"92","idAgrupacionTelegrama":"92","nombreAgrupacion":"POLITICA OBRERA","votos":69,"votosPorcentaje":0.19,"listas":[{"idLista":"3020","nombreLista":"A- UNIDAD OBRERA","votos":69,"votosPorcentaje":100.0}]},{"idAgrupacion":"94","idAgrupacionTelegrama":"94","nombreAgrupacion":"PROYECTO JOVEN","votos":69,"votosPorcentaje":0.19,"listas":[{"idLista":"3023","nombreLista":"B- PATRIA UNIDA","votos":32,"votosPorcentaje":46.37},{"idLista":"3024","nombreLista":"C- TODEX","votos":28,"votosPorcentaje":40.57},{"idLista":"3022","nombreLista":"A- COALICION PAZ DEMOCRACIA SOBERANIA","votos":9,"votosPorcentaje":13.04}]},{"idAgrupacion":"95","idAgrupacionTelegrama":"95","nombreAgrupacion":"FRENTE PATRIOTA FEDERAL","votos":68,"votosPorcentaje":0.19,"listas":[{"idLista":"3021","nombreLista":"A- PRIMERO LA PATRIA","votos":68,"votosPorcentaje":100.0}]},{"idAgrupacion":"20","idAgrupacionTelegrama":"20","nombreAgrupacion":"UNION DEL CENTRO DEMOCRATICO","votos":49,"votosPorcentaje":0.14,"listas":[{"idLista":"3018","nombreLista":"A- APERTURA LIBERAL ARGENTINA","votos":49,"votosPorcentaje":100.0}]},{"idAgrupacion":"57","idAgrupacionTelegrama":"57","nombreAgrupacion":"MOVIMIENTO DE ACCION VECINAL","votos":18,"votosPorcentaje":0.05,"listas":[{"idLista":"3025","nombreLista":"A- COMPROMISO VECINAL","votos":18,"votosPorcentaje":100.0}]}],"valoresTotalizadosOtros":{"votosNulos":213,"votosNulosPorcentaje":0.6,"votosEnBlanco":2688,"votosEnBlancoPorcentaje":7.66,"votosRecurridosComandoImpugnados":79,"votosRecurridosComandoImpugnadosPorcentaje":0.22}}