{"fechaTotalizacion":"Aug 14, 2023, 5:27:40 AM","estadoRecuento":{"mesasEsperadas":49,"mesasTotalizadas":48,"mesasTotalizadasPorcentaje":97.95,"cantidadElectores":16702,"cantidadVotantes":12020,"participacionPorcentaje":71.96},"valoresTotalizadosPositivos":[{"idAgrupacion":"132","idAgrupacionTelegrama":"132","nombreAgrupacion":"JUNTOS POR EL CAMBIO","votos":4443,"votosPorcentaje":37.28,"listas":[{"idLista":"3008","nombreLista":"B- LA FUERZA DEL CAMBIO","votos":2333,"votosPorcentaje":52.5},{"idLista":"3007","nombreLista":"A- EL CAMBIO DE NUESTRAS VIDAS","votos":2110,"votosPorcentaje":47.49}]},{"idAgrupacion":"134","idAgrupacionTelegrama":"134","nombreAgrupacion":"UNION POR LA PATRIA","votos":3583,"votosPorcentaje":30.07,"listas":[{"idLista":"3005","nombreLista":"A- CELESTE Y BLANCA","votos":2473,"votosPorcentaje":69.02},{"idLista":"3006","nombreLista":"B- JUSTA Y SOBERANA","votos":1110,"votosPorcentaje":30.97}]},{"idAgrupacion":"135","idAgrupacionTelegrama":"135","nombreAgrupacion":"LA LIBERTAD AVANZA","votos":2369,"votosPorcentaje":19.88,"listas":[{"idLista":"3016","nombreLista":"A- LIBERTAD POR SIEMPRE","votos":2369,"votosPorcentaje":100.0}]},{"idAgrupacion":"136","idAgrupacionTelegrama":"136","nombreAgrupacion":"FRENTE DE IZQUIERDA Y DE TRABAJADORES - UNIDAD","votos":402,"votosPorcentaje":3.37,"listas":[{"idLista":"3009","nombreLista":"A- UNIR Y FORTALECER LA IZQUIERDA","votos":289,"votosPorcentaje":71.89},{"idLista":"3010","nombreLista":"B- UNIDAD DE LUCHADORES Y LA IZQUIERDA","votos":113,"votosPorcentaje":28.1}]},{"idAgrupacion":"137","idAgrupacionTelegrama":"137","nombreAgrupacion":"PRINCIPIOS Y VALORES","votos":121,"votosPorcentaje":1.01,"listas":[{"idLista":"3011","nombreLista":"1A- TIERRA, TECHO  Y TRABAJO","votos":121,"votosPorcentaje":100.0}]},{"idAgrupacion":"133","idAgrupacionTelegrama":"133","nombreAgrupacion":"HACEMOS POR NUESTRO PAIS","votos":96,"votosPorcentaje":0.8,"listas":[{"idLista":"3001","nombreLista":"A- HACEMOS","votos":96,"votosPorcentaje":100.0}]},{"idAgrupacion":"40","idAgrupacionTelegrama":"40","nombreAgrupacion":"MOVIMIENTO LIBRES DEL SUR","votos":44,"votosPorcentaje":0.36,"listas":[{"idLista":"3019","nombreLista":"A- AZUL Y ROJO","votos":44,"votosPorcentaje":100.0}]},{"idAgrupacion":"13","idAgrupacionTelegrama":"13","nombreAgrupacion":"MOVIMIENTO AL SOCIALISMO","votos":43,"votosPorcentaje":0.36,"listas":[{"idLista":"3017","nombreLista":"A- IZQUIERDA ANTICAPITALISTA","votos":43,"votosPorcentaje":100.0}]},{"idAgrupacion":"90","idAgrupacionTelegrama":"90","nombreAgrupacion":"MOVIMIENTO IZQUIERDA JUVENTUD Y DIGNIDAD","votos":40,"votosPorcentaje":0.33,"listas":[{"idLista":"3027","nombreLista":"B- CONFEDERAL","votos":31,"votosPorcentaje":77.5},{"idLista":"3026","nombreLista":"A- DIGNIDAD","votos":9,"votosPorcentaje":22.5}]},{"idAgrupacion":"92","idAgrupacionTelegrama":"92","nombreAgrupacion":"POLITICA OBRERA","votos":32,"votosPorcentaje":0.26,"listas":[{"idLista":"3020","nombreLista":"A- UNIDAD OBRERA","votos":32,"votosPorcentaje":100.0}]},{"idAgrupacion":"95","idAgrupacionTelegrama":"95","nombreAgrupacion":"FRENTE PATRIOTA FEDERAL","votos":22,"votosPorcentaje":0.18,"listas":[{"idLista":"3021","nombreLista":"A- PRIMERO LA PATRIA","votos":22,"votosPorcentaje":100.0}]},{"idAgrupacion":"131","idAgrupacionTelegrama":"131","nombreAgrupacion":"FRENTE LIBER.AR","votos":21,"votosPorcentaje":0.17,"listas":[{"idLista":"3003","nombreLista":"B- RECONQUISTA","votos":16,"votosPorcentaje":76.19},{"idLista":"3002","nombreLista":"A- DEMOS","votos":4,"votosPorcentaje":19.04},{"idLista":"3004","nombreLista":"C- ANTICORRUPCIÓN","votos":1,"votosPorcentaje":4.76}]},{"idAgrupacion":"20","idAgrupacionTelegrama":"20","nombreAgrupacion":"UNION DEL CENTRO DEMOCRATICO","votos":17,"votosPorcentaje":0.14,"listas":[{"idLista":"3018","nombreLista":"A- APERTURA LIBERAL ARGENTINA","votos":17,"votosPorcentaje":100.0}]},{"idAgrupacion":"94","idAgrupacionTelegrama":"94","nombreAgrupacion":"PROYECTO JOVEN","votos":14,"votosPorcentaje":0.11,"listas":[{"idLista":"3023","nombreLista":"B- PATRIA UNIDA","votos":7,"votosPorcentaje":50.0},{"idLista":"3024","nombreLista":"C- TODEX","votos":6,"votosPorcentaje":42.85},{"idLista":"3022","nombreLista":"A- COALICION PAZ DEMOCRACIA SOBERANIA","votos":1,"votosPorcentaje":7.14}]},{"idAgrupacion":"57","idAgrupacionTelegrama":"57","nombreAgrupacion":"MOVIMIENTO DE ACCION VECINAL","votos":6,"votosPorcentaje":0.05,"listas":[{"idLista":"3025","nombreLista":"A- COMPROMISO VECINAL","votos":6,"votosPorcentaje":100.0}]}],"valoresTotalizadosOtros":{"votosNulos":82,"votosNulosPorcentaje":0.68,"votosEnBlanco":662,"votosEnBlancoPorcentaje":5.5,"votosRecurridosComandoImpugnados":23,"votosRecurridosComandoImpugnadosPorcentaje":0.19}}