{"fechaTotalizacion":"Aug 14, 2023, 5:27:40 AM","estadoRecuento":{"mesasEsperadas":95,"mesasTotalizadas":93,"mesasTotalizadasPorcentaje":97.89,"cantidadElectores":32373,"cantidadVotantes":21613,"participacionPorcentaje":66.76},"valoresTotalizadosPositivos":[{"idAgrupacion":"134","idAgrupacionTelegrama":"134","nombreAgrupacion":"UNION POR LA PATRIA","votos":10259,"votosPorcentaje":47.75,"listas":[{"idLista":"3005","nombreLista":"A- CELESTE Y BLANCA","votos":7754,"votosPorcentaje":75.58},{"idLista":"3006","nombreLista":"B- JUSTA Y SOBERANA","votos":2505,"votosPorcentaje":24.41}]},{"idAgrupacion":"135","idAgrupacionTelegrama":"135","nombreAgrupacion":"LA LIBERTAD AVANZA","votos":4559,"votosPorcentaje":21.22,"listas":[{"idLista":"3016","nombreLista":"A- LIBERTAD POR SIEMPRE","votos":4559,"votosPorcentaje":100.0}]},{"idAgrupacion":"132","idAgrupacionTelegrama":"132","nombreAgrupacion":"JUNTOS POR EL CAMBIO","votos":3165,"votosPorcentaje":14.73,"listas":[{"idLista":"3007","nombreLista":"A- EL CAMBIO DE NUESTRAS VIDAS","votos":1611,"votosPorcentaje":50.9},{"idLista":"3008","nombreLista":"B- LA FUERZA DEL CAMBIO","votos":1554,"votosPorcentaje":49.09}]},{"idAgrupacion":"136","idAgrupacionTelegrama":"136","nombreAgrupacion":"FRENTE DE IZQUIERDA Y DE TRABAJADORES - UNIDAD","votos":739,"votosPorcentaje":3.43,"listas":[{"idLista":"3009","nombreLista":"A- UNIR Y FORTALECER LA IZQUIERDA","votos":479,"votosPorcentaje":64.81},{"idLista":"3010","nombreLista":"B- UNIDAD DE LUCHADORES Y LA IZQUIERDA","votos":260,"votosPorcentaje":35.18}]},{"idAgrupacion":"40","idAgrupacionTelegrama":"40","nombreAgrupacion":"MOVIMIENTO LIBRES DEL SUR","votos":188,"votosPorcentaje":0.87,"listas":[{"idLista":"3019","nombreLista":"A- AZUL Y ROJO","votos":188,"votosPorcentaje":100.0}]},{"idAgrupacion":"133","idAgrupacionTelegrama":"133","nombreAgrupacion":"HACEMOS POR NUESTRO PAIS","votos":170,"votosPorcentaje":0.79,"listas":[{"idLista":"3001","nombreLista":"A- HACEMOS","votos":170,"votosPorcentaje":100.0}]},{"idAgrupacion":"137","idAgrupacionTelegrama":"137","nombreAgrupacion":"PRINCIPIOS Y VALORES","votos":147,"votosPorcentaje":0.68,"listas":[{"idLista":"3011","nombreLista":"1A- TIERRA, TECHO  Y TRABAJO","votos":147,"votosPorcentaje":100.0}]},{"idAgrupacion":"13","idAgrupacionTelegrama":"13","nombreAgrupacion":"MOVIMIENTO AL SOCIALISMO","votos":81,"votosPorcentaje":0.37,"listas":[{"idLista":"3017","nombreLista":"A- IZQUIERDA ANTICAPITALISTA","votos":81,"votosPorcentaje":100.0}]},{"idAgrupacion":"90","idAgrupacionTelegrama":"90","nombreAgrupacion":"MOVIMIENTO IZQUIERDA JUVENTUD Y DIGNIDAD","votos":75,"votosPorcentaje":0.34,"listas":[{"idLista":"3027","nombreLista":"B- CONFEDERAL","votos":46,"votosPorcentaje":61.33},{"idLista":"3026","nombreLista":"A- DIGNIDAD","votos":29,"votosPorcentaje":38.66}]},{"idAgrupacion":"131","idAgrupacionTelegrama":"131","nombreAgrupacion":"FRENTE LIBER.AR","votos":66,"votosPorcentaje":0.3,"listas":[{"idLista":"3003","nombreLista":"B- RECONQUISTA","votos":42,"votosPorcentaje":63.63},{"idLista":"3002","nombreLista":"A- DEMOS","votos":17,"votosPorcentaje":25.75},{"idLista":"3004","nombreLista":"C- ANTICORRUPCIÓN","votos":7,"votosPorcentaje":10.6}]},{"idAgrupacion":"92","idAgrupacionTelegrama":"92","nombreAgrupacion":"POLITICA OBRERA","votos":56,"votosPorcentaje":0.26,"listas":[{"idLista":"3020","nombreLista":"A- UNIDAD OBRERA","votos":56,"votosPorcentaje":100.0}]},{"idAgrupacion":"95","idAgrupacionTelegrama":"95","nombreAgrupacion":"FRENTE PATRIOTA FEDERAL","votos":49,"votosPorcentaje":0.22,"listas":[{"idLista":"3021","nombreLista":"A- PRIMERO LA PATRIA","votos":49,"votosPorcentaje":100.0}]},{"idAgrupacion":"94","idAgrupacionTelegrama":"94","nombreAgrupacion":"PROYECTO JOVEN","votos":44,"votosPorcentaje":0.2,"listas":[{"idLista":"3023","nombreLista":"B- PATRIA UNIDA","votos":28,"votosPorcentaje":63.63},{"idLista":"3024","nombreLista":"C- TODEX","votos":13,"votosPorcentaje":29.54},{"idLista":"3022","nombreLista":"A- COALICION PAZ DEMOCRACIA SOBERANIA","votos":3,"votosPorcentaje":6.81}]},{"idAgrupacion":"20","idAgrupacionTelegrama":"20","nombreAgrupacion":"UNION DEL CENTRO DEMOCRATICO","votos":22,"votosPorcentaje":0.1,"listas":[{"idLista":"3018","nombreLista":"A- APERTURA LIBERAL ARGENTINA","votos":22,"votosPorcentaje":100.0}]},{"idAgrupacion":"57","idAgrupacionTelegrama":"57","nombreAgrupacion":"MOVIMIENTO DE ACCION VECINAL","votos":19,"votosPorcentaje":0.08,"listas":[{"idLista":"3025","nombreLista":"A- COMPROMISO VECINAL","votos":19,"votosPorcentaje":100.0}]}],"valoresTotalizadosOtros":{"votosNulos":56,"votosNulosPorcentaje":0.25,"votosEnBlanco":1844,"votosEnBlancoPorcentaje":8.53,"votosRecurridosComandoImpugnados":74,"votosRecurridosComandoImpugnadosPorcentaje":0.34}}