{"fechaTotalizacion":"Aug 14, 2023, 5:27:40 AM","estadoRecuento":{"mesasEsperadas":94,"mesasTotalizadas":86,"mesasTotalizadasPorcentaje":91.48,"cantidadElectores":30010,"cantidadVotantes":21316,"participacionPorcentaje":71.02},"valoresTotalizadosPositivos":[{"idAgrupacion":"134","idAgrupacionTelegrama":"134","nombreAgrupacion":"UNION POR LA PATRIA","votos":10712,"votosPorcentaje":50.39,"listas":[{"idLista":"3005","nombreLista":"A- CELESTE Y BLANCA","votos":7804,"votosPorcentaje":72.85},{"idLista":"3006","nombreLista":"B- JUSTA Y SOBERANA","votos":2908,"votosPorcentaje":27.14}]},{"idAgrupacion":"135","idAgrupacionTelegrama":"135","nombreAgrupacion":"LA LIBERTAD AVANZA","votos":4241,"votosPorcentaje":19.95,"listas":[{"idLista":"3016","nombreLista":"A- LIBERTAD POR SIEMPRE","votos":4241,"votosPorcentaje":100.0}]},{"idAgrupacion":"132","idAgrupacionTelegrama":"132","nombreAgrupacion":"JUNTOS POR EL CAMBIO","votos":2829,"votosPorcentaje":13.3,"listas":[{"idLista":"3007","nombreLista":"A- EL CAMBIO DE NUESTRAS VIDAS","votos":1544,"votosPorcentaje":54.57},{"idLista":"3008","nombreLista":"B- LA FUERZA DEL CAMBIO","votos":1285,"votosPorcentaje":45.42}]},{"idAgrupacion":"136","idAgrupacionTelegrama":"136","nombreAgrupacion":"FRENTE DE IZQUIERDA Y DE TRABAJADORES - UNIDAD","votos":716,"votosPorcentaje":3.36,"listas":[{"idLista":"3009","nombreLista":"A- UNIR Y FORTALECER LA IZQUIERDA","votos":482,"votosPorcentaje":67.31},{"idLista":"3010","nombreLista":"B- UNIDAD DE LUCHADORES Y LA IZQUIERDA","votos":234,"votosPorcentaje":32.68}]},{"idAgrupacion":"133","idAgrupacionTelegrama":"133","nombreAgrupacion":"HACEMOS POR NUESTRO PAIS","votos":237,"votosPorcentaje":1.11,"listas":[{"idLista":"3001","nombreLista":"A- HACEMOS","votos":237,"votosPorcentaje":100.0}]},{"idAgrupacion":"40","idAgrupacionTelegrama":"40","nombreAgrupacion":"MOVIMIENTO LIBRES DEL SUR","votos":168,"votosPorcentaje":0.79,"listas":[{"idLista":"3019","nombreLista":"A- AZUL Y ROJO","votos":168,"votosPorcentaje":100.0}]},{"idAgrupacion":"137","idAgrupacionTelegrama":"137","nombreAgrupacion":"PRINCIPIOS Y VALORES","votos":127,"votosPorcentaje":0.59,"listas":[{"idLista":"3011","nombreLista":"1A- TIERRA, TECHO  Y TRABAJO","votos":127,"votosPorcentaje":100.0}]},{"idAgrupacion":"131","idAgrupacionTelegrama":"131","nombreAgrupacion":"FRENTE LIBER.AR","votos":77,"votosPorcentaje":0.36,"listas":[{"idLista":"3003","nombreLista":"B- RECONQUISTA","votos":56,"votosPorcentaje":72.72},{"idLista":"3002","nombreLista":"A- DEMOS","votos":19,"votosPorcentaje":24.67},{"idLista":"3004","nombreLista":"C- ANTICORRUPCIÓN","votos":2,"votosPorcentaje":2.59}]},{"idAgrupacion":"90","idAgrupacionTelegrama":"90","nombreAgrupacion":"MOVIMIENTO IZQUIERDA JUVENTUD Y DIGNIDAD","votos":68,"votosPorcentaje":0.31,"listas":[{"idLista":"3027","nombreLista":"B- CONFEDERAL","votos":37,"votosPorcentaje":54.41},{"idLista":"3026","nombreLista":"A- DIGNIDAD","votos":31,"votosPorcentaje":45.58}]},{"idAgrupacion":"13","idAgrupacionTelegrama":"13","nombreAgrupacion":"MOVIMIENTO AL SOCIALISMO","votos":52,"votosPorcentaje":0.24,"listas":[{"idLista":"3017","nombreLista":"A- IZQUIERDA ANTICAPITALISTA","votos":52,"votosPorcentaje":100.0}]},{"idAgrupacion":"94","idAgrupacionTelegrama":"94","nombreAgrupacion":"PROYECTO JOVEN","votos":41,"votosPorcentaje":0.19,"listas":[{"idLista":"3023","nombreLista":"B- PATRIA UNIDA","votos":18,"votosPorcentaje":43.9},{"idLista":"3024","nombreLista":"C- TODEX","votos":14,"votosPorcentaje":34.14},{"idLista":"3022","nombreLista":"A- COALICION PAZ DEMOCRACIA SOBERANIA","votos":9,"votosPorcentaje":21.95}]},{"idAgrupacion":"92","idAgrupacionTelegrama":"92","nombreAgrupacion":"POLITICA OBRERA","votos":31,"votosPorcentaje":0.14,"listas":[{"idLista":"3020","nombreLista":"A- UNIDAD OBRERA","votos":31,"votosPorcentaje":100.0}]},{"idAgrupacion":"20","idAgrupacionTelegrama":"20","nombreAgrupacion":"UNION DEL CENTRO DEMOCRATICO","votos":31,"votosPorcentaje":0.14,"listas":[{"idLista":"3018","nombreLista":"A- APERTURA LIBERAL ARGENTINA","votos":31,"votosPorcentaje":100.0}]},{"idAgrupacion":"95","idAgrupacionTelegrama":"95","nombreAgrupacion":"FRENTE PATRIOTA FEDERAL","votos":30,"votosPorcentaje":0.14,"listas":[{"idLista":"3021","nombreLista":"A- PRIMERO LA PATRIA","votos":30,"votosPorcentaje":100.0}]},{"idAgrupacion":"57","idAgrupacionTelegrama":"57","nombreAgrupacion":"MOVIMIENTO DE ACCION VECINAL","votos":15,"votosPorcentaje":0.07,"listas":[{"idLista":"3025","nombreLista":"A- COMPROMISO VECINAL","votos":15,"votosPorcentaje":100.0}]}],"valoresTotalizadosOtros":{"votosNulos":50,"votosNulosPorcentaje":0.23,"votosEnBlanco":1880,"votosEnBlancoPorcentaje":8.81,"votosRecurridosComandoImpugnados":11,"votosRecurridosComandoImpugnadosPorcentaje":0.05}}