{"fechaTotalizacion":"Aug 14, 2023, 5:27:40 AM","estadoRecuento":{"mesasEsperadas":115,"mesasTotalizadas":112,"mesasTotalizadasPorcentaje":97.39,"cantidadElectores":38943,"cantidadVotantes":28062,"participacionPorcentaje":72.05},"valoresTotalizadosPositivos":[{"idAgrupacion":"132","idAgrupacionTelegrama":"132","nombreAgrupacion":"JUNTOS POR EL CAMBIO","votos":11111,"votosPorcentaje":39.95,"listas":[{"idLista":"3008","nombreLista":"B- LA FUERZA DEL CAMBIO","votos":5749,"votosPorcentaje":51.74},{"idLista":"3007","nombreLista":"A- EL CAMBIO DE NUESTRAS VIDAS","votos":5362,"votosPorcentaje":48.25}]},{"idAgrupacion":"134","idAgrupacionTelegrama":"134","nombreAgrupacion":"UNION POR LA PATRIA","votos":7595,"votosPorcentaje":27.31,"listas":[{"idLista":"3005","nombreLista":"A- CELESTE Y BLANCA","votos":5381,"votosPorcentaje":70.84},{"idLista":"3006","nombreLista":"B- JUSTA Y SOBERANA","votos":2214,"votosPorcentaje":29.15}]},{"idAgrupacion":"135","idAgrupacionTelegrama":"135","nombreAgrupacion":"LA LIBERTAD AVANZA","votos":5579,"votosPorcentaje":20.06,"listas":[{"idLista":"3016","nombreLista":"A- LIBERTAD POR SIEMPRE","votos":5579,"votosPorcentaje":100.0}]},{"idAgrupacion":"136","idAgrupacionTelegrama":"136","nombreAgrupacion":"FRENTE DE IZQUIERDA Y DE TRABAJADORES - UNIDAD","votos":1136,"votosPorcentaje":4.08,"listas":[{"idLista":"3009","nombreLista":"A- UNIR Y FORTALECER LA IZQUIERDA","votos":884,"votosPorcentaje":77.81},{"idLista":"3010","nombreLista":"B- UNIDAD DE LUCHADORES Y LA IZQUIERDA","votos":252,"votosPorcentaje":22.18}]},{"idAgrupacion":"133","idAgrupacionTelegrama":"133","nombreAgrupacion":"HACEMOS POR NUESTRO PAIS","votos":281,"votosPorcentaje":1.01,"listas":[{"idLista":"3001","nombreLista":"A- HACEMOS","votos":281,"votosPorcentaje":100.0}]},{"idAgrupacion":"137","idAgrupacionTelegrama":"137","nombreAgrupacion":"PRINCIPIOS Y VALORES","votos":275,"votosPorcentaje":0.98,"listas":[{"idLista":"3011","nombreLista":"1A- TIERRA, TECHO  Y TRABAJO","votos":275,"votosPorcentaje":100.0}]},{"idAgrupacion":"90","idAgrupacionTelegrama":"90","nombreAgrupacion":"MOVIMIENTO IZQUIERDA JUVENTUD Y DIGNIDAD","votos":126,"votosPorcentaje":0.45,"listas":[{"idLista":"3027","nombreLista":"B- CONFEDERAL","votos":107,"votosPorcentaje":84.92},{"idLista":"3026","nombreLista":"A- DIGNIDAD","votos":19,"votosPorcentaje":15.07}]},{"idAgrupacion":"13","idAgrupacionTelegrama":"13","nombreAgrupacion":"MOVIMIENTO AL SOCIALISMO","votos":123,"votosPorcentaje":0.44,"listas":[{"idLista":"3017","nombreLista":"A- IZQUIERDA ANTICAPITALISTA","votos":123,"votosPorcentaje":100.0}]},{"idAgrupacion":"40","idAgrupacionTelegrama":"40","nombreAgrupacion":"MOVIMIENTO LIBRES DEL SUR","votos":86,"votosPorcentaje":0.3,"listas":[{"idLista":"3019","nombreLista":"A- AZUL Y ROJO","votos":86,"votosPorcentaje":100.0}]},{"idAgrupacion":"92","idAgrupacionTelegrama":"92","nombreAgrupacion":"POLITICA OBRERA","votos":56,"votosPorcentaje":0.2,"listas":[{"idLista":"3020","nombreLista":"A- UNIDAD OBRERA","votos":56,"votosPorcentaje":100.0}]},{"idAgrupacion":"95","idAgrupacionTelegrama":"95","nombreAgrupacion":"FRENTE PATRIOTA FEDERAL","votos":49,"votosPorcentaje":0.17,"listas":[{"idLista":"3021","nombreLista":"A- PRIMERO LA PATRIA","votos":49,"votosPorcentaje":100.0}]},{"idAgrupacion":"94","idAgrupacionTelegrama":"94","nombreAgrupacion":"PROYECTO JOVEN","votos":28,"votosPorcentaje":0.1,"listas":[{"idLista":"3024","nombreLista":"C- TODEX","votos":13,"votosPorcentaje":46.42},{"idLista":"3023","nombreLista":"B- PATRIA UNIDA","votos":12,"votosPorcentaje":42.85},{"idLista":"3022","nombreLista":"A- COALICION PAZ DEMOCRACIA SOBERANIA","votos":3,"votosPorcentaje":10.71}]},{"idAgrupacion":"131","idAgrupacionTelegrama":"131","nombreAgrupacion":"FRENTE LIBER.AR","votos":27,"votosPorcentaje":0.09,"listas":[{"idLista":"3003","nombreLista":"B- RECONQUISTA","votos":14,"votosPorcentaje":51.85},{"idLista":"3002","nombreLista":"A- DEMOS","votos":11,"votosPorcentaje":40.74},{"idLista":"3004","nombreLista":"C- ANTICORRUPCIÓN","votos":2,"votosPorcentaje":7.4}]},{"idAgrupacion":"20","idAgrupacionTelegrama":"20","nombreAgrupacion":"UNION DEL CENTRO DEMOCRATICO","votos":25,"votosPorcentaje":0.08,"listas":[{"idLista":"3018","nombreLista":"A- APERTURA LIBERAL ARGENTINA","votos":25,"votosPorcentaje":100.0}]},{"idAgrupacion":"57","idAgrupacionTelegrama":"57","nombreAgrupacion":"MOVIMIENTO DE ACCION VECINAL","votos":23,"votosPorcentaje":0.08,"listas":[{"idLista":"3025","nombreLista":"A- COMPROMISO VECINAL","votos":23,"votosPorcentaje":100.0}]}],"valoresTotalizadosOtros":{"votosNulos":226,"votosNulosPorcentaje":0.8,"votosEnBlanco":1288,"votosEnBlancoPorcentaje":4.58,"votosRecurridosComandoImpugnados":28,"votosRecurridosComandoImpugnadosPorcentaje":0.09}}