{"fechaTotalizacion":"Aug 14, 2023, 5:27:40 AM","estadoRecuento":{"mesasEsperadas":53,"mesasTotalizadas":52,"mesasTotalizadasPorcentaje":98.11,"cantidadElectores":17850,"cantidadVotantes":11752,"participacionPorcentaje":65.83},"valoresTotalizadosPositivos":[{"idAgrupacion":"134","idAgrupacionTelegrama":"134","nombreAgrupacion":"UNION POR LA PATRIA","votos":4487,"votosPorcentaje":38.61,"listas":[{"idLista":"3005","nombreLista":"A- CELESTE Y BLANCA","votos":3263,"votosPorcentaje":72.72},{"idLista":"3006","nombreLista":"B- JUSTA Y SOBERANA","votos":1224,"votosPorcentaje":27.27}]},{"idAgrupacion":"132","idAgrupacionTelegrama":"132","nombreAgrupacion":"JUNTOS POR EL CAMBIO","votos":2731,"votosPorcentaje":23.5,"listas":[{"idLista":"3007","nombreLista":"A- EL CAMBIO DE NUESTRAS VIDAS","votos":1795,"votosPorcentaje":65.72},{"idLista":"3008","nombreLista":"B- LA FUERZA DEL CAMBIO","votos":936,"votosPorcentaje":34.27}]},{"idAgrupacion":"135","idAgrupacionTelegrama":"135","nombreAgrupacion":"LA LIBERTAD AVANZA","votos":2357,"votosPorcentaje":20.28,"listas":[{"idLista":"3016","nombreLista":"A- LIBERTAD POR SIEMPRE","votos":2357,"votosPorcentaje":100.0}]},{"idAgrupacion":"136","idAgrupacionTelegrama":"136","nombreAgrupacion":"FRENTE DE IZQUIERDA Y DE TRABAJADORES - UNIDAD","votos":288,"votosPorcentaje":2.47,"listas":[{"idLista":"3009","nombreLista":"A- UNIR Y FORTALECER LA IZQUIERDA","votos":204,"votosPorcentaje":70.83},{"idLista":"3010","nombreLista":"B- UNIDAD DE LUCHADORES Y LA IZQUIERDA","votos":84,"votosPorcentaje":29.16}]},{"idAgrupacion":"133","idAgrupacionTelegrama":"133","nombreAgrupacion":"HACEMOS POR NUESTRO PAIS","votos":90,"votosPorcentaje":0.77,"listas":[{"idLista":"3001","nombreLista":"A- HACEMOS","votos":90,"votosPorcentaje":100.0}]},{"idAgrupacion":"137","idAgrupacionTelegrama":"137","nombreAgrupacion":"PRINCIPIOS Y VALORES","votos":70,"votosPorcentaje":0.6,"listas":[{"idLista":"3011","nombreLista":"1A- TIERRA, TECHO  Y TRABAJO","votos":70,"votosPorcentaje":100.0}]},{"idAgrupacion":"40","idAgrupacionTelegrama":"40","nombreAgrupacion":"MOVIMIENTO LIBRES DEL SUR","votos":66,"votosPorcentaje":0.56,"listas":[{"idLista":"3019","nombreLista":"A- AZUL Y ROJO","votos":66,"votosPorcentaje":100.0}]},{"idAgrupacion":"20","idAgrupacionTelegrama":"20","nombreAgrupacion":"UNION DEL CENTRO DEMOCRATICO","votos":53,"votosPorcentaje":0.45,"listas":[{"idLista":"3018","nombreLista":"A- APERTURA LIBERAL ARGENTINA","votos":53,"votosPorcentaje":100.0}]},{"idAgrupacion":"131","idAgrupacionTelegrama":"131","nombreAgrupacion":"FRENTE LIBER.AR","votos":47,"votosPorcentaje":0.4,"listas":[{"idLista":"3002","nombreLista":"A- DEMOS","votos":24,"votosPorcentaje":51.06},{"idLista":"3003","nombreLista":"B- RECONQUISTA","votos":22,"votosPorcentaje":46.8},{"idLista":"3004","nombreLista":"C- ANTICORRUPCIÓN","votos":1,"votosPorcentaje":2.12}]},{"idAgrupacion":"90","idAgrupacionTelegrama":"90","nombreAgrupacion":"MOVIMIENTO IZQUIERDA JUVENTUD Y DIGNIDAD","votos":42,"votosPorcentaje":0.36,"listas":[{"idLista":"3027","nombreLista":"B- CONFEDERAL","votos":31,"votosPorcentaje":73.8},{"idLista":"3026","nombreLista":"A- DIGNIDAD","votos":11,"votosPorcentaje":26.19}]},{"idAgrupacion":"13","idAgrupacionTelegrama":"13","nombreAgrupacion":"MOVIMIENTO AL SOCIALISMO","votos":40,"votosPorcentaje":0.34,"listas":[{"idLista":"3017","nombreLista":"A- IZQUIERDA ANTICAPITALISTA","votos":40,"votosPorcentaje":100.0}]},{"idAgrupacion":"92","idAgrupacionTelegrama":"92","nombreAgrupacion":"POLITICA OBRERA","votos":28,"votosPorcentaje":0.24,"listas":[{"idLista":"3020","nombreLista":"A- UNIDAD OBRERA","votos":28,"votosPorcentaje":100.0}]},{"idAgrupacion":"95","idAgrupacionTelegrama":"95","nombreAgrupacion":"FRENTE PATRIOTA FEDERAL","votos":25,"votosPorcentaje":0.21,"listas":[{"idLista":"3021","nombreLista":"A- PRIMERO LA PATRIA","votos":25,"votosPorcentaje":100.0}]},{"idAgrupacion":"94","idAgrupacionTelegrama":"94","nombreAgrupacion":"PROYECTO JOVEN","votos":24,"votosPorcentaje":0.2,"listas":[{"idLista":"3024","nombreLista":"C- TODEX","votos":12,"votosPorcentaje":50.0},{"idLista":"3023","nombreLista":"B- PATRIA UNIDA","votos":11,"votosPorcentaje":45.83},{"idLista":"3022","nombreLista":"A- COALICION PAZ DEMOCRACIA SOBERANIA","votos":1,"votosPorcentaje":4.16}]},{"idAgrupacion":"57","idAgrupacionTelegrama":"57","nombreAgrupacion":"MOVIMIENTO DE ACCION VECINAL","votos":10,"votosPorcentaje":0.08,"listas":[{"idLista":"3025","nombreLista":"A- COMPROMISO VECINAL","votos":10,"votosPorcentaje":100.0}]}],"valoresTotalizadosOtros":{"votosNulos":70,"votosNulosPorcentaje":0.59,"votosEnBlanco":1263,"votosEnBlancoPorcentaje":10.74,"votosRecurridosComandoImpugnados":61,"votosRecurridosComandoImpugnadosPorcentaje":0.51}}