{"fechaTotalizacion":"Aug 14, 2023, 5:27:40 AM","estadoRecuento":{"mesasEsperadas":120,"mesasTotalizadas":115,"mesasTotalizadasPorcentaje":95.83,"cantidadElectores":40100,"cantidadVotantes":28727,"participacionPorcentaje":71.63},"valoresTotalizadosPositivos":[{"idAgrupacion":"134","idAgrupacionTelegrama":"134","nombreAgrupacion":"UNION POR LA PATRIA","votos":10120,"votosPorcentaje":35.52,"listas":[{"idLista":"3005","nombreLista":"A- CELESTE Y BLANCA","votos":7316,"votosPorcentaje":72.29},{"idLista":"3006","nombreLista":"B- JUSTA Y SOBERANA","votos":2804,"votosPorcentaje":27.7}]},{"idAgrupacion":"132","idAgrupacionTelegrama":"132","nombreAgrupacion":"JUNTOS POR EL CAMBIO","votos":8388,"votosPorcentaje":29.44,"listas":[{"idLista":"3007","nombreLista":"A- EL CAMBIO DE NUESTRAS VIDAS","votos":4213,"votosPorcentaje":50.22},{"idLista":"3008","nombreLista":"B- LA FUERZA DEL CAMBIO","votos":4175,"votosPorcentaje":49.77}]},{"idAgrupacion":"135","idAgrupacionTelegrama":"135","nombreAgrupacion":"LA LIBERTAD AVANZA","votos":6125,"votosPorcentaje":21.5,"listas":[{"idLista":"3016","nombreLista":"A- LIBERTAD POR SIEMPRE","votos":6125,"votosPorcentaje":100.0}]},{"idAgrupacion":"136","idAgrupacionTelegrama":"136","nombreAgrupacion":"FRENTE DE IZQUIERDA Y DE TRABAJADORES - UNIDAD","votos":968,"votosPorcentaje":3.39,"listas":[{"idLista":"3009","nombreLista":"A- UNIR Y FORTALECER LA IZQUIERDA","votos":670,"votosPorcentaje":69.21},{"idLista":"3010","nombreLista":"B- UNIDAD DE LUCHADORES Y LA IZQUIERDA","votos":298,"votosPorcentaje":30.78}]},{"idAgrupacion":"137","idAgrupacionTelegrama":"137","nombreAgrupacion":"PRINCIPIOS Y VALORES","votos":256,"votosPorcentaje":0.89,"listas":[{"idLista":"3011","nombreLista":"1A- TIERRA, TECHO  Y TRABAJO","votos":256,"votosPorcentaje":100.0}]},{"idAgrupacion":"133","idAgrupacionTelegrama":"133","nombreAgrupacion":"HACEMOS POR NUESTRO PAIS","votos":247,"votosPorcentaje":0.86,"listas":[{"idLista":"3001","nombreLista":"A- HACEMOS","votos":247,"votosPorcentaje":100.0}]},{"idAgrupacion":"40","idAgrupacionTelegrama":"40","nombreAgrupacion":"MOVIMIENTO LIBRES DEL SUR","votos":131,"votosPorcentaje":0.45,"listas":[{"idLista":"3019","nombreLista":"A- AZUL Y ROJO","votos":131,"votosPorcentaje":100.0}]},{"idAgrupacion":"90","idAgrupacionTelegrama":"90","nombreAgrupacion":"MOVIMIENTO IZQUIERDA JUVENTUD Y DIGNIDAD","votos":130,"votosPorcentaje":0.45,"listas":[{"idLista":"3027","nombreLista":"B- CONFEDERAL","votos":91,"votosPorcentaje":70.0},{"idLista":"3026","nombreLista":"A- DIGNIDAD","votos":39,"votosPorcentaje":30.0}]},{"idAgrupacion":"13","idAgrupacionTelegrama":"13","nombreAgrupacion":"MOVIMIENTO AL SOCIALISMO","votos":119,"votosPorcentaje":0.41,"listas":[{"idLista":"3017","nombreLista":"A- IZQUIERDA ANTICAPITALISTA","votos":119,"votosPorcentaje":100.0}]},{"idAgrupacion":"95","idAgrupacionTelegrama":"95","nombreAgrupacion":"FRENTE PATRIOTA FEDERAL","votos":73,"votosPorcentaje":0.25,"listas":[{"idLista":"3021","nombreLista":"A- PRIMERO LA PATRIA","votos":73,"votosPorcentaje":100.0}]},{"idAgrupacion":"92","idAgrupacionTelegrama":"92","nombreAgrupacion":"POLITICA OBRERA","votos":60,"votosPorcentaje":0.21,"listas":[{"idLista":"3020","nombreLista":"A- UNIDAD OBRERA","votos":60,"votosPorcentaje":100.0}]},{"idAgrupacion":"94","idAgrupacionTelegrama":"94","nombreAgrupacion":"PROYECTO JOVEN","votos":55,"votosPorcentaje":0.19,"listas":[{"idLista":"3023","nombreLista":"B- PATRIA UNIDA","votos":44,"votosPorcentaje":80.0},{"idLista":"3024","nombreLista":"C- TODEX","votos":8,"votosPorcentaje":14.54},{"idLista":"3022","nombreLista":"A- COALICION PAZ DEMOCRACIA SOBERANIA","votos":3,"votosPorcentaje":5.45}]},{"idAgrupacion":"131","idAgrupacionTelegrama":"131","nombreAgrupacion":"FRENTE LIBER.AR","votos":42,"votosPorcentaje":0.14,"listas":[{"idLista":"3003","nombreLista":"B- RECONQUISTA","votos":32,"votosPorcentaje":76.19},{"idLista":"3002","nombreLista":"A- DEMOS","votos":8,"votosPorcentaje":19.04},{"idLista":"3004","nombreLista":"C- ANTICORRUPCIÓN","votos":2,"votosPorcentaje":4.76}]},{"idAgrupacion":"20","idAgrupacionTelegrama":"20","nombreAgrupacion":"UNION DEL CENTRO DEMOCRATICO","votos":33,"votosPorcentaje":0.11,"listas":[{"idLista":"3018","nombreLista":"A- APERTURA LIBERAL ARGENTINA","votos":33,"votosPorcentaje":100.0}]},{"idAgrupacion":"57","idAgrupacionTelegrama":"57","nombreAgrupacion":"MOVIMIENTO DE ACCION VECINAL","votos":14,"votosPorcentaje":0.04,"listas":[{"idLista":"3025","nombreLista":"A- COMPROMISO VECINAL","votos":14,"votosPorcentaje":100.0}]}],"valoresTotalizadosOtros":{"votosNulos":170,"votosNulosPorcentaje":0.59,"votosEnBlanco":1726,"votosEnBlancoPorcentaje":6.0,"votosRecurridosComandoImpugnados":70,"votosRecurridosComandoImpugnadosPorcentaje":0.24}}