{"fechaTotalizacion":"Aug 14, 2023, 5:27:40 AM","estadoRecuento":{"mesasEsperadas":76,"mesasTotalizadas":75,"mesasTotalizadasPorcentaje":98.68,"cantidadElectores":26153,"cantidadVotantes":19059,"participacionPorcentaje":72.87},"valoresTotalizadosPositivos":[{"idAgrupacion":"132","idAgrupacionTelegrama":"132","nombreAgrupacion":"JUNTOS POR EL CAMBIO","votos":8164,"votosPorcentaje":43.24,"listas":[{"idLista":"3008","nombreLista":"B- LA FUERZA DEL CAMBIO","votos":4462,"votosPorcentaje":54.65},{"idLista":"3007","nombreLista":"A- EL CAMBIO DE NUESTRAS VIDAS","votos":3702,"votosPorcentaje":45.34}]},{"idAgrupacion":"134","idAgrupacionTelegrama":"134","nombreAgrupacion":"UNION POR LA PATRIA","votos":4904,"votosPorcentaje":25.97,"listas":[{"idLista":"3005","nombreLista":"A- CELESTE Y BLANCA","votos":3499,"votosPorcentaje":71.34},{"idLista":"3006","nombreLista":"B- JUSTA Y SOBERANA","votos":1405,"votosPorcentaje":28.65}]},{"idAgrupacion":"135","idAgrupacionTelegrama":"135","nombreAgrupacion":"LA LIBERTAD AVANZA","votos":3589,"votosPorcentaje":19.01,"listas":[{"idLista":"3016","nombreLista":"A- LIBERTAD POR SIEMPRE","votos":3589,"votosPorcentaje":100.0}]},{"idAgrupacion":"136","idAgrupacionTelegrama":"136","nombreAgrupacion":"FRENTE DE IZQUIERDA Y DE TRABAJADORES - UNIDAD","votos":662,"votosPorcentaje":3.5,"listas":[{"idLista":"3009","nombreLista":"A- UNIR Y FORTALECER LA IZQUIERDA","votos":517,"votosPorcentaje":78.09},{"idLista":"3010","nombreLista":"B- UNIDAD DE LUCHADORES Y LA IZQUIERDA","votos":145,"votosPorcentaje":21.9}]},{"idAgrupacion":"133","idAgrupacionTelegrama":"133","nombreAgrupacion":"HACEMOS POR NUESTRO PAIS","votos":213,"votosPorcentaje":1.12,"listas":[{"idLista":"3001","nombreLista":"A- HACEMOS","votos":213,"votosPorcentaje":100.0}]},{"idAgrupacion":"137","idAgrupacionTelegrama":"137","nombreAgrupacion":"PRINCIPIOS Y VALORES","votos":164,"votosPorcentaje":0.86,"listas":[{"idLista":"3011","nombreLista":"1A- TIERRA, TECHO  Y TRABAJO","votos":164,"votosPorcentaje":100.0}]},{"idAgrupacion":"90","idAgrupacionTelegrama":"90","nombreAgrupacion":"MOVIMIENTO IZQUIERDA JUVENTUD Y DIGNIDAD","votos":95,"votosPorcentaje":0.5,"listas":[{"idLista":"3027","nombreLista":"B- CONFEDERAL","votos":82,"votosPorcentaje":86.31},{"idLista":"3026","nombreLista":"A- DIGNIDAD","votos":13,"votosPorcentaje":13.68}]},{"idAgrupacion":"13","idAgrupacionTelegrama":"13","nombreAgrupacion":"MOVIMIENTO AL SOCIALISMO","votos":63,"votosPorcentaje":0.33,"listas":[{"idLista":"3017","nombreLista":"A- IZQUIERDA ANTICAPITALISTA","votos":63,"votosPorcentaje":100.0}]},{"idAgrupacion":"40","idAgrupacionTelegrama":"40","nombreAgrupacion":"MOVIMIENTO LIBRES DEL SUR","votos":44,"votosPorcentaje":0.23,"listas":[{"idLista":"3019","nombreLista":"A- AZUL Y ROJO","votos":44,"votosPorcentaje":100.0}]},{"idAgrupacion":"92","idAgrupacionTelegrama":"92","nombreAgrupacion":"POLITICA OBRERA","votos":39,"votosPorcentaje":0.2,"listas":[{"idLista":"3020","nombreLista":"A- UNIDAD OBRERA","votos":39,"votosPorcentaje":100.0}]},{"idAgrupacion":"95","idAgrupacionTelegrama":"95","nombreAgrupacion":"FRENTE PATRIOTA FEDERAL","votos":22,"votosPorcentaje":0.11,"listas":[{"idLista":"3021","nombreLista":"A- PRIMERO LA PATRIA","votos":22,"votosPorcentaje":100.0}]},{"idAgrupacion":"131","idAgrupacionTelegrama":"131","nombreAgrupacion":"FRENTE LIBER.AR","votos":20,"votosPorcentaje":0.1,"listas":[{"idLista":"3003","nombreLista":"B- RECONQUISTA","votos":11,"votosPorcentaje":55.0},{"idLista":"3002","nombreLista":"A- DEMOS","votos":8,"votosPorcentaje":40.0},{"idLista":"3004","nombreLista":"C- ANTICORRUPCIÓN","votos":1,"votosPorcentaje":5.0}]},{"idAgrupacion":"94","idAgrupacionTelegrama":"94","nombreAgrupacion":"PROYECTO JOVEN","votos":20,"votosPorcentaje":0.1,"listas":[{"idLista":"3023","nombreLista":"B- PATRIA UNIDA","votos":13,"votosPorcentaje":65.0},{"idLista":"3024","nombreLista":"C- TODEX","votos":6,"votosPorcentaje":30.0},{"idLista":"3022","nombreLista":"A- COALICION PAZ DEMOCRACIA SOBERANIA","votos":1,"votosPorcentaje":5.0}]},{"idAgrupacion":"20","idAgrupacionTelegrama":"20","nombreAgrupacion":"UNION DEL CENTRO DEMOCRATICO","votos":10,"votosPorcentaje":0.05,"listas":[{"idLista":"3018","nombreLista":"A- APERTURA LIBERAL ARGENTINA","votos":10,"votosPorcentaje":100.0}]},{"idAgrupacion":"57","idAgrupacionTelegrama":"57","nombreAgrupacion":"MOVIMIENTO DE ACCION VECINAL","votos":2,"votosPorcentaje":0.01,"listas":[{"idLista":"3025","nombreLista":"A- COMPROMISO VECINAL","votos":2,"votosPorcentaje":100.0}]}],"valoresTotalizadosOtros":{"votosNulos":147,"votosNulosPorcentaje":0.77,"votosEnBlanco":867,"votosEnBlancoPorcentaje":4.54,"votosRecurridosComandoImpugnados":34,"votosRecurridosComandoImpugnadosPorcentaje":0.17}}