{"fechaTotalizacion":"Aug 14, 2023, 5:27:40 AM","estadoRecuento":{"mesasEsperadas":43,"mesasTotalizadas":43,"mesasTotalizadasPorcentaje":100.0,"cantidadElectores":15005,"cantidadVotantes":10752,"participacionPorcentaje":71.65},"valoresTotalizadosPositivos":[{"idAgrupacion":"134","idAgrupacionTelegrama":"134","nombreAgrupacion":"UNION POR LA PATRIA","votos":4021,"votosPorcentaje":37.87,"listas":[{"idLista":"3005","nombreLista":"A- CELESTE Y BLANCA","votos":3024,"votosPorcentaje":75.2},{"idLista":"3006","nombreLista":"B- JUSTA Y SOBERANA","votos":997,"votosPorcentaje":24.79}]},{"idAgrupacion":"132","idAgrupacionTelegrama":"132","nombreAgrupacion":"JUNTOS POR EL CAMBIO","votos":2896,"votosPorcentaje":27.27,"listas":[{"idLista":"3008","nombreLista":"B- LA FUERZA DEL CAMBIO","votos":1528,"votosPorcentaje":52.76},{"idLista":"3007","nombreLista":"A- EL CAMBIO DE NUESTRAS VIDAS","votos":1368,"votosPorcentaje":47.23}]},{"idAgrupacion":"135","idAgrupacionTelegrama":"135","nombreAgrupacion":"LA LIBERTAD AVANZA","votos":2144,"votosPorcentaje":20.19,"listas":[{"idLista":"3016","nombreLista":"A- LIBERTAD POR SIEMPRE","votos":2144,"votosPorcentaje":100.0}]},{"idAgrupacion":"136","idAgrupacionTelegrama":"136","nombreAgrupacion":"FRENTE DE IZQUIERDA Y DE TRABAJADORES - UNIDAD","votos":440,"votosPorcentaje":4.14,"listas":[{"idLista":"3009","nombreLista":"A- UNIR Y FORTALECER LA IZQUIERDA","votos":324,"votosPorcentaje":73.63},{"idLista":"3010","nombreLista":"B- UNIDAD DE LUCHADORES Y LA IZQUIERDA","votos":116,"votosPorcentaje":26.36}]},{"idAgrupacion":"133","idAgrupacionTelegrama":"133","nombreAgrupacion":"HACEMOS POR NUESTRO PAIS","votos":116,"votosPorcentaje":1.09,"listas":[{"idLista":"3001","nombreLista":"A- HACEMOS","votos":116,"votosPorcentaje":100.0}]},{"idAgrupacion":"137","idAgrupacionTelegrama":"137","nombreAgrupacion":"PRINCIPIOS Y VALORES","votos":84,"votosPorcentaje":0.79,"listas":[{"idLista":"3011","nombreLista":"1A- TIERRA, TECHO  Y TRABAJO","votos":84,"votosPorcentaje":100.0}]},{"idAgrupacion":"90","idAgrupacionTelegrama":"90","nombreAgrupacion":"MOVIMIENTO IZQUIERDA JUVENTUD Y DIGNIDAD","votos":60,"votosPorcentaje":0.56,"listas":[{"idLista":"3027","nombreLista":"B- CONFEDERAL","votos":46,"votosPorcentaje":76.66},{"idLista":"3026","nombreLista":"A- DIGNIDAD","votos":14,"votosPorcentaje":23.33}]},{"idAgrupacion":"40","idAgrupacionTelegrama":"40","nombreAgrupacion":"MOVIMIENTO LIBRES DEL SUR","votos":58,"votosPorcentaje":0.54,"listas":[{"idLista":"3019","nombreLista":"A- AZUL Y ROJO","votos":58,"votosPorcentaje":100.0}]},{"idAgrupacion":"13","idAgrupacionTelegrama":"13","nombreAgrupacion":"MOVIMIENTO AL SOCIALISMO","votos":45,"votosPorcentaje":0.42,"listas":[{"idLista":"3017","nombreLista":"A- IZQUIERDA ANTICAPITALISTA","votos":45,"votosPorcentaje":100.0}]},{"idAgrupacion":"92","idAgrupacionTelegrama":"92","nombreAgrupacion":"POLITICA OBRERA","votos":37,"votosPorcentaje":0.34,"listas":[{"idLista":"3020","nombreLista":"A- UNIDAD OBRERA","votos":37,"votosPorcentaje":100.0}]},{"idAgrupacion":"95","idAgrupacionTelegrama":"95","nombreAgrupacion":"FRENTE PATRIOTA FEDERAL","votos":22,"votosPorcentaje":0.2,"listas":[{"idLista":"3021","nombreLista":"A- PRIMERO LA PATRIA","votos":22,"votosPorcentaje":100.0}]},{"idAgrupacion":"131","idAgrupacionTelegrama":"131","nombreAgrupacion":"FRENTE LIBER.AR","votos":16,"votosPorcentaje":0.15,"listas":[{"idLista":"3003","nombreLista":"B- RECONQUISTA","votos":13,"votosPorcentaje":81.25},{"idLista":"3002","nombreLista":"A- DEMOS","votos":3,"votosPorcentaje":18.75},{"idLista":"3004","nombreLista":"C- ANTICORRUPCIÓN","votos":0,"votosPorcentaje":0.0}]},{"idAgrupacion":"20","idAgrupacionTelegrama":"20","nombreAgrupacion":"UNION DEL CENTRO DEMOCRATICO","votos":14,"votosPorcentaje":0.13,"listas":[{"idLista":"3018","nombreLista":"A- APERTURA LIBERAL ARGENTINA","votos":14,"votosPorcentaje":100.0}]},{"idAgrupacion":"57","idAgrupacionTelegrama":"57","nombreAgrupacion":"MOVIMIENTO DE ACCION VECINAL","votos":9,"votosPorcentaje":0.08,"listas":[{"idLista":"3025","nombreLista":"A- COMPROMISO VECINAL","votos":9,"votosPorcentaje":100.0}]},{"idAgrupacion":"94","idAgrupacionTelegrama":"94","nombreAgrupacion":"PROYECTO JOVEN","votos":9,"votosPorcentaje":0.08,"listas":[{"idLista":"3024","nombreLista":"C- TODEX","votos":5,"votosPorcentaje":55.55},{"idLista":"3023","nombreLista":"B- PATRIA UNIDA","votos":3,"votosPorcentaje":33.33},{"idLista":"3022","nombreLista":"A- COALICION PAZ DEMOCRACIA SOBERANIA","votos":1,"votosPorcentaje":11.11}]}],"valoresTotalizadosOtros":{"votosNulos":76,"votosNulosPorcentaje":0.7,"votosEnBlanco":646,"votosEnBlancoPorcentaje":6.0,"votosRecurridosComandoImpugnados":59,"votosRecurridosComandoImpugnadosPorcentaje":0.54}}