{"fechaTotalizacion":"Aug 14, 2023, 5:27:40 AM","estadoRecuento":{"mesasEsperadas":72,"mesasTotalizadas":71,"mesasTotalizadasPorcentaje":98.61,"cantidadElectores":24634,"cantidadVotantes":18027,"participacionPorcentaje":73.17},"valoresTotalizadosPositivos":[{"idAgrupacion":"132","idAgrupacionTelegrama":"132","nombreAgrupacion":"JUNTOS POR EL CAMBIO","votos":7541,"votosPorcentaje":42.14,"listas":[{"idLista":"3008","nombreLista":"B- LA FUERZA DEL CAMBIO","votos":3909,"votosPorcentaje":51.83},{"idLista":"3007","nombreLista":"A- EL CAMBIO DE NUESTRAS VIDAS","votos":3632,"votosPorcentaje":48.16}]},{"idAgrupacion":"134","idAgrupacionTelegrama":"134","nombreAgrupacion":"UNION POR LA PATRIA","votos":4806,"votosPorcentaje":26.85,"listas":[{"idLista":"3005","nombreLista":"A- CELESTE Y BLANCA","votos":3408,"votosPorcentaje":70.91},{"idLista":"3006","nombreLista":"B- JUSTA Y SOBERANA","votos":1398,"votosPorcentaje":29.08}]},{"idAgrupacion":"135","idAgrupacionTelegrama":"135","nombreAgrupacion":"LA LIBERTAD AVANZA","votos":3528,"votosPorcentaje":19.71,"listas":[{"idLista":"3016","nombreLista":"A- LIBERTAD POR SIEMPRE","votos":3528,"votosPorcentaje":100.0}]},{"idAgrupacion":"136","idAgrupacionTelegrama":"136","nombreAgrupacion":"FRENTE DE IZQUIERDA Y DE TRABAJADORES - UNIDAD","votos":616,"votosPorcentaje":3.44,"listas":[{"idLista":"3009","nombreLista":"A- UNIR Y FORTALECER LA IZQUIERDA","votos":481,"votosPorcentaje":78.08},{"idLista":"3010","nombreLista":"B- UNIDAD DE LUCHADORES Y LA IZQUIERDA","votos":135,"votosPorcentaje":21.91}]},{"idAgrupacion":"133","idAgrupacionTelegrama":"133","nombreAgrupacion":"HACEMOS POR NUESTRO PAIS","votos":145,"votosPorcentaje":0.81,"listas":[{"idLista":"3001","nombreLista":"A- HACEMOS","votos":145,"votosPorcentaje":100.0}]},{"idAgrupacion":"137","idAgrupacionTelegrama":"137","nombreAgrupacion":"PRINCIPIOS Y VALORES","votos":134,"votosPorcentaje":0.74,"listas":[{"idLista":"3011","nombreLista":"1A- TIERRA, TECHO  Y TRABAJO","votos":134,"votosPorcentaje":100.0}]},{"idAgrupacion":"13","idAgrupacionTelegrama":"13","nombreAgrupacion":"MOVIMIENTO AL SOCIALISMO","votos":68,"votosPorcentaje":0.37,"listas":[{"idLista":"3017","nombreLista":"A- IZQUIERDA ANTICAPITALISTA","votos":68,"votosPorcentaje":100.0}]},{"idAgrupacion":"90","idAgrupacionTelegrama":"90","nombreAgrupacion":"MOVIMIENTO IZQUIERDA JUVENTUD Y DIGNIDAD","votos":66,"votosPorcentaje":0.36,"listas":[{"idLista":"3027","nombreLista":"B- CONFEDERAL","votos":54,"votosPorcentaje":81.81},{"idLista":"3026","nombreLista":"A- DIGNIDAD","votos":12,"votosPorcentaje":18.18}]},{"idAgrupacion":"40","idAgrupacionTelegrama":"40","nombreAgrupacion":"MOVIMIENTO LIBRES DEL SUR","votos":42,"votosPorcentaje":0.23,"listas":[{"idLista":"3019","nombreLista":"A- AZUL Y ROJO","votos":42,"votosPorcentaje":100.0}]},{"idAgrupacion":"95","idAgrupacionTelegrama":"95","nombreAgrupacion":"FRENTE PATRIOTA FEDERAL","votos":34,"votosPorcentaje":0.18,"listas":[{"idLista":"3021","nombreLista":"A- PRIMERO LA PATRIA","votos":34,"votosPorcentaje":100.0}]},{"idAgrupacion":"92","idAgrupacionTelegrama":"92","nombreAgrupacion":"POLITICA OBRERA","votos":34,"votosPorcentaje":0.18,"listas":[{"idLista":"3020","nombreLista":"A- UNIDAD OBRERA","votos":34,"votosPorcentaje":100.0}]},{"idAgrupacion":"131","idAgrupacionTelegrama":"131","nombreAgrupacion":"FRENTE LIBER.AR","votos":30,"votosPorcentaje":0.16,"listas":[{"idLista":"3003","nombreLista":"B- RECONQUISTA","votos":18,"votosPorcentaje":60.0},{"idLista":"3002","nombreLista":"A- DEMOS","votos":9,"votosPorcentaje":30.0},{"idLista":"3004","nombreLista":"C- ANTICORRUPCIÓN","votos":3,"votosPorcentaje":10.0}]},{"idAgrupacion":"94","idAgrupacionTelegrama":"94","nombreAgrupacion":"PROYECTO JOVEN","votos":14,"votosPorcentaje":0.07,"listas":[{"idLista":"3024","nombreLista":"C- TODEX","votos":8,"votosPorcentaje":57.14},{"idLista":"3023","nombreLista":"B- PATRIA UNIDA","votos":6,"votosPorcentaje":42.85},{"idLista":"3022","nombreLista":"A- COALICION PAZ DEMOCRACIA SOBERANIA","votos":0,"votosPorcentaje":0.0}]},{"idAgrupacion":"20","idAgrupacionTelegrama":"20","nombreAgrupacion":"UNION DEL CENTRO DEMOCRATICO","votos":14,"votosPorcentaje":0.07,"listas":[{"idLista":"3018","nombreLista":"A- APERTURA LIBERAL ARGENTINA","votos":14,"votosPorcentaje":100.0}]},{"idAgrupacion":"57","idAgrupacionTelegrama":"57","nombreAgrupacion":"MOVIMIENTO DE ACCION VECINAL","votos":11,"votosPorcentaje":0.06,"listas":[{"idLista":"3025","nombreLista":"A- COMPROMISO VECINAL","votos":11,"votosPorcentaje":100.0}]}],"valoresTotalizadosOtros":{"votosNulos":97,"votosNulosPorcentaje":0.53,"votosEnBlanco":812,"votosEnBlancoPorcentaje":4.5,"votosRecurridosComandoImpugnados":35,"votosRecurridosComandoImpugnadosPorcentaje":0.19}}