{"fechaTotalizacion":"Aug 14, 2023, 5:27:40 AM","estadoRecuento":{"mesasEsperadas":89,"mesasTotalizadas":87,"mesasTotalizadasPorcentaje":97.75,"cantidadElectores":30273,"cantidadVotantes":21556,"participacionPorcentaje":71.2},"valoresTotalizadosPositivos":[{"idAgrupacion":"134","idAgrupacionTelegrama":"134","nombreAgrupacion":"UNION POR LA PATRIA","votos":7832,"votosPorcentaje":36.68,"listas":[{"idLista":"3005","nombreLista":"A- CELESTE Y BLANCA","votos":5840,"votosPorcentaje":74.56},{"idLista":"3006","nombreLista":"B- JUSTA Y SOBERANA","votos":1992,"votosPorcentaje":25.43}]},{"idAgrupacion":"135","idAgrupacionTelegrama":"135","nombreAgrupacion":"LA LIBERTAD AVANZA","votos":5432,"votosPorcentaje":25.44,"listas":[{"idLista":"3016","nombreLista":"A- LIBERTAD POR SIEMPRE","votos":5432,"votosPorcentaje":100.0}]},{"idAgrupacion":"132","idAgrupacionTelegrama":"132","nombreAgrupacion":"JUNTOS POR EL CAMBIO","votos":4569,"votosPorcentaje":21.39,"listas":[{"idLista":"3007","nombreLista":"A- EL CAMBIO DE NUESTRAS VIDAS","votos":2474,"votosPorcentaje":54.14},{"idLista":"3008","nombreLista":"B- LA FUERZA DEL CAMBIO","votos":2095,"votosPorcentaje":45.85}]},{"idAgrupacion":"136","idAgrupacionTelegrama":"136","nombreAgrupacion":"FRENTE DE IZQUIERDA Y DE TRABAJADORES - UNIDAD","votos":824,"votosPorcentaje":3.85,"listas":[{"idLista":"3009","nombreLista":"A- UNIR Y FORTALECER LA IZQUIERDA","votos":586,"votosPorcentaje":71.11},{"idLista":"3010","nombreLista":"B- UNIDAD DE LUCHADORES Y LA IZQUIERDA","votos":238,"votosPorcentaje":28.88}]},{"idAgrupacion":"137","idAgrupacionTelegrama":"137","nombreAgrupacion":"PRINCIPIOS Y VALORES","votos":186,"votosPorcentaje":0.87,"listas":[{"idLista":"3011","nombreLista":"1A- TIERRA, TECHO  Y TRABAJO","votos":186,"votosPorcentaje":100.0}]},{"idAgrupacion":"133","idAgrupacionTelegrama":"133","nombreAgrupacion":"HACEMOS POR NUESTRO PAIS","votos":166,"votosPorcentaje":0.77,"listas":[{"idLista":"3001","nombreLista":"A- HACEMOS","votos":166,"votosPorcentaje":100.0}]},{"idAgrupacion":"40","idAgrupacionTelegrama":"40","nombreAgrupacion":"MOVIMIENTO LIBRES DEL SUR","votos":89,"votosPorcentaje":0.41,"listas":[{"idLista":"3019","nombreLista":"A- AZUL Y ROJO","votos":89,"votosPorcentaje":100.0}]},{"idAgrupacion":"13","idAgrupacionTelegrama":"13","nombreAgrupacion":"MOVIMIENTO AL SOCIALISMO","votos":87,"votosPorcentaje":0.4,"listas":[{"idLista":"3017","nombreLista":"A- IZQUIERDA ANTICAPITALISTA","votos":87,"votosPorcentaje":100.0}]},{"idAgrupacion":"90","idAgrupacionTelegrama":"90","nombreAgrupacion":"MOVIMIENTO IZQUIERDA JUVENTUD Y DIGNIDAD","votos":63,"votosPorcentaje":0.29,"listas":[{"idLista":"3027","nombreLista":"B- CONFEDERAL","votos":40,"votosPorcentaje":63.49},{"idLista":"3026","nombreLista":"A- DIGNIDAD","votos":23,"votosPorcentaje":36.5}]},{"idAgrupacion":"131","idAgrupacionTelegrama":"131","nombreAgrupacion":"FRENTE LIBER.AR","votos":43,"votosPorcentaje":0.2,"listas":[{"idLista":"3003","nombreLista":"B- RECONQUISTA","votos":28,"votosPorcentaje":65.11},{"idLista":"3002","nombreLista":"A- DEMOS","votos":12,"votosPorcentaje":27.9},{"idLista":"3004","nombreLista":"C- ANTICORRUPCIÓN","votos":3,"votosPorcentaje":6.97}]},{"idAgrupacion":"92","idAgrupacionTelegrama":"92","nombreAgrupacion":"POLITICA OBRERA","votos":43,"votosPorcentaje":0.2,"listas":[{"idLista":"3020","nombreLista":"A- UNIDAD OBRERA","votos":43,"votosPorcentaje":100.0}]},{"idAgrupacion":"95","idAgrupacionTelegrama":"95","nombreAgrupacion":"FRENTE PATRIOTA FEDERAL","votos":42,"votosPorcentaje":0.19,"listas":[{"idLista":"3021","nombreLista":"A- PRIMERO LA PATRIA","votos":42,"votosPorcentaje":100.0}]},{"idAgrupacion":"20","idAgrupacionTelegrama":"20","nombreAgrupacion":"UNION DEL CENTRO DEMOCRATICO","votos":28,"votosPorcentaje":0.13,"listas":[{"idLista":"3018","nombreLista":"A- APERTURA LIBERAL ARGENTINA","votos":28,"votosPorcentaje":100.0}]},{"idAgrupacion":"94","idAgrupacionTelegrama":"94","nombreAgrupacion":"PROYECTO JOVEN","votos":25,"votosPorcentaje":0.11,"listas":[{"idLista":"3023","nombreLista":"B- PATRIA UNIDA","votos":10,"votosPorcentaje":40.0},{"idLista":"3024","nombreLista":"C- TODEX","votos":10,"votosPorcentaje":40.0},{"idLista":"3022","nombreLista":"A- COALICION PAZ DEMOCRACIA SOBERANIA","votos":5,"votosPorcentaje":20.0}]},{"idAgrupacion":"57","idAgrupacionTelegrama":"57","nombreAgrupacion":"MOVIMIENTO DE ACCION VECINAL","votos":19,"votosPorcentaje":0.08,"listas":[{"idLista":"3025","nombreLista":"A- COMPROMISO VECINAL","votos":19,"votosPorcentaje":100.0}]}],"valoresTotalizadosOtros":{"votosNulos":119,"votosNulosPorcentaje":0.55,"votosEnBlanco":1904,"votosEnBlancoPorcentaje":8.83,"votosRecurridosComandoImpugnados":85,"votosRecurridosComandoImpugnadosPorcentaje":0.39}}