{"fechaTotalizacion":"Aug 14, 2023, 5:27:40 AM","estadoRecuento":{"mesasEsperadas":55,"mesasTotalizadas":55,"mesasTotalizadasPorcentaje":100.0,"cantidadElectores":19258,"cantidadVotantes":13364,"participacionPorcentaje":69.39},"valoresTotalizadosPositivos":[{"idAgrupacion":"134","idAgrupacionTelegrama":"134","nombreAgrupacion":"UNION POR LA PATRIA","votos":4884,"votosPorcentaje":36.83,"listas":[{"idLista":"3005","nombreLista":"A- CELESTE Y BLANCA","votos":3578,"votosPorcentaje":73.25},{"idLista":"3006","nombreLista":"B- JUSTA Y SOBERANA","votos":1306,"votosPorcentaje":26.74}]},{"idAgrupacion":"132","idAgrupacionTelegrama":"132","nombreAgrupacion":"JUNTOS POR EL CAMBIO","votos":4134,"votosPorcentaje":31.17,"listas":[{"idLista":"3008","nombreLista":"B- LA FUERZA DEL CAMBIO","votos":2081,"votosPorcentaje":50.33},{"idLista":"3007","nombreLista":"A- EL CAMBIO DE NUESTRAS VIDAS","votos":2053,"votosPorcentaje":49.66}]},{"idAgrupacion":"135","idAgrupacionTelegrama":"135","nombreAgrupacion":"LA LIBERTAD AVANZA","votos":2537,"votosPorcentaje":19.13,"listas":[{"idLista":"3016","nombreLista":"A- LIBERTAD POR SIEMPRE","votos":2537,"votosPorcentaje":100.0}]},{"idAgrupacion":"136","idAgrupacionTelegrama":"136","nombreAgrupacion":"FRENTE DE IZQUIERDA Y DE TRABAJADORES - UNIDAD","votos":467,"votosPorcentaje":3.52,"listas":[{"idLista":"3009","nombreLista":"A- UNIR Y FORTALECER LA IZQUIERDA","votos":338,"votosPorcentaje":72.37},{"idLista":"3010","nombreLista":"B- UNIDAD DE LUCHADORES Y LA IZQUIERDA","votos":129,"votosPorcentaje":27.62}]},{"idAgrupacion":"133","idAgrupacionTelegrama":"133","nombreAgrupacion":"HACEMOS POR NUESTRO PAIS","votos":93,"votosPorcentaje":0.7,"listas":[{"idLista":"3001","nombreLista":"A- HACEMOS","votos":93,"votosPorcentaje":100.0}]},{"idAgrupacion":"137","idAgrupacionTelegrama":"137","nombreAgrupacion":"PRINCIPIOS Y VALORES","votos":65,"votosPorcentaje":0.49,"listas":[{"idLista":"3011","nombreLista":"1A- TIERRA, TECHO  Y TRABAJO","votos":65,"votosPorcentaje":100.0}]},{"idAgrupacion":"13","idAgrupacionTelegrama":"13","nombreAgrupacion":"MOVIMIENTO AL SOCIALISMO","votos":56,"votosPorcentaje":0.42,"listas":[{"idLista":"3017","nombreLista":"A- IZQUIERDA ANTICAPITALISTA","votos":56,"votosPorcentaje":100.0}]},{"idAgrupacion":"90","idAgrupacionTelegrama":"90","nombreAgrupacion":"MOVIMIENTO IZQUIERDA JUVENTUD Y DIGNIDAD","votos":52,"votosPorcentaje":0.39,"listas":[{"idLista":"3027","nombreLista":"B- CONFEDERAL","votos":46,"votosPorcentaje":88.46},{"idLista":"3026","nombreLista":"A- DIGNIDAD","votos":6,"votosPorcentaje":11.53}]},{"idAgrupacion":"40","idAgrupacionTelegrama":"40","nombreAgrupacion":"MOVIMIENTO LIBRES DEL SUR","votos":44,"votosPorcentaje":0.33,"listas":[{"idLista":"3019","nombreLista":"A- AZUL Y ROJO","votos":44,"votosPorcentaje":100.0}]},{"idAgrupacion":"131","idAgrupacionTelegrama":"131","nombreAgrupacion":"FRENTE LIBER.AR","votos":30,"votosPorcentaje":0.22,"listas":[{"idLista":"3003","nombreLista":"B- RECONQUISTA","votos":16,"votosPorcentaje":53.33},{"idLista":"3002","nombreLista":"A- DEMOS","votos":13,"votosPorcentaje":43.33},{"idLista":"3004","nombreLista":"C- ANTICORRUPCIÓN","votos":1,"votosPorcentaje":3.33}]},{"idAgrupacion":"95","idAgrupacionTelegrama":"95","nombreAgrupacion":"FRENTE PATRIOTA FEDERAL","votos":28,"votosPorcentaje":0.21,"listas":[{"idLista":"3021","nombreLista":"A- PRIMERO LA PATRIA","votos":28,"votosPorcentaje":100.0}]},{"idAgrupacion":"94","idAgrupacionTelegrama":"94","nombreAgrupacion":"PROYECTO JOVEN","votos":24,"votosPorcentaje":0.18,"listas":[{"idLista":"3023","nombreLista":"B- PATRIA UNIDA","votos":14,"votosPorcentaje":58.33},{"idLista":"3024","nombreLista":"C- TODEX","votos":9,"votosPorcentaje":37.5},{"idLista":"3022","nombreLista":"A- COALICION PAZ DEMOCRACIA SOBERANIA","votos":1,"votosPorcentaje":4.16}]},{"idAgrupacion":"92","idAgrupacionTelegrama":"92","nombreAgrupacion":"POLITICA OBRERA","votos":19,"votosPorcentaje":0.14,"listas":[{"idLista":"3020","nombreLista":"A- UNIDAD OBRERA","votos":19,"votosPorcentaje":100.0}]},{"idAgrupacion":"20","idAgrupacionTelegrama":"20","nombreAgrupacion":"UNION DEL CENTRO DEMOCRATICO","votos":15,"votosPorcentaje":0.11,"listas":[{"idLista":"3018","nombreLista":"A- APERTURA LIBERAL ARGENTINA","votos":15,"votosPorcentaje":100.0}]},{"idAgrupacion":"57","idAgrupacionTelegrama":"57","nombreAgrupacion":"MOVIMIENTO DE ACCION VECINAL","votos":9,"votosPorcentaje":0.06,"listas":[{"idLista":"3025","nombreLista":"A- COMPROMISO VECINAL","votos":9,"votosPorcentaje":100.0}]}],"valoresTotalizadosOtros":{"votosNulos":82,"votosNulosPorcentaje":0.61,"votosEnBlanco":802,"votosEnBlancoPorcentaje":6.0,"votosRecurridosComandoImpugnados":23,"votosRecurridosComandoImpugnadosPorcentaje":0.17}}