{"fechaTotalizacion":"Aug 14, 2023, 5:27:40 AM","estadoRecuento":{"mesasEsperadas":66,"mesasTotalizadas":66,"mesasTotalizadasPorcentaje":100.0,"cantidadElectores":22797,"cantidadVotantes":16319,"participacionPorcentaje":71.58},"valoresTotalizadosPositivos":[{"idAgrupacion":"132","idAgrupacionTelegrama":"132","nombreAgrupacion":"JUNTOS POR EL CAMBIO","votos":5636,"votosPorcentaje":34.88,"listas":[{"idLista":"3008","nombreLista":"B- LA FUERZA DEL CAMBIO","votos":2890,"votosPorcentaje":51.27},{"idLista":"3007","nombreLista":"A- EL CAMBIO DE NUESTRAS VIDAS","votos":2746,"votosPorcentaje":48.72}]},{"idAgrupacion":"134","idAgrupacionTelegrama":"134","nombreAgrupacion":"UNION POR LA PATRIA","votos":5037,"votosPorcentaje":31.18,"listas":[{"idLista":"3005","nombreLista":"A- CELESTE Y BLANCA","votos":3721,"votosPorcentaje":73.87},{"idLista":"3006","nombreLista":"B- JUSTA Y SOBERANA","votos":1316,"votosPorcentaje":26.12}]},{"idAgrupacion":"135","idAgrupacionTelegrama":"135","nombreAgrupacion":"LA LIBERTAD AVANZA","votos":3404,"votosPorcentaje":21.07,"listas":[{"idLista":"3016","nombreLista":"A- LIBERTAD POR SIEMPRE","votos":3404,"votosPorcentaje":100.0}]},{"idAgrupacion":"136","idAgrupacionTelegrama":"136","nombreAgrupacion":"FRENTE DE IZQUIERDA Y DE TRABAJADORES - UNIDAD","votos":592,"votosPorcentaje":3.66,"listas":[{"idLista":"3009","nombreLista":"A- UNIR Y FORTALECER LA IZQUIERDA","votos":434,"votosPorcentaje":73.31},{"idLista":"3010","nombreLista":"B- UNIDAD DE LUCHADORES Y LA IZQUIERDA","votos":158,"votosPorcentaje":26.68}]},{"idAgrupacion":"137","idAgrupacionTelegrama":"137","nombreAgrupacion":"PRINCIPIOS Y VALORES","votos":196,"votosPorcentaje":1.21,"listas":[{"idLista":"3011","nombreLista":"1A- TIERRA, TECHO  Y TRABAJO","votos":196,"votosPorcentaje":100.0}]},{"idAgrupacion":"133","idAgrupacionTelegrama":"133","nombreAgrupacion":"HACEMOS POR NUESTRO PAIS","votos":168,"votosPorcentaje":1.03,"listas":[{"idLista":"3001","nombreLista":"A- HACEMOS","votos":168,"votosPorcentaje":100.0}]},{"idAgrupacion":"13","idAgrupacionTelegrama":"13","nombreAgrupacion":"MOVIMIENTO AL SOCIALISMO","votos":72,"votosPorcentaje":0.44,"listas":[{"idLista":"3017","nombreLista":"A- IZQUIERDA ANTICAPITALISTA","votos":72,"votosPorcentaje":100.0}]},{"idAgrupacion":"90","idAgrupacionTelegrama":"90","nombreAgrupacion":"MOVIMIENTO IZQUIERDA JUVENTUD Y DIGNIDAD","votos":66,"votosPorcentaje":0.4,"listas":[{"idLista":"3027","nombreLista":"B- CONFEDERAL","votos":55,"votosPorcentaje":83.33},{"idLista":"3026","nombreLista":"A- DIGNIDAD","votos":11,"votosPorcentaje":16.66}]},{"idAgrupacion":"95","idAgrupacionTelegrama":"95","nombreAgrupacion":"FRENTE PATRIOTA FEDERAL","votos":35,"votosPorcentaje":0.21,"listas":[{"idLista":"3021","nombreLista":"A- PRIMERO LA PATRIA","votos":35,"votosPorcentaje":100.0}]},{"idAgrupacion":"92","idAgrupacionTelegrama":"92","nombreAgrupacion":"POLITICA OBRERA","votos":34,"votosPorcentaje":0.21,"listas":[{"idLista":"3020","nombreLista":"A- UNIDAD OBRERA","votos":34,"votosPorcentaje":100.0}]},{"idAgrupacion":"40","idAgrupacionTelegrama":"40","nombreAgrupacion":"MOVIMIENTO LIBRES DEL SUR","votos":31,"votosPorcentaje":0.19,"listas":[{"idLista":"3019","nombreLista":"A- AZUL Y ROJO","votos":31,"votosPorcentaje":100.0}]},{"idAgrupacion":"131","idAgrupacionTelegrama":"131","nombreAgrupacion":"FRENTE LIBER.AR","votos":28,"votosPorcentaje":0.17,"listas":[{"idLista":"3003","nombreLista":"B- RECONQUISTA","votos":19,"votosPorcentaje":67.85},{"idLista":"3002","nombreLista":"A- DEMOS","votos":7,"votosPorcentaje":25.0},{"idLista":"3004","nombreLista":"C- ANTICORRUPCIÓN","votos":2,"votosPorcentaje":7.14}]},{"idAgrupacion":"94","idAgrupacionTelegrama":"94","nombreAgrupacion":"PROYECTO JOVEN","votos":16,"votosPorcentaje":0.09,"listas":[{"idLista":"3023","nombreLista":"B- PATRIA UNIDA","votos":10,"votosPorcentaje":62.5},{"idLista":"3024","nombreLista":"C- TODEX","votos":4,"votosPorcentaje":25.0},{"idLista":"3022","nombreLista":"A- COALICION PAZ DEMOCRACIA SOBERANIA","votos":2,"votosPorcentaje":12.5}]},{"idAgrupacion":"20","idAgrupacionTelegrama":"20","nombreAgrupacion":"UNION DEL CENTRO DEMOCRATICO","votos":9,"votosPorcentaje":0.05,"listas":[{"idLista":"3018","nombreLista":"A- APERTURA LIBERAL ARGENTINA","votos":9,"votosPorcentaje":100.0}]},{"idAgrupacion":"57","idAgrupacionTelegrama":"57","nombreAgrupacion":"MOVIMIENTO DE ACCION VECINAL","votos":7,"votosPorcentaje":0.04,"listas":[{"idLista":"3025","nombreLista":"A- COMPROMISO VECINAL","votos":7,"votosPorcentaje":100.0}]}],"valoresTotalizadosOtros":{"votosNulos":136,"votosNulosPorcentaje":0.83,"votosEnBlanco":823,"votosEnBlancoPorcentaje":5.04,"votosRecurridosComandoImpugnados":29,"votosRecurridosComandoImpugnadosPorcentaje":0.17}}