{"fechaTotalizacion":"Aug 14, 2023, 5:27:40 AM","estadoRecuento":{"mesasEsperadas":58,"mesasTotalizadas":57,"mesasTotalizadasPorcentaje":98.27,"cantidadElectores":19816,"cantidadVotantes":14326,"participacionPorcentaje":72.29},"valoresTotalizadosPositivos":[{"idAgrupacion":"132","idAgrupacionTelegrama":"132","nombreAgrupacion":"JUNTOS POR EL CAMBIO","votos":7113,"votosPorcentaje":50.01,"listas":[{"idLista":"3008","nombreLista":"B- LA FUERZA DEL CAMBIO","votos":3858,"votosPorcentaje":54.23},{"idLista":"3007","nombreLista":"A- EL CAMBIO DE NUESTRAS VIDAS","votos":3255,"votosPorcentaje":45.76}]},{"idAgrupacion":"134","idAgrupacionTelegrama":"134","nombreAgrupacion":"UNION POR LA PATRIA","votos":3254,"votosPorcentaje":22.88,"listas":[{"idLista":"3005","nombreLista":"A- CELESTE Y BLANCA","votos":2246,"votosPorcentaje":69.02},{"idLista":"3006","nombreLista":"B- JUSTA Y SOBERANA","votos":1008,"votosPorcentaje":30.97}]},{"idAgrupacion":"135","idAgrupacionTelegrama":"135","nombreAgrupacion":"LA LIBERTAD AVANZA","votos":2426,"votosPorcentaje":17.05,"listas":[{"idLista":"3016","nombreLista":"A- LIBERTAD POR SIEMPRE","votos":2426,"votosPorcentaje":100.0}]},{"idAgrupacion":"136","idAgrupacionTelegrama":"136","nombreAgrupacion":"FRENTE DE IZQUIERDA Y DE TRABAJADORES - UNIDAD","votos":393,"votosPorcentaje":2.76,"listas":[{"idLista":"3009","nombreLista":"A- UNIR Y FORTALECER LA IZQUIERDA","votos":304,"votosPorcentaje":77.35},{"idLista":"3010","nombreLista":"B- UNIDAD DE LUCHADORES Y LA IZQUIERDA","votos":89,"votosPorcentaje":22.64}]},{"idAgrupacion":"137","idAgrupacionTelegrama":"137","nombreAgrupacion":"PRINCIPIOS Y VALORES","votos":140,"votosPorcentaje":0.98,"listas":[{"idLista":"3011","nombreLista":"1A- TIERRA, TECHO  Y TRABAJO","votos":140,"votosPorcentaje":100.0}]},{"idAgrupacion":"133","idAgrupacionTelegrama":"133","nombreAgrupacion":"HACEMOS POR NUESTRO PAIS","votos":101,"votosPorcentaje":0.71,"listas":[{"idLista":"3001","nombreLista":"A- HACEMOS","votos":101,"votosPorcentaje":100.0}]},{"idAgrupacion":"13","idAgrupacionTelegrama":"13","nombreAgrupacion":"MOVIMIENTO AL SOCIALISMO","votos":47,"votosPorcentaje":0.33,"listas":[{"idLista":"3017","nombreLista":"A- IZQUIERDA ANTICAPITALISTA","votos":47,"votosPorcentaje":100.0}]},{"idAgrupacion":"40","idAgrupacionTelegrama":"40","nombreAgrupacion":"MOVIMIENTO LIBRES DEL SUR","votos":41,"votosPorcentaje":0.28,"listas":[{"idLista":"3019","nombreLista":"A- AZUL Y ROJO","votos":41,"votosPorcentaje":100.0}]},{"idAgrupacion":"90","idAgrupacionTelegrama":"90","nombreAgrupacion":"MOVIMIENTO IZQUIERDA JUVENTUD Y DIGNIDAD","votos":39,"votosPorcentaje":0.27,"listas":[{"idLista":"3027","nombreLista":"B- CONFEDERAL","votos":33,"votosPorcentaje":84.61},{"idLista":"3026","nombreLista":"A- DIGNIDAD","votos":6,"votosPorcentaje":15.38}]},{"idAgrupacion":"92","idAgrupacionTelegrama":"92","nombreAgrupacion":"POLITICA OBRERA","votos":21,"votosPorcentaje":0.14,"listas":[{"idLista":"3020","nombreLista":"A- UNIDAD OBRERA","votos":21,"votosPorcentaje":100.0}]},{"idAgrupacion":"131","idAgrupacionTelegrama":"131","nombreAgrupacion":"FRENTE LIBER.AR","votos":18,"votosPorcentaje":0.12,"listas":[{"idLista":"3002","nombreLista":"A- DEMOS","votos":8,"votosPorcentaje":44.44},{"idLista":"3003","nombreLista":"B- RECONQUISTA","votos":8,"votosPorcentaje":44.44},{"idLista":"3004","nombreLista":"C- ANTICORRUPCIÓN","votos":2,"votosPorcentaje":11.11}]},{"idAgrupacion":"95","idAgrupacionTelegrama":"95","nombreAgrupacion":"FRENTE PATRIOTA FEDERAL","votos":18,"votosPorcentaje":0.12,"listas":[{"idLista":"3021","nombreLista":"A- PRIMERO LA PATRIA","votos":18,"votosPorcentaje":100.0}]},{"idAgrupacion":"94","idAgrupacionTelegrama":"94","nombreAgrupacion":"PROYECTO JOVEN","votos":8,"votosPorcentaje":0.05,"listas":[{"idLista":"3024","nombreLista":"C- TODEX","votos":5,"votosPorcentaje":62.5},{"idLista":"3022","nombreLista":"A- COALICION PAZ DEMOCRACIA SOBERANIA","votos":2,"votosPorcentaje":25.0},{"idLista":"3023","nombreLista":"B- PATRIA UNIDA","votos":1,"votosPorcentaje":12.5}]},{"idAgrupacion":"57","idAgrupacionTelegrama":"57","nombreAgrupacion":"MOVIMIENTO DE ACCION VECINAL","votos":5,"votosPorcentaje":0.03,"listas":[{"idLista":"3025","nombreLista":"A- COMPROMISO VECINAL","votos":5,"votosPorcentaje":100.0}]},{"idAgrupacion":"20","idAgrupacionTelegrama":"20","nombreAgrupacion":"UNION DEL CENTRO DEMOCRATICO","votos":5,"votosPorcentaje":0.03,"listas":[{"idLista":"3018","nombreLista":"A- APERTURA LIBERAL ARGENTINA","votos":5,"votosPorcentaje":100.0}]}],"valoresTotalizadosOtros":{"votosNulos":79,"votosNulosPorcentaje":0.55,"votosEnBlanco":593,"votosEnBlancoPorcentaje":4.13,"votosRecurridosComandoImpugnados":25,"votosRecurridosComandoImpugnadosPorcentaje":0.17}}