{"fechaTotalizacion":"Aug 14, 2023, 5:27:40 AM","estadoRecuento":{"mesasEsperadas":203,"mesasTotalizadas":191,"mesasTotalizadasPorcentaje":94.08,"cantidadElectores":66709,"cantidadVotantes":48004,"participacionPorcentaje":71.96},"valoresTotalizadosPositivos":[{"idAgrupacion":"134","idAgrupacionTelegrama":"134","nombreAgrupacion":"UNION POR LA PATRIA","votos":16433,"votosPorcentaje":34.56,"listas":[{"idLista":"3005","nombreLista":"A- CELESTE Y BLANCA","votos":11522,"votosPorcentaje":70.11},{"idLista":"3006","nombreLista":"B- JUSTA Y SOBERANA","votos":4911,"votosPorcentaje":29.88}]},{"idAgrupacion":"132","idAgrupacionTelegrama":"132","nombreAgrupacion":"JUNTOS POR EL CAMBIO","votos":14424,"votosPorcentaje":30.33,"listas":[{"idLista":"3008","nombreLista":"B- LA FUERZA DEL CAMBIO","votos":8801,"votosPorcentaje":61.01},{"idLista":"3007","nombreLista":"A- EL CAMBIO DE NUESTRAS VIDAS","votos":5623,"votosPorcentaje":38.98}]},{"idAgrupacion":"135","idAgrupacionTelegrama":"135","nombreAgrupacion":"LA LIBERTAD AVANZA","votos":10122,"votosPorcentaje":21.28,"listas":[{"idLista":"3016","nombreLista":"A- LIBERTAD POR SIEMPRE","votos":10122,"votosPorcentaje":100.0}]},{"idAgrupacion":"136","idAgrupacionTelegrama":"136","nombreAgrupacion":"FRENTE DE IZQUIERDA Y DE TRABAJADORES - UNIDAD","votos":1881,"votosPorcentaje":3.95,"listas":[{"idLista":"3009","nombreLista":"A- UNIR Y FORTALECER LA IZQUIERDA","votos":1389,"votosPorcentaje":73.84},{"idLista":"3010","nombreLista":"B- UNIDAD DE LUCHADORES Y LA IZQUIERDA","votos":492,"votosPorcentaje":26.15}]},{"idAgrupacion":"133","idAgrupacionTelegrama":"133","nombreAgrupacion":"HACEMOS POR NUESTRO PAIS","votos":611,"votosPorcentaje":1.28,"listas":[{"idLista":"3001","nombreLista":"A- HACEMOS","votos":611,"votosPorcentaje":100.0}]},{"idAgrupacion":"137","idAgrupacionTelegrama":"137","nombreAgrupacion":"PRINCIPIOS Y VALORES","votos":551,"votosPorcentaje":1.15,"listas":[{"idLista":"3011","nombreLista":"1A- TIERRA, TECHO  Y TRABAJO","votos":551,"votosPorcentaje":100.0}]},{"idAgrupacion":"90","idAgrupacionTelegrama":"90","nombreAgrupacion":"MOVIMIENTO IZQUIERDA JUVENTUD Y DIGNIDAD","votos":215,"votosPorcentaje":0.45,"listas":[{"idLista":"3027","nombreLista":"B- CONFEDERAL","votos":183,"votosPorcentaje":85.11},{"idLista":"3026","nombreLista":"A- DIGNIDAD","votos":32,"votosPorcentaje":14.88}]},{"idAgrupacion":"13","idAgrupacionTelegrama":"13","nombreAgrupacion":"MOVIMIENTO AL SOCIALISMO","votos":191,"votosPorcentaje":0.4,"listas":[{"idLista":"3017","nombreLista":"A- IZQUIERDA ANTICAPITALISTA","votos":191,"votosPorcentaje":100.0}]},{"idAgrupacion":"40","idAgrupacionTelegrama":"40","nombreAgrupacion":"MOVIMIENTO LIBRES DEL SUR","votos":136,"votosPorcentaje":0.28,"listas":[{"idLista":"3019","nombreLista":"A- AZUL Y ROJO","votos":136,"votosPorcentaje":100.0}]},{"idAgrupacion":"94","idAgrupacionTelegrama":"94","nombreAgrupacion":"PROYECTO JOVEN","votos":98,"votosPorcentaje":0.2,"listas":[{"idLista":"3022","nombreLista":"A- COALICION PAZ DEMOCRACIA SOBERANIA","votos":38,"votosPorcentaje":38.77},{"idLista":"3023","nombreLista":"B- PATRIA UNIDA","votos":31,"votosPorcentaje":31.63},{"idLista":"3024","nombreLista":"C- TODEX","votos":29,"votosPorcentaje":29.59}]},{"idAgrupacion":"95","idAgrupacionTelegrama":"95","nombreAgrupacion":"FRENTE PATRIOTA FEDERAL","votos":89,"votosPorcentaje":0.18,"listas":[{"idLista":"3021","nombreLista":"A- PRIMERO LA PATRIA","votos":89,"votosPorcentaje":100.0}]},{"idAgrupacion":"92","idAgrupacionTelegrama":"92","nombreAgrupacion":"POLITICA OBRERA","votos":83,"votosPorcentaje":0.17,"listas":[{"idLista":"3020","nombreLista":"A- UNIDAD OBRERA","votos":83,"votosPorcentaje":100.0}]},{"idAgrupacion":"131","idAgrupacionTelegrama":"131","nombreAgrupacion":"FRENTE LIBER.AR","votos":73,"votosPorcentaje":0.15,"listas":[{"idLista":"3003","nombreLista":"B- RECONQUISTA","votos":53,"votosPorcentaje":72.6},{"idLista":"3002","nombreLista":"A- DEMOS","votos":13,"votosPorcentaje":17.8},{"idLista":"3004","nombreLista":"C- ANTICORRUPCIÓN","votos":7,"votosPorcentaje":9.58}]},{"idAgrupacion":"57","idAgrupacionTelegrama":"57","nombreAgrupacion":"MOVIMIENTO DE ACCION VECINAL","votos":64,"votosPorcentaje":0.13,"listas":[{"idLista":"3025","nombreLista":"A- COMPROMISO VECINAL","votos":64,"votosPorcentaje":100.0}]},{"idAgrupacion":"20","idAgrupacionTelegrama":"20","nombreAgrupacion":"UNION DEL CENTRO DEMOCRATICO","votos":43,"votosPorcentaje":0.09,"listas":[{"idLista":"3018","nombreLista":"A- APERTURA LIBERAL ARGENTINA","votos":43,"votosPorcentaje":100.0}]}],"valoresTotalizadosOtros":{"votosNulos":384,"votosNulosPorcentaje":0.79,"votosEnBlanco":2534,"votosEnBlancoPorcentaje":5.27,"votosRecurridosComandoImpugnados":72,"votosRecurridosComandoImpugnadosPorcentaje":0.14}}