{"fechaTotalizacion":"Aug 14, 2023, 5:27:40 AM","estadoRecuento":{"mesasEsperadas":35,"mesasTotalizadas":34,"mesasTotalizadasPorcentaje":97.14,"cantidadElectores":11608,"cantidadVotantes":8566,"participacionPorcentaje":73.79},"valoresTotalizadosPositivos":[{"idAgrupacion":"132","idAgrupacionTelegrama":"132","nombreAgrupacion":"JUNTOS POR EL CAMBIO","votos":3038,"votosPorcentaje":35.8,"listas":[{"idLista":"3008","nombreLista":"B- LA FUERZA DEL CAMBIO","votos":1880,"votosPorcentaje":61.88},{"idLista":"3007","nombreLista":"A- EL CAMBIO DE NUESTRAS VIDAS","votos":1158,"votosPorcentaje":38.11}]},{"idAgrupacion":"134","idAgrupacionTelegrama":"134","nombreAgrupacion":"UNION POR LA PATRIA","votos":2570,"votosPorcentaje":30.29,"listas":[{"idLista":"3005","nombreLista":"A- CELESTE Y BLANCA","votos":1811,"votosPorcentaje":70.46},{"idLista":"3006","nombreLista":"B- JUSTA Y SOBERANA","votos":759,"votosPorcentaje":29.53}]},{"idAgrupacion":"135","idAgrupacionTelegrama":"135","nombreAgrupacion":"LA LIBERTAD AVANZA","votos":1794,"votosPorcentaje":21.14,"listas":[{"idLista":"3016","nombreLista":"A- LIBERTAD POR SIEMPRE","votos":1794,"votosPorcentaje":100.0}]},{"idAgrupacion":"136","idAgrupacionTelegrama":"136","nombreAgrupacion":"FRENTE DE IZQUIERDA Y DE TRABAJADORES - UNIDAD","votos":360,"votosPorcentaje":4.24,"listas":[{"idLista":"3009","nombreLista":"A- UNIR Y FORTALECER LA IZQUIERDA","votos":296,"votosPorcentaje":82.22},{"idLista":"3010","nombreLista":"B- UNIDAD DE LUCHADORES Y LA IZQUIERDA","votos":64,"votosPorcentaje":17.77}]},{"idAgrupacion":"137","idAgrupacionTelegrama":"137","nombreAgrupacion":"PRINCIPIOS Y VALORES","votos":114,"votosPorcentaje":1.34,"listas":[{"idLista":"3011","nombreLista":"1A- TIERRA, TECHO  Y TRABAJO","votos":114,"votosPorcentaje":100.0}]},{"idAgrupacion":"133","idAgrupacionTelegrama":"133","nombreAgrupacion":"HACEMOS POR NUESTRO PAIS","votos":88,"votosPorcentaje":1.03,"listas":[{"idLista":"3001","nombreLista":"A- HACEMOS","votos":88,"votosPorcentaje":100.0}]},{"idAgrupacion":"90","idAgrupacionTelegrama":"90","nombreAgrupacion":"MOVIMIENTO IZQUIERDA JUVENTUD Y DIGNIDAD","votos":48,"votosPorcentaje":0.56,"listas":[{"idLista":"3027","nombreLista":"B- CONFEDERAL","votos":42,"votosPorcentaje":87.5},{"idLista":"3026","nombreLista":"A- DIGNIDAD","votos":6,"votosPorcentaje":12.5}]},{"idAgrupacion":"13","idAgrupacionTelegrama":"13","nombreAgrupacion":"MOVIMIENTO AL SOCIALISMO","votos":44,"votosPorcentaje":0.51,"listas":[{"idLista":"3017","nombreLista":"A- IZQUIERDA ANTICAPITALISTA","votos":44,"votosPorcentaje":100.0}]},{"idAgrupacion":"40","idAgrupacionTelegrama":"40","nombreAgrupacion":"MOVIMIENTO LIBRES DEL SUR","votos":23,"votosPorcentaje":0.27,"listas":[{"idLista":"3019","nombreLista":"A- AZUL Y ROJO","votos":23,"votosPorcentaje":100.0}]},{"idAgrupacion":"92","idAgrupacionTelegrama":"92","nombreAgrupacion":"POLITICA OBRERA","votos":23,"votosPorcentaje":0.27,"listas":[{"idLista":"3020","nombreLista":"A- UNIDAD OBRERA","votos":23,"votosPorcentaje":100.0}]},{"idAgrupacion":"94","idAgrupacionTelegrama":"94","nombreAgrupacion":"PROYECTO JOVEN","votos":17,"votosPorcentaje":0.2,"listas":[{"idLista":"3024","nombreLista":"C- TODEX","votos":7,"votosPorcentaje":41.17},{"idLista":"3022","nombreLista":"A- COALICION PAZ DEMOCRACIA SOBERANIA","votos":5,"votosPorcentaje":29.41},{"idLista":"3023","nombreLista":"B- PATRIA UNIDA","votos":5,"votosPorcentaje":29.41}]},{"idAgrupacion":"20","idAgrupacionTelegrama":"20","nombreAgrupacion":"UNION DEL CENTRO DEMOCRATICO","votos":13,"votosPorcentaje":0.15,"listas":[{"idLista":"3018","nombreLista":"A- APERTURA LIBERAL ARGENTINA","votos":13,"votosPorcentaje":100.0}]},{"idAgrupacion":"57","idAgrupacionTelegrama":"57","nombreAgrupacion":"MOVIMIENTO DE ACCION VECINAL","votos":10,"votosPorcentaje":0.11,"listas":[{"idLista":"3025","nombreLista":"A- COMPROMISO VECINAL","votos":10,"votosPorcentaje":100.0}]},{"idAgrupacion":"95","idAgrupacionTelegrama":"95","nombreAgrupacion":"FRENTE PATRIOTA FEDERAL","votos":9,"votosPorcentaje":0.1,"listas":[{"idLista":"3021","nombreLista":"A- PRIMERO LA PATRIA","votos":9,"votosPorcentaje":100.0}]},{"idAgrupacion":"131","idAgrupacionTelegrama":"131","nombreAgrupacion":"FRENTE LIBER.AR","votos":8,"votosPorcentaje":0.09,"listas":[{"idLista":"3003","nombreLista":"B- RECONQUISTA","votos":7,"votosPorcentaje":87.5},{"idLista":"3002","nombreLista":"A- DEMOS","votos":1,"votosPorcentaje":12.5},{"idLista":"3004","nombreLista":"C- ANTICORRUPCIÓN","votos":0,"votosPorcentaje":0.0}]}],"valoresTotalizadosOtros":{"votosNulos":68,"votosNulosPorcentaje":0.79,"votosEnBlanco":325,"votosEnBlancoPorcentaje":3.79,"votosRecurridosComandoImpugnados":14,"votosRecurridosComandoImpugnadosPorcentaje":0.16}}