{"fechaTotalizacion":"Aug 14, 2023, 5:27:40 AM","estadoRecuento":{"mesasEsperadas":18,"mesasTotalizadas":18,"mesasTotalizadasPorcentaje":100.0,"cantidadElectores":6183,"cantidadVotantes":4498,"participacionPorcentaje":72.74},"valoresTotalizadosPositivos":[{"idAgrupacion":"134","idAgrupacionTelegrama":"134","nombreAgrupacion":"UNION POR LA PATRIA","votos":1528,"votosPorcentaje":34.39,"listas":[{"idLista":"3005","nombreLista":"A- CELESTE Y BLANCA","votos":1049,"votosPorcentaje":68.65},{"idLista":"3006","nombreLista":"B- JUSTA Y SOBERANA","votos":479,"votosPorcentaje":31.34}]},{"idAgrupacion":"132","idAgrupacionTelegrama":"132","nombreAgrupacion":"JUNTOS POR EL CAMBIO","votos":1421,"votosPorcentaje":31.98,"listas":[{"idLista":"3008","nombreLista":"B- LA FUERZA DEL CAMBIO","votos":855,"votosPorcentaje":60.16},{"idLista":"3007","nombreLista":"A- EL CAMBIO DE NUESTRAS VIDAS","votos":566,"votosPorcentaje":39.83}]},{"idAgrupacion":"135","idAgrupacionTelegrama":"135","nombreAgrupacion":"LA LIBERTAD AVANZA","votos":899,"votosPorcentaje":20.23,"listas":[{"idLista":"3016","nombreLista":"A- LIBERTAD POR SIEMPRE","votos":899,"votosPorcentaje":100.0}]},{"idAgrupacion":"136","idAgrupacionTelegrama":"136","nombreAgrupacion":"FRENTE DE IZQUIERDA Y DE TRABAJADORES - UNIDAD","votos":162,"votosPorcentaje":3.64,"listas":[{"idLista":"3009","nombreLista":"A- UNIR Y FORTALECER LA IZQUIERDA","votos":113,"votosPorcentaje":69.75},{"idLista":"3010","nombreLista":"B- UNIDAD DE LUCHADORES Y LA IZQUIERDA","votos":49,"votosPorcentaje":30.24}]},{"idAgrupacion":"137","idAgrupacionTelegrama":"137","nombreAgrupacion":"PRINCIPIOS Y VALORES","votos":52,"votosPorcentaje":1.17,"listas":[{"idLista":"3011","nombreLista":"1A- TIERRA, TECHO  Y TRABAJO","votos":52,"votosPorcentaje":100.0}]},{"idAgrupacion":"133","idAgrupacionTelegrama":"133","nombreAgrupacion":"HACEMOS POR NUESTRO PAIS","votos":45,"votosPorcentaje":1.01,"listas":[{"idLista":"3001","nombreLista":"A- HACEMOS","votos":45,"votosPorcentaje":100.0}]},{"idAgrupacion":"90","idAgrupacionTelegrama":"90","nombreAgrupacion":"MOVIMIENTO IZQUIERDA JUVENTUD Y DIGNIDAD","votos":31,"votosPorcentaje":0.69,"listas":[{"idLista":"3027","nombreLista":"B- CONFEDERAL","votos":28,"votosPorcentaje":90.32},{"idLista":"3026","nombreLista":"A- DIGNIDAD","votos":3,"votosPorcentaje":9.67}]},{"idAgrupacion":"13","idAgrupacionTelegrama":"13","nombreAgrupacion":"MOVIMIENTO AL SOCIALISMO","votos":18,"votosPorcentaje":0.4,"listas":[{"idLista":"3017","nombreLista":"A- IZQUIERDA ANTICAPITALISTA","votos":18,"votosPorcentaje":100.0}]},{"idAgrupacion":"92","idAgrupacionTelegrama":"92","nombreAgrupacion":"POLITICA OBRERA","votos":18,"votosPorcentaje":0.4,"listas":[{"idLista":"3020","nombreLista":"A- UNIDAD OBRERA","votos":18,"votosPorcentaje":100.0}]},{"idAgrupacion":"40","idAgrupacionTelegrama":"40","nombreAgrupacion":"MOVIMIENTO LIBRES DEL SUR","votos":13,"votosPorcentaje":0.29,"listas":[{"idLista":"3019","nombreLista":"A- AZUL Y ROJO","votos":13,"votosPorcentaje":100.0}]},{"idAgrupacion":"95","idAgrupacionTelegrama":"95","nombreAgrupacion":"FRENTE PATRIOTA FEDERAL","votos":10,"votosPorcentaje":0.22,"listas":[{"idLista":"3021","nombreLista":"A- PRIMERO LA PATRIA","votos":10,"votosPorcentaje":100.0}]},{"idAgrupacion":"94","idAgrupacionTelegrama":"94","nombreAgrupacion":"PROYECTO JOVEN","votos":9,"votosPorcentaje":0.2,"listas":[{"idLista":"3024","nombreLista":"C- TODEX","votos":5,"votosPorcentaje":55.55},{"idLista":"3022","nombreLista":"A- COALICION PAZ DEMOCRACIA SOBERANIA","votos":4,"votosPorcentaje":44.44},{"idLista":"3023","nombreLista":"B- PATRIA UNIDA","votos":0,"votosPorcentaje":0.0}]},{"idAgrupacion":"57","idAgrupacionTelegrama":"57","nombreAgrupacion":"MOVIMIENTO DE ACCION VECINAL","votos":7,"votosPorcentaje":0.15,"listas":[{"idLista":"3025","nombreLista":"A- COMPROMISO VECINAL","votos":7,"votosPorcentaje":100.0}]},{"idAgrupacion":"20","idAgrupacionTelegrama":"20","nombreAgrupacion":"UNION DEL CENTRO DEMOCRATICO","votos":5,"votosPorcentaje":0.11,"listas":[{"idLista":"3018","nombreLista":"A- APERTURA LIBERAL ARGENTINA","votos":5,"votosPorcentaje":100.0}]},{"idAgrupacion":"131","idAgrupacionTelegrama":"131","nombreAgrupacion":"FRENTE LIBER.AR","votos":4,"votosPorcentaje":0.09,"listas":[{"idLista":"3002","nombreLista":"A- DEMOS","votos":2,"votosPorcentaje":50.0},{"idLista":"3003","nombreLista":"B- RECONQUISTA","votos":2,"votosPorcentaje":50.0},{"idLista":"3004","nombreLista":"C- ANTICORRUPCIÓN","votos":0,"votosPorcentaje":0.0}]}],"valoresTotalizadosOtros":{"votosNulos":51,"votosNulosPorcentaje":1.13,"votosEnBlanco":221,"votosEnBlancoPorcentaje":4.91,"votosRecurridosComandoImpugnados":4,"votosRecurridosComandoImpugnadosPorcentaje":0.08}}