{"fechaTotalizacion":"Aug 14, 2023, 5:27:40 AM","estadoRecuento":{"mesasEsperadas":13,"mesasTotalizadas":13,"mesasTotalizadasPorcentaje":100.0,"cantidadElectores":4202,"cantidadVotantes":3104,"participacionPorcentaje":73.86},"valoresTotalizadosPositivos":[{"idAgrupacion":"134","idAgrupacionTelegrama":"134","nombreAgrupacion":"UNION POR LA PATRIA","votos":1197,"votosPorcentaje":38.7,"listas":[{"idLista":"3005","nombreLista":"A- CELESTE Y BLANCA","votos":891,"votosPorcentaje":74.43},{"idLista":"3006","nombreLista":"B- JUSTA Y SOBERANA","votos":306,"votosPorcentaje":25.56}]},{"idAgrupacion":"132","idAgrupacionTelegrama":"132","nombreAgrupacion":"JUNTOS POR EL CAMBIO","votos":802,"votosPorcentaje":25.92,"listas":[{"idLista":"3008","nombreLista":"B- LA FUERZA DEL CAMBIO","votos":491,"votosPorcentaje":61.22},{"idLista":"3007","nombreLista":"A- EL CAMBIO DE NUESTRAS VIDAS","votos":311,"votosPorcentaje":38.77}]},{"idAgrupacion":"135","idAgrupacionTelegrama":"135","nombreAgrupacion":"LA LIBERTAD AVANZA","votos":621,"votosPorcentaje":20.07,"listas":[{"idLista":"3016","nombreLista":"A- LIBERTAD POR SIEMPRE","votos":621,"votosPorcentaje":100.0}]},{"idAgrupacion":"136","idAgrupacionTelegrama":"136","nombreAgrupacion":"FRENTE DE IZQUIERDA Y DE TRABAJADORES - UNIDAD","votos":129,"votosPorcentaje":4.17,"listas":[{"idLista":"3009","nombreLista":"A- UNIR Y FORTALECER LA IZQUIERDA","votos":83,"votosPorcentaje":64.34},{"idLista":"3010","nombreLista":"B- UNIDAD DE LUCHADORES Y LA IZQUIERDA","votos":46,"votosPorcentaje":35.65}]},{"idAgrupacion":"137","idAgrupacionTelegrama":"137","nombreAgrupacion":"PRINCIPIOS Y VALORES","votos":47,"votosPorcentaje":1.51,"listas":[{"idLista":"3011","nombreLista":"1A- TIERRA, TECHO  Y TRABAJO","votos":47,"votosPorcentaje":100.0}]},{"idAgrupacion":"133","idAgrupacionTelegrama":"133","nombreAgrupacion":"HACEMOS POR NUESTRO PAIS","votos":32,"votosPorcentaje":1.03,"listas":[{"idLista":"3001","nombreLista":"A- HACEMOS","votos":32,"votosPorcentaje":100.0}]},{"idAgrupacion":"13","idAgrupacionTelegrama":"13","nombreAgrupacion":"MOVIMIENTO AL SOCIALISMO","votos":19,"votosPorcentaje":0.61,"listas":[{"idLista":"3017","nombreLista":"A- IZQUIERDA ANTICAPITALISTA","votos":19,"votosPorcentaje":100.0}]},{"idAgrupacion":"90","idAgrupacionTelegrama":"90","nombreAgrupacion":"MOVIMIENTO IZQUIERDA JUVENTUD Y DIGNIDAD","votos":17,"votosPorcentaje":0.54,"listas":[{"idLista":"3027","nombreLista":"B- CONFEDERAL","votos":13,"votosPorcentaje":76.47},{"idLista":"3026","nombreLista":"A- DIGNIDAD","votos":4,"votosPorcentaje":23.52}]},{"idAgrupacion":"40","idAgrupacionTelegrama":"40","nombreAgrupacion":"MOVIMIENTO LIBRES DEL SUR","votos":14,"votosPorcentaje":0.45,"listas":[{"idLista":"3019","nombreLista":"A- AZUL Y ROJO","votos":14,"votosPorcentaje":100.0}]},{"idAgrupacion":"92","idAgrupacionTelegrama":"92","nombreAgrupacion":"POLITICA OBRERA","votos":8,"votosPorcentaje":0.25,"listas":[{"idLista":"3020","nombreLista":"A- UNIDAD OBRERA","votos":8,"votosPorcentaje":100.0}]},{"idAgrupacion":"131","idAgrupacionTelegrama":"131","nombreAgrupacion":"FRENTE LIBER.AR","votos":5,"votosPorcentaje":0.16,"listas":[{"idLista":"3003","nombreLista":"B- RECONQUISTA","votos":5,"votosPorcentaje":100.0},{"idLista":"3002","nombreLista":"A- DEMOS","votos":0,"votosPorcentaje":0.0},{"idLista":"3004","nombreLista":"C- ANTICORRUPCIÓN","votos":0,"votosPorcentaje":0.0}]},{"idAgrupacion":"95","idAgrupacionTelegrama":"95","nombreAgrupacion":"FRENTE PATRIOTA FEDERAL","votos":5,"votosPorcentaje":0.16,"listas":[{"idLista":"3021","nombreLista":"A- PRIMERO LA PATRIA","votos":5,"votosPorcentaje":100.0}]},{"idAgrupacion":"57","idAgrupacionTelegrama":"57","nombreAgrupacion":"MOVIMIENTO DE ACCION VECINAL","votos":4,"votosPorcentaje":0.12,"listas":[{"idLista":"3025","nombreLista":"A- COMPROMISO VECINAL","votos":4,"votosPorcentaje":100.0}]},{"idAgrupacion":"94","idAgrupacionTelegrama":"94","nombreAgrupacion":"PROYECTO JOVEN","votos":4,"votosPorcentaje":0.12,"listas":[{"idLista":"3022","nombreLista":"A- COALICION PAZ DEMOCRACIA SOBERANIA","votos":3,"votosPorcentaje":75.0},{"idLista":"3024","nombreLista":"C- TODEX","votos":1,"votosPorcentaje":25.0},{"idLista":"3023","nombreLista":"B- PATRIA UNIDA","votos":0,"votosPorcentaje":0.0}]},{"idAgrupacion":"20","idAgrupacionTelegrama":"20","nombreAgrupacion":"UNION DEL CENTRO DEMOCRATICO","votos":3,"votosPorcentaje":0.09,"listas":[{"idLista":"3018","nombreLista":"A- APERTURA LIBERAL ARGENTINA","votos":3,"votosPorcentaje":100.0}]}],"valoresTotalizadosOtros":{"votosNulos":7,"votosNulosPorcentaje":0.22,"votosEnBlanco":186,"votosEnBlancoPorcentaje":5.99,"votosRecurridosComandoImpugnados":4,"votosRecurridosComandoImpugnadosPorcentaje":0.12}}