{"fechaTotalizacion":"Aug 14, 2023, 5:27:40 AM","estadoRecuento":{"mesasEsperadas":19,"mesasTotalizadas":18,"mesasTotalizadasPorcentaje":94.73,"cantidadElectores":6253,"cantidadVotantes":4327,"participacionPorcentaje":69.19},"valoresTotalizadosPositivos":[{"idAgrupacion":"134","idAgrupacionTelegrama":"134","nombreAgrupacion":"UNION POR LA PATRIA","votos":2713,"votosPorcentaje":62.71,"listas":[{"idLista":"3005","nombreLista":"A- CELESTE Y BLANCA","votos":2101,"votosPorcentaje":77.44},{"idLista":"3006","nombreLista":"B- JUSTA Y SOBERANA","votos":612,"votosPorcentaje":22.55}]},{"idAgrupacion":"135","idAgrupacionTelegrama":"135","nombreAgrupacion":"LA LIBERTAD AVANZA","votos":596,"votosPorcentaje":13.77,"listas":[{"idLista":"3016","nombreLista":"A- LIBERTAD POR SIEMPRE","votos":596,"votosPorcentaje":100.0}]},{"idAgrupacion":"132","idAgrupacionTelegrama":"132","nombreAgrupacion":"JUNTOS POR EL CAMBIO","votos":286,"votosPorcentaje":6.61,"listas":[{"idLista":"3007","nombreLista":"A- EL CAMBIO DE NUESTRAS VIDAS","votos":163,"votosPorcentaje":56.99},{"idLista":"3008","nombreLista":"B- LA FUERZA DEL CAMBIO","votos":123,"votosPorcentaje":43.0}]},{"idAgrupacion":"136","idAgrupacionTelegrama":"136","nombreAgrupacion":"FRENTE DE IZQUIERDA Y DE TRABAJADORES - UNIDAD","votos":95,"votosPorcentaje":2.19,"listas":[{"idLista":"3010","nombreLista":"B- UNIDAD DE LUCHADORES Y LA IZQUIERDA","votos":49,"votosPorcentaje":51.57},{"idLista":"3009","nombreLista":"A- UNIR Y FORTALECER LA IZQUIERDA","votos":46,"votosPorcentaje":48.42}]},{"idAgrupacion":"133","idAgrupacionTelegrama":"133","nombreAgrupacion":"HACEMOS POR NUESTRO PAIS","votos":18,"votosPorcentaje":0.41,"listas":[{"idLista":"3001","nombreLista":"A- HACEMOS","votos":18,"votosPorcentaje":100.0}]},{"idAgrupacion":"13","idAgrupacionTelegrama":"13","nombreAgrupacion":"MOVIMIENTO AL SOCIALISMO","votos":17,"votosPorcentaje":0.39,"listas":[{"idLista":"3017","nombreLista":"A- IZQUIERDA ANTICAPITALISTA","votos":17,"votosPorcentaje":100.0}]},{"idAgrupacion":"90","idAgrupacionTelegrama":"90","nombreAgrupacion":"MOVIMIENTO IZQUIERDA JUVENTUD Y DIGNIDAD","votos":14,"votosPorcentaje":0.32,"listas":[{"idLista":"3026","nombreLista":"A- DIGNIDAD","votos":7,"votosPorcentaje":50.0},{"idLista":"3027","nombreLista":"B- CONFEDERAL","votos":7,"votosPorcentaje":50.0}]},{"idAgrupacion":"137","idAgrupacionTelegrama":"137","nombreAgrupacion":"PRINCIPIOS Y VALORES","votos":14,"votosPorcentaje":0.32,"listas":[{"idLista":"3011","nombreLista":"1A- TIERRA, TECHO  Y TRABAJO","votos":14,"votosPorcentaje":100.0}]},{"idAgrupacion":"131","idAgrupacionTelegrama":"131","nombreAgrupacion":"FRENTE LIBER.AR","votos":10,"votosPorcentaje":0.23,"listas":[{"idLista":"3002","nombreLista":"A- DEMOS","votos":5,"votosPorcentaje":50.0},{"idLista":"3003","nombreLista":"B- RECONQUISTA","votos":5,"votosPorcentaje":50.0},{"idLista":"3004","nombreLista":"C- ANTICORRUPCIÓN","votos":0,"votosPorcentaje":0.0}]},{"idAgrupacion":"94","idAgrupacionTelegrama":"94","nombreAgrupacion":"PROYECTO JOVEN","votos":10,"votosPorcentaje":0.23,"listas":[{"idLista":"3023","nombreLista":"B- PATRIA UNIDA","votos":5,"votosPorcentaje":50.0},{"idLista":"3024","nombreLista":"C- TODEX","votos":3,"votosPorcentaje":30.0},{"idLista":"3022","nombreLista":"A- COALICION PAZ DEMOCRACIA SOBERANIA","votos":2,"votosPorcentaje":20.0}]},{"idAgrupacion":"40","idAgrupacionTelegrama":"40","nombreAgrupacion":"MOVIMIENTO LIBRES DEL SUR","votos":7,"votosPorcentaje":0.16,"listas":[{"idLista":"3019","nombreLista":"A- AZUL Y ROJO","votos":7,"votosPorcentaje":100.0}]},{"idAgrupacion":"95","idAgrupacionTelegrama":"95","nombreAgrupacion":"FRENTE PATRIOTA FEDERAL","votos":6,"votosPorcentaje":0.13,"listas":[{"idLista":"3021","nombreLista":"A- PRIMERO LA PATRIA","votos":6,"votosPorcentaje":100.0}]},{"idAgrupacion":"57","idAgrupacionTelegrama":"57","nombreAgrupacion":"MOVIMIENTO DE ACCION VECINAL","votos":4,"votosPorcentaje":0.09,"listas":[{"idLista":"3025","nombreLista":"A- COMPROMISO VECINAL","votos":4,"votosPorcentaje":100.0}]},{"idAgrupacion":"92","idAgrupacionTelegrama":"92","nombreAgrupacion":"POLITICA OBRERA","votos":3,"votosPorcentaje":0.06,"listas":[{"idLista":"3020","nombreLista":"A- UNIDAD OBRERA","votos":3,"votosPorcentaje":100.0}]},{"idAgrupacion":"20","idAgrupacionTelegrama":"20","nombreAgrupacion":"UNION DEL CENTRO DEMOCRATICO","votos":2,"votosPorcentaje":0.04,"listas":[{"idLista":"3018","nombreLista":"A- APERTURA LIBERAL ARGENTINA","votos":2,"votosPorcentaje":100.0}]}],"valoresTotalizadosOtros":{"votosNulos":0,"votosNulosPorcentaje":0.0,"votosEnBlanco":531,"votosEnBlancoPorcentaje":12.27,"votosRecurridosComandoImpugnados":1,"votosRecurridosComandoImpugnadosPorcentaje":0.02}}