{"fechaTotalizacion":"Aug 14, 2023, 5:27:40 AM","estadoRecuento":{"mesasEsperadas":32,"mesasTotalizadas":30,"mesasTotalizadasPorcentaje":93.75,"cantidadElectores":10227,"cantidadVotantes":7300,"participacionPorcentaje":71.37},"valoresTotalizadosPositivos":[{"idAgrupacion":"132","idAgrupacionTelegrama":"132","nombreAgrupacion":"JUNTOS POR EL CAMBIO","votos":2675,"votosPorcentaje":37.0,"listas":[{"idLista":"3008","nombreLista":"B- LA FUERZA DEL CAMBIO","votos":1701,"votosPorcentaje":63.58},{"idLista":"3007","nombreLista":"A- EL CAMBIO DE NUESTRAS VIDAS","votos":974,"votosPorcentaje":36.41}]},{"idAgrupacion":"134","idAgrupacionTelegrama":"134","nombreAgrupacion":"UNION POR LA PATRIA","votos":2219,"votosPorcentaje":30.7,"listas":[{"idLista":"3005","nombreLista":"A- CELESTE Y BLANCA","votos":1484,"votosPorcentaje":66.87},{"idLista":"3006","nombreLista":"B- JUSTA Y SOBERANA","votos":735,"votosPorcentaje":33.12}]},{"idAgrupacion":"135","idAgrupacionTelegrama":"135","nombreAgrupacion":"LA LIBERTAD AVANZA","votos":1477,"votosPorcentaje":20.43,"listas":[{"idLista":"3016","nombreLista":"A- LIBERTAD POR SIEMPRE","votos":1477,"votosPorcentaje":100.0}]},{"idAgrupacion":"136","idAgrupacionTelegrama":"136","nombreAgrupacion":"FRENTE DE IZQUIERDA Y DE TRABAJADORES - UNIDAD","votos":292,"votosPorcentaje":4.03,"listas":[{"idLista":"3009","nombreLista":"A- UNIR Y FORTALECER LA IZQUIERDA","votos":228,"votosPorcentaje":78.08},{"idLista":"3010","nombreLista":"B- UNIDAD DE LUCHADORES Y LA IZQUIERDA","votos":64,"votosPorcentaje":21.91}]},{"idAgrupacion":"137","idAgrupacionTelegrama":"137","nombreAgrupacion":"PRINCIPIOS Y VALORES","votos":76,"votosPorcentaje":1.05,"listas":[{"idLista":"3011","nombreLista":"1A- TIERRA, TECHO  Y TRABAJO","votos":76,"votosPorcentaje":100.0}]},{"idAgrupacion":"133","idAgrupacionTelegrama":"133","nombreAgrupacion":"HACEMOS POR NUESTRO PAIS","votos":73,"votosPorcentaje":1.0,"listas":[{"idLista":"3001","nombreLista":"A- HACEMOS","votos":73,"votosPorcentaje":100.0}]},{"idAgrupacion":"90","idAgrupacionTelegrama":"90","nombreAgrupacion":"MOVIMIENTO IZQUIERDA JUVENTUD Y DIGNIDAD","votos":30,"votosPorcentaje":0.41,"listas":[{"idLista":"3027","nombreLista":"B- CONFEDERAL","votos":21,"votosPorcentaje":70.0},{"idLista":"3026","nombreLista":"A- DIGNIDAD","votos":9,"votosPorcentaje":30.0}]},{"idAgrupacion":"13","idAgrupacionTelegrama":"13","nombreAgrupacion":"MOVIMIENTO AL SOCIALISMO","votos":28,"votosPorcentaje":0.38,"listas":[{"idLista":"3017","nombreLista":"A- IZQUIERDA ANTICAPITALISTA","votos":28,"votosPorcentaje":100.0}]},{"idAgrupacion":"40","idAgrupacionTelegrama":"40","nombreAgrupacion":"MOVIMIENTO LIBRES DEL SUR","votos":17,"votosPorcentaje":0.23,"listas":[{"idLista":"3019","nombreLista":"A- AZUL Y ROJO","votos":17,"votosPorcentaje":100.0}]},{"idAgrupacion":"95","idAgrupacionTelegrama":"95","nombreAgrupacion":"FRENTE PATRIOTA FEDERAL","votos":12,"votosPorcentaje":0.16,"listas":[{"idLista":"3021","nombreLista":"A- PRIMERO LA PATRIA","votos":12,"votosPorcentaje":100.0}]},{"idAgrupacion":"94","idAgrupacionTelegrama":"94","nombreAgrupacion":"PROYECTO JOVEN","votos":12,"votosPorcentaje":0.16,"listas":[{"idLista":"3022","nombreLista":"A- COALICION PAZ DEMOCRACIA SOBERANIA","votos":6,"votosPorcentaje":50.0},{"idLista":"3023","nombreLista":"B- PATRIA UNIDA","votos":5,"votosPorcentaje":41.66},{"idLista":"3024","nombreLista":"C- TODEX","votos":1,"votosPorcentaje":8.33}]},{"idAgrupacion":"131","idAgrupacionTelegrama":"131","nombreAgrupacion":"FRENTE LIBER.AR","votos":11,"votosPorcentaje":0.15,"listas":[{"idLista":"3003","nombreLista":"B- RECONQUISTA","votos":6,"votosPorcentaje":54.54},{"idLista":"3002","nombreLista":"A- DEMOS","votos":5,"votosPorcentaje":45.45},{"idLista":"3004","nombreLista":"C- ANTICORRUPCIÓN","votos":0,"votosPorcentaje":0.0}]},{"idAgrupacion":"92","idAgrupacionTelegrama":"92","nombreAgrupacion":"POLITICA OBRERA","votos":10,"votosPorcentaje":0.13,"listas":[{"idLista":"3020","nombreLista":"A- UNIDAD OBRERA","votos":10,"votosPorcentaje":100.0}]},{"idAgrupacion":"20","idAgrupacionTelegrama":"20","nombreAgrupacion":"UNION DEL CENTRO DEMOCRATICO","votos":9,"votosPorcentaje":0.12,"listas":[{"idLista":"3018","nombreLista":"A- APERTURA LIBERAL ARGENTINA","votos":9,"votosPorcentaje":100.0}]},{"idAgrupacion":"57","idAgrupacionTelegrama":"57","nombreAgrupacion":"MOVIMIENTO DE ACCION VECINAL","votos":8,"votosPorcentaje":0.11,"listas":[{"idLista":"3025","nombreLista":"A- COMPROMISO VECINAL","votos":8,"votosPorcentaje":100.0}]}],"valoresTotalizadosOtros":{"votosNulos":58,"votosNulosPorcentaje":0.79,"votosEnBlanco":279,"votosEnBlancoPorcentaje":3.82,"votosRecurridosComandoImpugnados":14,"votosRecurridosComandoImpugnadosPorcentaje":0.19}}