{"fechaTotalizacion":"Aug 14, 2023, 5:27:40 AM","estadoRecuento":{"mesasEsperadas":61,"mesasTotalizadas":60,"mesasTotalizadasPorcentaje":98.36,"cantidadElectores":20840,"cantidadVotantes":15197,"participacionPorcentaje":72.92},"valoresTotalizadosPositivos":[{"idAgrupacion":"134","idAgrupacionTelegrama":"134","nombreAgrupacion":"UNION POR LA PATRIA","votos":5584,"votosPorcentaje":37.06,"listas":[{"idLista":"3005","nombreLista":"A- CELESTE Y BLANCA","votos":3947,"votosPorcentaje":70.68},{"idLista":"3006","nombreLista":"B- JUSTA Y SOBERANA","votos":1637,"votosPorcentaje":29.31}]},{"idAgrupacion":"132","idAgrupacionTelegrama":"132","nombreAgrupacion":"JUNTOS POR EL CAMBIO","votos":4313,"votosPorcentaje":28.63,"listas":[{"idLista":"3008","nombreLista":"B- LA FUERZA DEL CAMBIO","votos":2512,"votosPorcentaje":58.24},{"idLista":"3007","nombreLista":"A- EL CAMBIO DE NUESTRAS VIDAS","votos":1801,"votosPorcentaje":41.75}]},{"idAgrupacion":"135","idAgrupacionTelegrama":"135","nombreAgrupacion":"LA LIBERTAD AVANZA","votos":3110,"votosPorcentaje":20.64,"listas":[{"idLista":"3016","nombreLista":"A- LIBERTAD POR SIEMPRE","votos":3110,"votosPorcentaje":100.0}]},{"idAgrupacion":"136","idAgrupacionTelegrama":"136","nombreAgrupacion":"FRENTE DE IZQUIERDA Y DE TRABAJADORES - UNIDAD","votos":615,"votosPorcentaje":4.08,"listas":[{"idLista":"3009","nombreLista":"A- UNIR Y FORTALECER LA IZQUIERDA","votos":470,"votosPorcentaje":76.42},{"idLista":"3010","nombreLista":"B- UNIDAD DE LUCHADORES Y LA IZQUIERDA","votos":145,"votosPorcentaje":23.57}]},{"idAgrupacion":"137","idAgrupacionTelegrama":"137","nombreAgrupacion":"PRINCIPIOS Y VALORES","votos":184,"votosPorcentaje":1.22,"listas":[{"idLista":"3011","nombreLista":"1A- TIERRA, TECHO  Y TRABAJO","votos":184,"votosPorcentaje":100.0}]},{"idAgrupacion":"133","idAgrupacionTelegrama":"133","nombreAgrupacion":"HACEMOS POR NUESTRO PAIS","votos":166,"votosPorcentaje":1.1,"listas":[{"idLista":"3001","nombreLista":"A- HACEMOS","votos":166,"votosPorcentaje":100.0}]},{"idAgrupacion":"90","idAgrupacionTelegrama":"90","nombreAgrupacion":"MOVIMIENTO IZQUIERDA JUVENTUD Y DIGNIDAD","votos":75,"votosPorcentaje":0.49,"listas":[{"idLista":"3027","nombreLista":"B- CONFEDERAL","votos":63,"votosPorcentaje":84.0},{"idLista":"3026","nombreLista":"A- DIGNIDAD","votos":12,"votosPorcentaje":16.0}]},{"idAgrupacion":"13","idAgrupacionTelegrama":"13","nombreAgrupacion":"MOVIMIENTO AL SOCIALISMO","votos":71,"votosPorcentaje":0.47,"listas":[{"idLista":"3017","nombreLista":"A- IZQUIERDA ANTICAPITALISTA","votos":71,"votosPorcentaje":100.0}]},{"idAgrupacion":"92","idAgrupacionTelegrama":"92","nombreAgrupacion":"POLITICA OBRERA","votos":32,"votosPorcentaje":0.21,"listas":[{"idLista":"3020","nombreLista":"A- UNIDAD OBRERA","votos":32,"votosPorcentaje":100.0}]},{"idAgrupacion":"94","idAgrupacionTelegrama":"94","nombreAgrupacion":"PROYECTO JOVEN","votos":32,"votosPorcentaje":0.21,"listas":[{"idLista":"3022","nombreLista":"A- COALICION PAZ DEMOCRACIA SOBERANIA","votos":14,"votosPorcentaje":43.75},{"idLista":"3023","nombreLista":"B- PATRIA UNIDA","votos":13,"votosPorcentaje":40.62},{"idLista":"3024","nombreLista":"C- TODEX","votos":5,"votosPorcentaje":15.62}]},{"idAgrupacion":"40","idAgrupacionTelegrama":"40","nombreAgrupacion":"MOVIMIENTO LIBRES DEL SUR","votos":31,"votosPorcentaje":0.2,"listas":[{"idLista":"3019","nombreLista":"A- AZUL Y ROJO","votos":31,"votosPorcentaje":100.0}]},{"idAgrupacion":"131","idAgrupacionTelegrama":"131","nombreAgrupacion":"FRENTE LIBER.AR","votos":30,"votosPorcentaje":0.19,"listas":[{"idLista":"3003","nombreLista":"B- RECONQUISTA","votos":22,"votosPorcentaje":73.33},{"idLista":"3002","nombreLista":"A- DEMOS","votos":8,"votosPorcentaje":26.66},{"idLista":"3004","nombreLista":"C- ANTICORRUPCIÓN","votos":0,"votosPorcentaje":0.0}]},{"idAgrupacion":"95","idAgrupacionTelegrama":"95","nombreAgrupacion":"FRENTE PATRIOTA FEDERAL","votos":29,"votosPorcentaje":0.19,"listas":[{"idLista":"3021","nombreLista":"A- PRIMERO LA PATRIA","votos":29,"votosPorcentaje":100.0}]},{"idAgrupacion":"57","idAgrupacionTelegrama":"57","nombreAgrupacion":"MOVIMIENTO DE ACCION VECINAL","votos":22,"votosPorcentaje":0.14,"listas":[{"idLista":"3025","nombreLista":"A- COMPROMISO VECINAL","votos":22,"votosPorcentaje":100.0}]},{"idAgrupacion":"20","idAgrupacionTelegrama":"20","nombreAgrupacion":"UNION DEL CENTRO DEMOCRATICO","votos":20,"votosPorcentaje":0.13,"listas":[{"idLista":"3018","nombreLista":"A- APERTURA LIBERAL ARGENTINA","votos":20,"votosPorcentaje":100.0}]}],"valoresTotalizadosOtros":{"votosNulos":103,"votosNulosPorcentaje":0.67,"votosEnBlanco":750,"votosEnBlancoPorcentaje":4.93,"votosRecurridosComandoImpugnados":30,"votosRecurridosComandoImpugnadosPorcentaje":0.19}}