{"fechaTotalizacion":"Aug 14, 2023, 5:27:40 AM","estadoRecuento":{"mesasEsperadas":156,"mesasTotalizadas":151,"mesasTotalizadasPorcentaje":96.79,"cantidadElectores":52692,"cantidadVotantes":36895,"participacionPorcentaje":70.02},"valoresTotalizadosPositivos":[{"idAgrupacion":"134","idAgrupacionTelegrama":"134","nombreAgrupacion":"UNION POR LA PATRIA","votos":15545,"votosPorcentaje":42.41,"listas":[{"idLista":"3005","nombreLista":"A- CELESTE Y BLANCA","votos":10932,"votosPorcentaje":70.32},{"idLista":"3006","nombreLista":"B- JUSTA Y SOBERANA","votos":4613,"votosPorcentaje":29.67}]},{"idAgrupacion":"132","idAgrupacionTelegrama":"132","nombreAgrupacion":"JUNTOS POR EL CAMBIO","votos":8379,"votosPorcentaje":22.86,"listas":[{"idLista":"3008","nombreLista":"B- LA FUERZA DEL CAMBIO","votos":4901,"votosPorcentaje":58.49},{"idLista":"3007","nombreLista":"A- EL CAMBIO DE NUESTRAS VIDAS","votos":3478,"votosPorcentaje":41.5}]},{"idAgrupacion":"135","idAgrupacionTelegrama":"135","nombreAgrupacion":"LA LIBERTAD AVANZA","votos":7289,"votosPorcentaje":19.88,"listas":[{"idLista":"3016","nombreLista":"A- LIBERTAD POR SIEMPRE","votos":7289,"votosPorcentaje":100.0}]},{"idAgrupacion":"136","idAgrupacionTelegrama":"136","nombreAgrupacion":"FRENTE DE IZQUIERDA Y DE TRABAJADORES - UNIDAD","votos":1285,"votosPorcentaje":3.5,"listas":[{"idLista":"3009","nombreLista":"A- UNIR Y FORTALECER LA IZQUIERDA","votos":977,"votosPorcentaje":76.03},{"idLista":"3010","nombreLista":"B- UNIDAD DE LUCHADORES Y LA IZQUIERDA","votos":308,"votosPorcentaje":23.96}]},{"idAgrupacion":"137","idAgrupacionTelegrama":"137","nombreAgrupacion":"PRINCIPIOS Y VALORES","votos":383,"votosPorcentaje":1.04,"listas":[{"idLista":"3011","nombreLista":"1A- TIERRA, TECHO  Y TRABAJO","votos":383,"votosPorcentaje":100.0}]},{"idAgrupacion":"133","idAgrupacionTelegrama":"133","nombreAgrupacion":"HACEMOS POR NUESTRO PAIS","votos":328,"votosPorcentaje":0.89,"listas":[{"idLista":"3001","nombreLista":"A- HACEMOS","votos":328,"votosPorcentaje":100.0}]},{"idAgrupacion":"90","idAgrupacionTelegrama":"90","nombreAgrupacion":"MOVIMIENTO IZQUIERDA JUVENTUD Y DIGNIDAD","votos":175,"votosPorcentaje":0.47,"listas":[{"idLista":"3027","nombreLista":"B- CONFEDERAL","votos":139,"votosPorcentaje":79.42},{"idLista":"3026","nombreLista":"A- DIGNIDAD","votos":36,"votosPorcentaje":20.57}]},{"idAgrupacion":"13","idAgrupacionTelegrama":"13","nombreAgrupacion":"MOVIMIENTO AL SOCIALISMO","votos":131,"votosPorcentaje":0.35,"listas":[{"idLista":"3017","nombreLista":"A- IZQUIERDA ANTICAPITALISTA","votos":131,"votosPorcentaje":100.0}]},{"idAgrupacion":"40","idAgrupacionTelegrama":"40","nombreAgrupacion":"MOVIMIENTO LIBRES DEL SUR","votos":127,"votosPorcentaje":0.34,"listas":[{"idLista":"3019","nombreLista":"A- AZUL Y ROJO","votos":127,"votosPorcentaje":100.0}]},{"idAgrupacion":"94","idAgrupacionTelegrama":"94","nombreAgrupacion":"PROYECTO JOVEN","votos":106,"votosPorcentaje":0.28,"listas":[{"idLista":"3022","nombreLista":"A- COALICION PAZ DEMOCRACIA SOBERANIA","votos":51,"votosPorcentaje":48.11},{"idLista":"3023","nombreLista":"B- PATRIA UNIDA","votos":36,"votosPorcentaje":33.96},{"idLista":"3024","nombreLista":"C- TODEX","votos":19,"votosPorcentaje":17.92}]},{"idAgrupacion":"95","idAgrupacionTelegrama":"95","nombreAgrupacion":"FRENTE PATRIOTA FEDERAL","votos":88,"votosPorcentaje":0.24,"listas":[{"idLista":"3021","nombreLista":"A- PRIMERO LA PATRIA","votos":88,"votosPorcentaje":100.0}]},{"idAgrupacion":"92","idAgrupacionTelegrama":"92","nombreAgrupacion":"POLITICA OBRERA","votos":75,"votosPorcentaje":0.2,"listas":[{"idLista":"3020","nombreLista":"A- UNIDAD OBRERA","votos":75,"votosPorcentaje":100.0}]},{"idAgrupacion":"57","idAgrupacionTelegrama":"57","nombreAgrupacion":"MOVIMIENTO DE ACCION VECINAL","votos":70,"votosPorcentaje":0.19,"listas":[{"idLista":"3025","nombreLista":"A- COMPROMISO VECINAL","votos":70,"votosPorcentaje":100.0}]},{"idAgrupacion":"131","idAgrupacionTelegrama":"131","nombreAgrupacion":"FRENTE LIBER.AR","votos":64,"votosPorcentaje":0.17,"listas":[{"idLista":"3003","nombreLista":"B- RECONQUISTA","votos":52,"votosPorcentaje":81.25},{"idLista":"3002","nombreLista":"A- DEMOS","votos":11,"votosPorcentaje":17.18},{"idLista":"3004","nombreLista":"C- ANTICORRUPCIÓN","votos":1,"votosPorcentaje":1.56}]},{"idAgrupacion":"20","idAgrupacionTelegrama":"20","nombreAgrupacion":"UNION DEL CENTRO DEMOCRATICO","votos":38,"votosPorcentaje":0.1,"listas":[{"idLista":"3018","nombreLista":"A- APERTURA LIBERAL ARGENTINA","votos":38,"votosPorcentaje":100.0}]}],"valoresTotalizadosOtros":{"votosNulos":210,"votosNulosPorcentaje":0.56,"votosEnBlanco":2567,"votosEnBlancoPorcentaje":6.95,"votosRecurridosComandoImpugnados":35,"votosRecurridosComandoImpugnadosPorcentaje":0.09}}