{"fechaTotalizacion":"Aug 14, 2023, 5:27:40 AM","estadoRecuento":{"mesasEsperadas":61,"mesasTotalizadas":59,"mesasTotalizadasPorcentaje":96.72,"cantidadElectores":20630,"cantidadVotantes":15296,"participacionPorcentaje":74.14},"valoresTotalizadosPositivos":[{"idAgrupacion":"134","idAgrupacionTelegrama":"134","nombreAgrupacion":"UNION POR LA PATRIA","votos":5689,"votosPorcentaje":37.44,"listas":[{"idLista":"3005","nombreLista":"A- CELESTE Y BLANCA","votos":3932,"votosPorcentaje":69.11},{"idLista":"3006","nombreLista":"B- JUSTA Y SOBERANA","votos":1757,"votosPorcentaje":30.88}]},{"idAgrupacion":"132","idAgrupacionTelegrama":"132","nombreAgrupacion":"JUNTOS POR EL CAMBIO","votos":4411,"votosPorcentaje":29.03,"listas":[{"idLista":"3008","nombreLista":"B- LA FUERZA DEL CAMBIO","votos":2630,"votosPorcentaje":59.62},{"idLista":"3007","nombreLista":"A- EL CAMBIO DE NUESTRAS VIDAS","votos":1781,"votosPorcentaje":40.37}]},{"idAgrupacion":"135","idAgrupacionTelegrama":"135","nombreAgrupacion":"LA LIBERTAD AVANZA","votos":3132,"votosPorcentaje":20.61,"listas":[{"idLista":"3016","nombreLista":"A- LIBERTAD POR SIEMPRE","votos":3132,"votosPorcentaje":100.0}]},{"idAgrupacion":"136","idAgrupacionTelegrama":"136","nombreAgrupacion":"FRENTE DE IZQUIERDA Y DE TRABAJADORES - UNIDAD","votos":607,"votosPorcentaje":3.99,"listas":[{"idLista":"3009","nombreLista":"A- UNIR Y FORTALECER LA IZQUIERDA","votos":455,"votosPorcentaje":74.95},{"idLista":"3010","nombreLista":"B- UNIDAD DE LUCHADORES Y LA IZQUIERDA","votos":152,"votosPorcentaje":25.04}]},{"idAgrupacion":"137","idAgrupacionTelegrama":"137","nombreAgrupacion":"PRINCIPIOS Y VALORES","votos":174,"votosPorcentaje":1.14,"listas":[{"idLista":"3011","nombreLista":"1A- TIERRA, TECHO  Y TRABAJO","votos":174,"votosPorcentaje":100.0}]},{"idAgrupacion":"133","idAgrupacionTelegrama":"133","nombreAgrupacion":"HACEMOS POR NUESTRO PAIS","votos":144,"votosPorcentaje":0.94,"listas":[{"idLista":"3001","nombreLista":"A- HACEMOS","votos":144,"votosPorcentaje":100.0}]},{"idAgrupacion":"13","idAgrupacionTelegrama":"13","nombreAgrupacion":"MOVIMIENTO AL SOCIALISMO","votos":72,"votosPorcentaje":0.47,"listas":[{"idLista":"3017","nombreLista":"A- IZQUIERDA ANTICAPITALISTA","votos":72,"votosPorcentaje":100.0}]},{"idAgrupacion":"90","idAgrupacionTelegrama":"90","nombreAgrupacion":"MOVIMIENTO IZQUIERDA JUVENTUD Y DIGNIDAD","votos":68,"votosPorcentaje":0.44,"listas":[{"idLista":"3027","nombreLista":"B- CONFEDERAL","votos":53,"votosPorcentaje":77.94},{"idLista":"3026","nombreLista":"A- DIGNIDAD","votos":15,"votosPorcentaje":22.05}]},{"idAgrupacion":"94","idAgrupacionTelegrama":"94","nombreAgrupacion":"PROYECTO JOVEN","votos":52,"votosPorcentaje":0.34,"listas":[{"idLista":"3023","nombreLista":"B- PATRIA UNIDA","votos":25,"votosPorcentaje":48.07},{"idLista":"3024","nombreLista":"C- TODEX","votos":15,"votosPorcentaje":28.84},{"idLista":"3022","nombreLista":"A- COALICION PAZ DEMOCRACIA SOBERANIA","votos":12,"votosPorcentaje":23.07}]},{"idAgrupacion":"40","idAgrupacionTelegrama":"40","nombreAgrupacion":"MOVIMIENTO LIBRES DEL SUR","votos":42,"votosPorcentaje":0.27,"listas":[{"idLista":"3019","nombreLista":"A- AZUL Y ROJO","votos":42,"votosPorcentaje":100.0}]},{"idAgrupacion":"95","idAgrupacionTelegrama":"95","nombreAgrupacion":"FRENTE PATRIOTA FEDERAL","votos":34,"votosPorcentaje":0.22,"listas":[{"idLista":"3021","nombreLista":"A- PRIMERO LA PATRIA","votos":34,"votosPorcentaje":100.0}]},{"idAgrupacion":"92","idAgrupacionTelegrama":"92","nombreAgrupacion":"POLITICA OBRERA","votos":30,"votosPorcentaje":0.19,"listas":[{"idLista":"3020","nombreLista":"A- UNIDAD OBRERA","votos":30,"votosPorcentaje":100.0}]},{"idAgrupacion":"131","idAgrupacionTelegrama":"131","nombreAgrupacion":"FRENTE LIBER.AR","votos":25,"votosPorcentaje":0.16,"listas":[{"idLista":"3003","nombreLista":"B- RECONQUISTA","votos":19,"votosPorcentaje":76.0},{"idLista":"3002","nombreLista":"A- DEMOS","votos":5,"votosPorcentaje":20.0},{"idLista":"3004","nombreLista":"C- ANTICORRUPCIÓN","votos":1,"votosPorcentaje":4.0}]},{"idAgrupacion":"57","idAgrupacionTelegrama":"57","nombreAgrupacion":"MOVIMIENTO DE ACCION VECINAL","votos":23,"votosPorcentaje":0.15,"listas":[{"idLista":"3025","nombreLista":"A- COMPROMISO VECINAL","votos":23,"votosPorcentaje":100.0}]},{"idAgrupacion":"20","idAgrupacionTelegrama":"20","nombreAgrupacion":"UNION DEL CENTRO DEMOCRATICO","votos":22,"votosPorcentaje":0.14,"listas":[{"idLista":"3018","nombreLista":"A- APERTURA LIBERAL ARGENTINA","votos":22,"votosPorcentaje":100.0}]}],"valoresTotalizadosOtros":{"votosNulos":76,"votosNulosPorcentaje":0.49,"votosEnBlanco":667,"votosEnBlancoPorcentaje":4.36,"votosRecurridosComandoImpugnados":28,"votosRecurridosComandoImpugnadosPorcentaje":0.18}}