{"fechaTotalizacion":"Aug 14, 2023, 5:27:40 AM","estadoRecuento":{"mesasEsperadas":34,"mesasTotalizadas":33,"mesasTotalizadasPorcentaje":97.05,"cantidadElectores":11224,"cantidadVotantes":7863,"participacionPorcentaje":70.05},"valoresTotalizadosPositivos":[{"idAgrupacion":"134","idAgrupacionTelegrama":"134","nombreAgrupacion":"UNION POR LA PATRIA","votos":3169,"votosPorcentaje":40.73,"listas":[{"idLista":"3005","nombreLista":"A- CELESTE Y BLANCA","votos":2224,"votosPorcentaje":70.17},{"idLista":"3006","nombreLista":"B- JUSTA Y SOBERANA","votos":945,"votosPorcentaje":29.82}]},{"idAgrupacion":"132","idAgrupacionTelegrama":"132","nombreAgrupacion":"JUNTOS POR EL CAMBIO","votos":1820,"votosPorcentaje":23.39,"listas":[{"idLista":"3008","nombreLista":"B- LA FUERZA DEL CAMBIO","votos":1065,"votosPorcentaje":58.51},{"idLista":"3007","nombreLista":"A- EL CAMBIO DE NUESTRAS VIDAS","votos":755,"votosPorcentaje":41.48}]},{"idAgrupacion":"135","idAgrupacionTelegrama":"135","nombreAgrupacion":"LA LIBERTAD AVANZA","votos":1506,"votosPorcentaje":19.35,"listas":[{"idLista":"3016","nombreLista":"A- LIBERTAD POR SIEMPRE","votos":1506,"votosPorcentaje":100.0}]},{"idAgrupacion":"136","idAgrupacionTelegrama":"136","nombreAgrupacion":"FRENTE DE IZQUIERDA Y DE TRABAJADORES - UNIDAD","votos":345,"votosPorcentaje":4.43,"listas":[{"idLista":"3009","nombreLista":"A- UNIR Y FORTALECER LA IZQUIERDA","votos":230,"votosPorcentaje":66.66},{"idLista":"3010","nombreLista":"B- UNIDAD DE LUCHADORES Y LA IZQUIERDA","votos":115,"votosPorcentaje":33.33}]},{"idAgrupacion":"137","idAgrupacionTelegrama":"137","nombreAgrupacion":"PRINCIPIOS Y VALORES","votos":132,"votosPorcentaje":1.69,"listas":[{"idLista":"3011","nombreLista":"1A- TIERRA, TECHO  Y TRABAJO","votos":132,"votosPorcentaje":100.0}]},{"idAgrupacion":"133","idAgrupacionTelegrama":"133","nombreAgrupacion":"HACEMOS POR NUESTRO PAIS","votos":71,"votosPorcentaje":0.91,"listas":[{"idLista":"3001","nombreLista":"A- HACEMOS","votos":71,"votosPorcentaje":100.0}]},{"idAgrupacion":"90","idAgrupacionTelegrama":"90","nombreAgrupacion":"MOVIMIENTO IZQUIERDA JUVENTUD Y DIGNIDAD","votos":36,"votosPorcentaje":0.46,"listas":[{"idLista":"3027","nombreLista":"B- CONFEDERAL","votos":31,"votosPorcentaje":86.11},{"idLista":"3026","nombreLista":"A- DIGNIDAD","votos":5,"votosPorcentaje":13.88}]},{"idAgrupacion":"94","idAgrupacionTelegrama":"94","nombreAgrupacion":"PROYECTO JOVEN","votos":27,"votosPorcentaje":0.34,"listas":[{"idLista":"3024","nombreLista":"C- TODEX","votos":11,"votosPorcentaje":40.74},{"idLista":"3022","nombreLista":"A- COALICION PAZ DEMOCRACIA SOBERANIA","votos":10,"votosPorcentaje":37.03},{"idLista":"3023","nombreLista":"B- PATRIA UNIDA","votos":6,"votosPorcentaje":22.22}]},{"idAgrupacion":"95","idAgrupacionTelegrama":"95","nombreAgrupacion":"FRENTE PATRIOTA FEDERAL","votos":25,"votosPorcentaje":0.32,"listas":[{"idLista":"3021","nombreLista":"A- PRIMERO LA PATRIA","votos":25,"votosPorcentaje":100.0}]},{"idAgrupacion":"13","idAgrupacionTelegrama":"13","nombreAgrupacion":"MOVIMIENTO AL SOCIALISMO","votos":25,"votosPorcentaje":0.32,"listas":[{"idLista":"3017","nombreLista":"A- IZQUIERDA ANTICAPITALISTA","votos":25,"votosPorcentaje":100.0}]},{"idAgrupacion":"40","idAgrupacionTelegrama":"40","nombreAgrupacion":"MOVIMIENTO LIBRES DEL SUR","votos":24,"votosPorcentaje":0.3,"listas":[{"idLista":"3019","nombreLista":"A- AZUL Y ROJO","votos":24,"votosPorcentaje":100.0}]},{"idAgrupacion":"92","idAgrupacionTelegrama":"92","nombreAgrupacion":"POLITICA OBRERA","votos":18,"votosPorcentaje":0.23,"listas":[{"idLista":"3020","nombreLista":"A- UNIDAD OBRERA","votos":18,"votosPorcentaje":100.0}]},{"idAgrupacion":"131","idAgrupacionTelegrama":"131","nombreAgrupacion":"FRENTE LIBER.AR","votos":16,"votosPorcentaje":0.2,"listas":[{"idLista":"3003","nombreLista":"B- RECONQUISTA","votos":13,"votosPorcentaje":81.25},{"idLista":"3002","nombreLista":"A- DEMOS","votos":3,"votosPorcentaje":18.75},{"idLista":"3004","nombreLista":"C- ANTICORRUPCIÓN","votos":0,"votosPorcentaje":0.0}]},{"idAgrupacion":"57","idAgrupacionTelegrama":"57","nombreAgrupacion":"MOVIMIENTO DE ACCION VECINAL","votos":14,"votosPorcentaje":0.17,"listas":[{"idLista":"3025","nombreLista":"A- COMPROMISO VECINAL","votos":14,"votosPorcentaje":100.0}]},{"idAgrupacion":"20","idAgrupacionTelegrama":"20","nombreAgrupacion":"UNION DEL CENTRO DEMOCRATICO","votos":10,"votosPorcentaje":0.12,"listas":[{"idLista":"3018","nombreLista":"A- APERTURA LIBERAL ARGENTINA","votos":10,"votosPorcentaje":100.0}]}],"valoresTotalizadosOtros":{"votosNulos":70,"votosNulosPorcentaje":0.89,"votosEnBlanco":541,"votosEnBlancoPorcentaje":6.88,"votosRecurridosComandoImpugnados":14,"votosRecurridosComandoImpugnadosPorcentaje":0.17}}