{"fechaTotalizacion":"Aug 14, 2023, 5:27:40 AM","estadoRecuento":{"mesasEsperadas":41,"mesasTotalizadas":40,"mesasTotalizadasPorcentaje":97.56,"cantidadElectores":13820,"cantidadVotantes":10213,"participacionPorcentaje":73.9},"valoresTotalizadosPositivos":[{"idAgrupacion":"132","idAgrupacionTelegrama":"132","nombreAgrupacion":"JUNTOS POR EL CAMBIO","votos":3945,"votosPorcentaje":38.9,"listas":[{"idLista":"3008","nombreLista":"B- LA FUERZA DEL CAMBIO","votos":2367,"votosPorcentaje":60.0},{"idLista":"3007","nombreLista":"A- EL CAMBIO DE NUESTRAS VIDAS","votos":1578,"votosPorcentaje":40.0}]},{"idAgrupacion":"134","idAgrupacionTelegrama":"134","nombreAgrupacion":"UNION POR LA PATRIA","votos":3289,"votosPorcentaje":32.43,"listas":[{"idLista":"3005","nombreLista":"A- CELESTE Y BLANCA","votos":2301,"votosPorcentaje":69.96},{"idLista":"3006","nombreLista":"B- JUSTA Y SOBERANA","votos":988,"votosPorcentaje":30.03}]},{"idAgrupacion":"135","idAgrupacionTelegrama":"135","nombreAgrupacion":"LA LIBERTAD AVANZA","votos":1651,"votosPorcentaje":16.28,"listas":[{"idLista":"3016","nombreLista":"A- LIBERTAD POR SIEMPRE","votos":1651,"votosPorcentaje":100.0}]},{"idAgrupacion":"136","idAgrupacionTelegrama":"136","nombreAgrupacion":"FRENTE DE IZQUIERDA Y DE TRABAJADORES - UNIDAD","votos":377,"votosPorcentaje":3.71,"listas":[{"idLista":"3009","nombreLista":"A- UNIR Y FORTALECER LA IZQUIERDA","votos":291,"votosPorcentaje":77.18},{"idLista":"3010","nombreLista":"B- UNIDAD DE LUCHADORES Y LA IZQUIERDA","votos":86,"votosPorcentaje":22.81}]},{"idAgrupacion":"137","idAgrupacionTelegrama":"137","nombreAgrupacion":"PRINCIPIOS Y VALORES","votos":165,"votosPorcentaje":1.62,"listas":[{"idLista":"3011","nombreLista":"1A- TIERRA, TECHO  Y TRABAJO","votos":165,"votosPorcentaje":100.0}]},{"idAgrupacion":"133","idAgrupacionTelegrama":"133","nombreAgrupacion":"HACEMOS POR NUESTRO PAIS","votos":129,"votosPorcentaje":1.27,"listas":[{"idLista":"3001","nombreLista":"A- HACEMOS","votos":129,"votosPorcentaje":100.0}]},{"idAgrupacion":"13","idAgrupacionTelegrama":"13","nombreAgrupacion":"MOVIMIENTO AL SOCIALISMO","votos":45,"votosPorcentaje":0.44,"listas":[{"idLista":"3017","nombreLista":"A- IZQUIERDA ANTICAPITALISTA","votos":45,"votosPorcentaje":100.0}]},{"idAgrupacion":"90","idAgrupacionTelegrama":"90","nombreAgrupacion":"MOVIMIENTO IZQUIERDA JUVENTUD Y DIGNIDAD","votos":42,"votosPorcentaje":0.41,"listas":[{"idLista":"3027","nombreLista":"B- CONFEDERAL","votos":37,"votosPorcentaje":88.09},{"idLista":"3026","nombreLista":"A- DIGNIDAD","votos":5,"votosPorcentaje":11.9}]},{"idAgrupacion":"92","idAgrupacionTelegrama":"92","nombreAgrupacion":"POLITICA OBRERA","votos":31,"votosPorcentaje":0.3,"listas":[{"idLista":"3020","nombreLista":"A- UNIDAD OBRERA","votos":31,"votosPorcentaje":100.0}]},{"idAgrupacion":"94","idAgrupacionTelegrama":"94","nombreAgrupacion":"PROYECTO JOVEN","votos":18,"votosPorcentaje":0.17,"listas":[{"idLista":"3023","nombreLista":"B- PATRIA UNIDA","votos":8,"votosPorcentaje":44.44},{"idLista":"3022","nombreLista":"A- COALICION PAZ DEMOCRACIA SOBERANIA","votos":6,"votosPorcentaje":33.33},{"idLista":"3024","nombreLista":"C- TODEX","votos":4,"votosPorcentaje":22.22}]},{"idAgrupacion":"40","idAgrupacionTelegrama":"40","nombreAgrupacion":"MOVIMIENTO LIBRES DEL SUR","votos":16,"votosPorcentaje":0.15,"listas":[{"idLista":"3019","nombreLista":"A- AZUL Y ROJO","votos":16,"votosPorcentaje":100.0}]},{"idAgrupacion":"95","idAgrupacionTelegrama":"95","nombreAgrupacion":"FRENTE PATRIOTA FEDERAL","votos":13,"votosPorcentaje":0.12,"listas":[{"idLista":"3021","nombreLista":"A- PRIMERO LA PATRIA","votos":13,"votosPorcentaje":100.0}]},{"idAgrupacion":"20","idAgrupacionTelegrama":"20","nombreAgrupacion":"UNION DEL CENTRO DEMOCRATICO","votos":8,"votosPorcentaje":0.07,"listas":[{"idLista":"3018","nombreLista":"A- APERTURA LIBERAL ARGENTINA","votos":8,"votosPorcentaje":100.0}]},{"idAgrupacion":"131","idAgrupacionTelegrama":"131","nombreAgrupacion":"FRENTE LIBER.AR","votos":7,"votosPorcentaje":0.06,"listas":[{"idLista":"3003","nombreLista":"B- RECONQUISTA","votos":6,"votosPorcentaje":85.71},{"idLista":"3004","nombreLista":"C- ANTICORRUPCIÓN","votos":1,"votosPorcentaje":14.28},{"idLista":"3002","nombreLista":"A- DEMOS","votos":0,"votosPorcentaje":0.0}]},{"idAgrupacion":"57","idAgrupacionTelegrama":"57","nombreAgrupacion":"MOVIMIENTO DE ACCION VECINAL","votos":5,"votosPorcentaje":0.04,"listas":[{"idLista":"3025","nombreLista":"A- COMPROMISO VECINAL","votos":5,"votosPorcentaje":100.0}]}],"valoresTotalizadosOtros":{"votosNulos":56,"votosNulosPorcentaje":0.54,"votosEnBlanco":398,"votosEnBlancoPorcentaje":3.89,"votosRecurridosComandoImpugnados":18,"votosRecurridosComandoImpugnadosPorcentaje":0.17}}