{"fechaTotalizacion":"Aug 14, 2023, 5:27:40 AM","estadoRecuento":{"mesasEsperadas":63,"mesasTotalizadas":61,"mesasTotalizadasPorcentaje":96.82,"cantidadElectores":21110,"cantidadVotantes":14371,"participacionPorcentaje":68.07},"valoresTotalizadosPositivos":[{"idAgrupacion":"134","idAgrupacionTelegrama":"134","nombreAgrupacion":"UNION POR LA PATRIA","votos":6806,"votosPorcentaje":47.58,"listas":[{"idLista":"3005","nombreLista":"A- CELESTE Y BLANCA","votos":4885,"votosPorcentaje":71.77},{"idLista":"3006","nombreLista":"B- JUSTA Y SOBERANA","votos":1921,"votosPorcentaje":28.22}]},{"idAgrupacion":"135","idAgrupacionTelegrama":"135","nombreAgrupacion":"LA LIBERTAD AVANZA","votos":2826,"votosPorcentaje":19.75,"listas":[{"idLista":"3016","nombreLista":"A- LIBERTAD POR SIEMPRE","votos":2826,"votosPorcentaje":100.0}]},{"idAgrupacion":"132","idAgrupacionTelegrama":"132","nombreAgrupacion":"JUNTOS POR EL CAMBIO","votos":2510,"votosPorcentaje":17.54,"listas":[{"idLista":"3008","nombreLista":"B- LA FUERZA DEL CAMBIO","votos":1417,"votosPorcentaje":56.45},{"idLista":"3007","nombreLista":"A- EL CAMBIO DE NUESTRAS VIDAS","votos":1093,"votosPorcentaje":43.54}]},{"idAgrupacion":"136","idAgrupacionTelegrama":"136","nombreAgrupacion":"FRENTE DE IZQUIERDA Y DE TRABAJADORES - UNIDAD","votos":534,"votosPorcentaje":3.73,"listas":[{"idLista":"3009","nombreLista":"A- UNIR Y FORTALECER LA IZQUIERDA","votos":356,"votosPorcentaje":66.66},{"idLista":"3010","nombreLista":"B- UNIDAD DE LUCHADORES Y LA IZQUIERDA","votos":178,"votosPorcentaje":33.33}]},{"idAgrupacion":"137","idAgrupacionTelegrama":"137","nombreAgrupacion":"PRINCIPIOS Y VALORES","votos":130,"votosPorcentaje":0.9,"listas":[{"idLista":"3011","nombreLista":"1A- TIERRA, TECHO  Y TRABAJO","votos":130,"votosPorcentaje":100.0}]},{"idAgrupacion":"133","idAgrupacionTelegrama":"133","nombreAgrupacion":"HACEMOS POR NUESTRO PAIS","votos":110,"votosPorcentaje":0.76,"listas":[{"idLista":"3001","nombreLista":"A- HACEMOS","votos":110,"votosPorcentaje":100.0}]},{"idAgrupacion":"90","idAgrupacionTelegrama":"90","nombreAgrupacion":"MOVIMIENTO IZQUIERDA JUVENTUD Y DIGNIDAD","votos":76,"votosPorcentaje":0.53,"listas":[{"idLista":"3027","nombreLista":"B- CONFEDERAL","votos":64,"votosPorcentaje":84.21},{"idLista":"3026","nombreLista":"A- DIGNIDAD","votos":12,"votosPorcentaje":15.78}]},{"idAgrupacion":"57","idAgrupacionTelegrama":"57","nombreAgrupacion":"MOVIMIENTO DE ACCION VECINAL","votos":48,"votosPorcentaje":0.33,"listas":[{"idLista":"3025","nombreLista":"A- COMPROMISO VECINAL","votos":48,"votosPorcentaje":100.0}]},{"idAgrupacion":"13","idAgrupacionTelegrama":"13","nombreAgrupacion":"MOVIMIENTO AL SOCIALISMO","votos":46,"votosPorcentaje":0.32,"listas":[{"idLista":"3017","nombreLista":"A- IZQUIERDA ANTICAPITALISTA","votos":46,"votosPorcentaje":100.0}]},{"idAgrupacion":"131","idAgrupacionTelegrama":"131","nombreAgrupacion":"FRENTE LIBER.AR","votos":40,"votosPorcentaje":0.27,"listas":[{"idLista":"3003","nombreLista":"B- RECONQUISTA","votos":25,"votosPorcentaje":62.5},{"idLista":"3004","nombreLista":"C- ANTICORRUPCIÓN","votos":10,"votosPorcentaje":25.0},{"idLista":"3002","nombreLista":"A- DEMOS","votos":5,"votosPorcentaje":12.5}]},{"idAgrupacion":"94","idAgrupacionTelegrama":"94","nombreAgrupacion":"PROYECTO JOVEN","votos":36,"votosPorcentaje":0.25,"listas":[{"idLista":"3024","nombreLista":"C- TODEX","votos":18,"votosPorcentaje":50.0},{"idLista":"3022","nombreLista":"A- COALICION PAZ DEMOCRACIA SOBERANIA","votos":9,"votosPorcentaje":25.0},{"idLista":"3023","nombreLista":"B- PATRIA UNIDA","votos":9,"votosPorcentaje":25.0}]},{"idAgrupacion":"95","idAgrupacionTelegrama":"95","nombreAgrupacion":"FRENTE PATRIOTA FEDERAL","votos":33,"votosPorcentaje":0.23,"listas":[{"idLista":"3021","nombreLista":"A- PRIMERO LA PATRIA","votos":33,"votosPorcentaje":100.0}]},{"idAgrupacion":"40","idAgrupacionTelegrama":"40","nombreAgrupacion":"MOVIMIENTO LIBRES DEL SUR","votos":32,"votosPorcentaje":0.22,"listas":[{"idLista":"3019","nombreLista":"A- AZUL Y ROJO","votos":32,"votosPorcentaje":100.0}]},{"idAgrupacion":"92","idAgrupacionTelegrama":"92","nombreAgrupacion":"POLITICA OBRERA","votos":29,"votosPorcentaje":0.2,"listas":[{"idLista":"3020","nombreLista":"A- UNIDAD OBRERA","votos":29,"votosPorcentaje":100.0}]},{"idAgrupacion":"20","idAgrupacionTelegrama":"20","nombreAgrupacion":"UNION DEL CENTRO DEMOCRATICO","votos":16,"votosPorcentaje":0.11,"listas":[{"idLista":"3018","nombreLista":"A- APERTURA LIBERAL ARGENTINA","votos":16,"votosPorcentaje":100.0}]}],"valoresTotalizadosOtros":{"votosNulos":59,"votosNulosPorcentaje":0.41,"votosEnBlanco":1031,"votosEnBlancoPorcentaje":7.17,"votosRecurridosComandoImpugnados":9,"votosRecurridosComandoImpugnadosPorcentaje":0.06}}