{"fechaTotalizacion":"Aug 14, 2023, 5:27:40 AM","estadoRecuento":{"mesasEsperadas":107,"mesasTotalizadas":106,"mesasTotalizadasPorcentaje":99.06,"cantidadElectores":37090,"cantidadVotantes":26298,"participacionPorcentaje":70.9},"valoresTotalizadosPositivos":[{"idAgrupacion":"134","idAgrupacionTelegrama":"134","nombreAgrupacion":"UNION POR LA PATRIA","votos":9463,"votosPorcentaje":36.32,"listas":[{"idLista":"3005","nombreLista":"A- CELESTE Y BLANCA","votos":6454,"votosPorcentaje":68.2},{"idLista":"3006","nombreLista":"B- JUSTA Y SOBERANA","votos":3009,"votosPorcentaje":31.79}]},{"idAgrupacion":"132","idAgrupacionTelegrama":"132","nombreAgrupacion":"JUNTOS POR EL CAMBIO","votos":7849,"votosPorcentaje":30.13,"listas":[{"idLista":"3008","nombreLista":"B- LA FUERZA DEL CAMBIO","votos":4736,"votosPorcentaje":60.33},{"idLista":"3007","nombreLista":"A- EL CAMBIO DE NUESTRAS VIDAS","votos":3113,"votosPorcentaje":39.66}]},{"idAgrupacion":"135","idAgrupacionTelegrama":"135","nombreAgrupacion":"LA LIBERTAD AVANZA","votos":5152,"votosPorcentaje":19.77,"listas":[{"idLista":"3016","nombreLista":"A- LIBERTAD POR SIEMPRE","votos":5152,"votosPorcentaje":100.0}]},{"idAgrupacion":"136","idAgrupacionTelegrama":"136","nombreAgrupacion":"FRENTE DE IZQUIERDA Y DE TRABAJADORES - UNIDAD","votos":1048,"votosPorcentaje":4.02,"listas":[{"idLista":"3009","nombreLista":"A- UNIR Y FORTALECER LA IZQUIERDA","votos":810,"votosPorcentaje":77.29},{"idLista":"3010","nombreLista":"B- UNIDAD DE LUCHADORES Y LA IZQUIERDA","votos":238,"votosPorcentaje":22.7}]},{"idAgrupacion":"137","idAgrupacionTelegrama":"137","nombreAgrupacion":"PRINCIPIOS Y VALORES","votos":305,"votosPorcentaje":1.17,"listas":[{"idLista":"3011","nombreLista":"1A- TIERRA, TECHO  Y TRABAJO","votos":305,"votosPorcentaje":100.0}]},{"idAgrupacion":"133","idAgrupacionTelegrama":"133","nombreAgrupacion":"HACEMOS POR NUESTRO PAIS","votos":287,"votosPorcentaje":1.1,"listas":[{"idLista":"3001","nombreLista":"A- HACEMOS","votos":287,"votosPorcentaje":100.0}]},{"idAgrupacion":"90","idAgrupacionTelegrama":"90","nombreAgrupacion":"MOVIMIENTO IZQUIERDA JUVENTUD Y DIGNIDAD","votos":143,"votosPorcentaje":0.54,"listas":[{"idLista":"3027","nombreLista":"B- CONFEDERAL","votos":127,"votosPorcentaje":88.81},{"idLista":"3026","nombreLista":"A- DIGNIDAD","votos":16,"votosPorcentaje":11.18}]},{"idAgrupacion":"13","idAgrupacionTelegrama":"13","nombreAgrupacion":"MOVIMIENTO AL SOCIALISMO","votos":123,"votosPorcentaje":0.47,"listas":[{"idLista":"3017","nombreLista":"A- IZQUIERDA ANTICAPITALISTA","votos":123,"votosPorcentaje":100.0}]},{"idAgrupacion":"40","idAgrupacionTelegrama":"40","nombreAgrupacion":"MOVIMIENTO LIBRES DEL SUR","votos":66,"votosPorcentaje":0.25,"listas":[{"idLista":"3019","nombreLista":"A- AZUL Y ROJO","votos":66,"votosPorcentaje":100.0}]},{"idAgrupacion":"92","idAgrupacionTelegrama":"92","nombreAgrupacion":"POLITICA OBRERA","votos":58,"votosPorcentaje":0.22,"listas":[{"idLista":"3020","nombreLista":"A- UNIDAD OBRERA","votos":58,"votosPorcentaje":100.0}]},{"idAgrupacion":"94","idAgrupacionTelegrama":"94","nombreAgrupacion":"PROYECTO JOVEN","votos":53,"votosPorcentaje":0.2,"listas":[{"idLista":"3023","nombreLista":"B- PATRIA UNIDA","votos":23,"votosPorcentaje":43.39},{"idLista":"3022","nombreLista":"A- COALICION PAZ DEMOCRACIA SOBERANIA","votos":16,"votosPorcentaje":30.18},{"idLista":"3024","nombreLista":"C- TODEX","votos":14,"votosPorcentaje":26.41}]},{"idAgrupacion":"95","idAgrupacionTelegrama":"95","nombreAgrupacion":"FRENTE PATRIOTA FEDERAL","votos":48,"votosPorcentaje":0.18,"listas":[{"idLista":"3021","nombreLista":"A- PRIMERO LA PATRIA","votos":48,"votosPorcentaje":100.0}]},{"idAgrupacion":"57","idAgrupacionTelegrama":"57","nombreAgrupacion":"MOVIMIENTO DE ACCION VECINAL","votos":41,"votosPorcentaje":0.15,"listas":[{"idLista":"3025","nombreLista":"A- COMPROMISO VECINAL","votos":41,"votosPorcentaje":100.0}]},{"idAgrupacion":"131","idAgrupacionTelegrama":"131","nombreAgrupacion":"FRENTE LIBER.AR","votos":39,"votosPorcentaje":0.14,"listas":[{"idLista":"3003","nombreLista":"B- RECONQUISTA","votos":25,"votosPorcentaje":64.1},{"idLista":"3002","nombreLista":"A- DEMOS","votos":12,"votosPorcentaje":30.76},{"idLista":"3004","nombreLista":"C- ANTICORRUPCIÓN","votos":2,"votosPorcentaje":5.12}]},{"idAgrupacion":"20","idAgrupacionTelegrama":"20","nombreAgrupacion":"UNION DEL CENTRO DEMOCRATICO","votos":25,"votosPorcentaje":0.09,"listas":[{"idLista":"3018","nombreLista":"A- APERTURA LIBERAL ARGENTINA","votos":25,"votosPorcentaje":100.0}]}],"valoresTotalizadosOtros":{"votosNulos":188,"votosNulosPorcentaje":0.71,"votosEnBlanco":1348,"votosEnBlancoPorcentaje":5.12,"votosRecurridosComandoImpugnados":62,"votosRecurridosComandoImpugnadosPorcentaje":0.23}}