{"fechaTotalizacion":"Aug 14, 2023, 5:27:40 AM","estadoRecuento":{"mesasEsperadas":4,"mesasTotalizadas":4,"mesasTotalizadasPorcentaje":100.0,"cantidadElectores":1342,"cantidadVotantes":1035,"participacionPorcentaje":77.12},"valoresTotalizadosPositivos":[{"idAgrupacion":"132","idAgrupacionTelegrama":"132","nombreAgrupacion":"JUNTOS POR EL CAMBIO","votos":353,"votosPorcentaje":34.57,"listas":[{"idLista":"3008","nombreLista":"B- LA FUERZA DEL CAMBIO","votos":226,"votosPorcentaje":64.02},{"idLista":"3007","nombreLista":"A- EL CAMBIO DE NUESTRAS VIDAS","votos":127,"votosPorcentaje":35.97}]},{"idAgrupacion":"134","idAgrupacionTelegrama":"134","nombreAgrupacion":"UNION POR LA PATRIA","votos":308,"votosPorcentaje":30.16,"listas":[{"idLista":"3005","nombreLista":"A- CELESTE Y BLANCA","votos":240,"votosPorcentaje":77.92},{"idLista":"3006","nombreLista":"B- JUSTA Y SOBERANA","votos":68,"votosPorcentaje":22.07}]},{"idAgrupacion":"135","idAgrupacionTelegrama":"135","nombreAgrupacion":"LA LIBERTAD AVANZA","votos":214,"votosPorcentaje":20.95,"listas":[{"idLista":"3016","nombreLista":"A- LIBERTAD POR SIEMPRE","votos":214,"votosPorcentaje":100.0}]},{"idAgrupacion":"136","idAgrupacionTelegrama":"136","nombreAgrupacion":"FRENTE DE IZQUIERDA Y DE TRABAJADORES - UNIDAD","votos":33,"votosPorcentaje":3.23,"listas":[{"idLista":"3009","nombreLista":"A- UNIR Y FORTALECER LA IZQUIERDA","votos":23,"votosPorcentaje":69.69},{"idLista":"3010","nombreLista":"B- UNIDAD DE LUCHADORES Y LA IZQUIERDA","votos":10,"votosPorcentaje":30.3}]},{"idAgrupacion":"137","idAgrupacionTelegrama":"137","nombreAgrupacion":"PRINCIPIOS Y VALORES","votos":15,"votosPorcentaje":1.46,"listas":[{"idLista":"3011","nombreLista":"1A- TIERRA, TECHO  Y TRABAJO","votos":15,"votosPorcentaje":100.0}]},{"idAgrupacion":"133","idAgrupacionTelegrama":"133","nombreAgrupacion":"HACEMOS POR NUESTRO PAIS","votos":11,"votosPorcentaje":1.07,"listas":[{"idLista":"3001","nombreLista":"A- HACEMOS","votos":11,"votosPorcentaje":100.0}]},{"idAgrupacion":"90","idAgrupacionTelegrama":"90","nombreAgrupacion":"MOVIMIENTO IZQUIERDA JUVENTUD Y DIGNIDAD","votos":6,"votosPorcentaje":0.58,"listas":[{"idLista":"3026","nombreLista":"A- DIGNIDAD","votos":3,"votosPorcentaje":50.0},{"idLista":"3027","nombreLista":"B- CONFEDERAL","votos":3,"votosPorcentaje":50.0}]},{"idAgrupacion":"13","idAgrupacionTelegrama":"13","nombreAgrupacion":"MOVIMIENTO AL SOCIALISMO","votos":4,"votosPorcentaje":0.39,"listas":[{"idLista":"3017","nombreLista":"A- IZQUIERDA ANTICAPITALISTA","votos":4,"votosPorcentaje":100.0}]},{"idAgrupacion":"131","idAgrupacionTelegrama":"131","nombreAgrupacion":"FRENTE LIBER.AR","votos":3,"votosPorcentaje":0.29,"listas":[{"idLista":"3002","nombreLista":"A- DEMOS","votos":2,"votosPorcentaje":66.66},{"idLista":"3003","nombreLista":"B- RECONQUISTA","votos":1,"votosPorcentaje":33.33},{"idLista":"3004","nombreLista":"C- ANTICORRUPCIÓN","votos":0,"votosPorcentaje":0.0}]},{"idAgrupacion":"95","idAgrupacionTelegrama":"95","nombreAgrupacion":"FRENTE PATRIOTA FEDERAL","votos":2,"votosPorcentaje":0.19,"listas":[{"idLista":"3021","nombreLista":"A- PRIMERO LA PATRIA","votos":2,"votosPorcentaje":100.0}]},{"idAgrupacion":"57","idAgrupacionTelegrama":"57","nombreAgrupacion":"MOVIMIENTO DE ACCION VECINAL","votos":1,"votosPorcentaje":0.09,"listas":[{"idLista":"3025","nombreLista":"A- COMPROMISO VECINAL","votos":1,"votosPorcentaje":100.0}]},{"idAgrupacion":"92","idAgrupacionTelegrama":"92","nombreAgrupacion":"POLITICA OBRERA","votos":1,"votosPorcentaje":0.09,"listas":[{"idLista":"3020","nombreLista":"A- UNIDAD OBRERA","votos":1,"votosPorcentaje":100.0}]},{"idAgrupacion":"94","idAgrupacionTelegrama":"94","nombreAgrupacion":"PROYECTO JOVEN","votos":1,"votosPorcentaje":0.09,"listas":[{"idLista":"3024","nombreLista":"C- TODEX","votos":1,"votosPorcentaje":100.0},{"idLista":"3022","nombreLista":"A- COALICION PAZ DEMOCRACIA SOBERANIA","votos":0,"votosPorcentaje":0.0},{"idLista":"3023","nombreLista":"B- PATRIA UNIDA","votos":0,"votosPorcentaje":0.0}]},{"idAgrupacion":"40","idAgrupacionTelegrama":"40","nombreAgrupacion":"MOVIMIENTO LIBRES DEL SUR","votos":0,"votosPorcentaje":0.0,"listas":[{"idLista":"3019","nombreLista":"A- AZUL Y ROJO","votos":0,"votosPorcentaje":0.0}]},{"idAgrupacion":"20","idAgrupacionTelegrama":"20","nombreAgrupacion":"UNION DEL CENTRO DEMOCRATICO","votos":0,"votosPorcentaje":0.0,"listas":[{"idLista":"3018","nombreLista":"A- APERTURA LIBERAL ARGENTINA","votos":0,"votosPorcentaje":0.0}]}],"valoresTotalizadosOtros":{"votosNulos":12,"votosNulosPorcentaje":1.15,"votosEnBlanco":69,"votosEnBlancoPorcentaje":6.66,"votosRecurridosComandoImpugnados":2,"votosRecurridosComandoImpugnadosPorcentaje":0.19}}