{"fechaTotalizacion":"Aug 14, 2023, 5:27:40 AM","estadoRecuento":{"mesasEsperadas":52,"mesasTotalizadas":49,"mesasTotalizadasPorcentaje":94.23,"cantidadElectores":16861,"cantidadVotantes":11294,"participacionPorcentaje":66.98},"valoresTotalizadosPositivos":[{"idAgrupacion":"134","idAgrupacionTelegrama":"134","nombreAgrupacion":"UNION POR LA PATRIA","votos":4190,"votosPorcentaje":37.42,"listas":[{"idLista":"3005","nombreLista":"A- CELESTE Y BLANCA","votos":3230,"votosPorcentaje":77.08},{"idLista":"3006","nombreLista":"B- JUSTA Y SOBERANA","votos":960,"votosPorcentaje":22.91}]},{"idAgrupacion":"135","idAgrupacionTelegrama":"135","nombreAgrupacion":"LA LIBERTAD AVANZA","votos":3362,"votosPorcentaje":30.02,"listas":[{"idLista":"3016","nombreLista":"A- LIBERTAD POR SIEMPRE","votos":3362,"votosPorcentaje":100.0}]},{"idAgrupacion":"132","idAgrupacionTelegrama":"132","nombreAgrupacion":"JUNTOS POR EL CAMBIO","votos":1749,"votosPorcentaje":15.62,"listas":[{"idLista":"3007","nombreLista":"A- EL CAMBIO DE NUESTRAS VIDAS","votos":939,"votosPorcentaje":53.68},{"idLista":"3008","nombreLista":"B- LA FUERZA DEL CAMBIO","votos":810,"votosPorcentaje":46.31}]},{"idAgrupacion":"136","idAgrupacionTelegrama":"136","nombreAgrupacion":"FRENTE DE IZQUIERDA Y DE TRABAJADORES - UNIDAD","votos":526,"votosPorcentaje":4.69,"listas":[{"idLista":"3009","nombreLista":"A- UNIR Y FORTALECER LA IZQUIERDA","votos":291,"votosPorcentaje":55.32},{"idLista":"3010","nombreLista":"B- UNIDAD DE LUCHADORES Y LA IZQUIERDA","votos":235,"votosPorcentaje":44.67}]},{"idAgrupacion":"133","idAgrupacionTelegrama":"133","nombreAgrupacion":"HACEMOS POR NUESTRO PAIS","votos":98,"votosPorcentaje":0.87,"listas":[{"idLista":"3001","nombreLista":"A- HACEMOS","votos":98,"votosPorcentaje":100.0}]},{"idAgrupacion":"137","idAgrupacionTelegrama":"137","nombreAgrupacion":"PRINCIPIOS Y VALORES","votos":91,"votosPorcentaje":0.81,"listas":[{"idLista":"3011","nombreLista":"1A- TIERRA, TECHO  Y TRABAJO","votos":91,"votosPorcentaje":100.0}]},{"idAgrupacion":"40","idAgrupacionTelegrama":"40","nombreAgrupacion":"MOVIMIENTO LIBRES DEL SUR","votos":79,"votosPorcentaje":0.7,"listas":[{"idLista":"3019","nombreLista":"A- AZUL Y ROJO","votos":79,"votosPorcentaje":100.0}]},{"idAgrupacion":"90","idAgrupacionTelegrama":"90","nombreAgrupacion":"MOVIMIENTO IZQUIERDA JUVENTUD Y DIGNIDAD","votos":56,"votosPorcentaje":0.5,"listas":[{"idLista":"3027","nombreLista":"B- CONFEDERAL","votos":32,"votosPorcentaje":57.14},{"idLista":"3026","nombreLista":"A- DIGNIDAD","votos":24,"votosPorcentaje":42.85}]},{"idAgrupacion":"95","idAgrupacionTelegrama":"95","nombreAgrupacion":"FRENTE PATRIOTA FEDERAL","votos":45,"votosPorcentaje":0.4,"listas":[{"idLista":"3021","nombreLista":"A- PRIMERO LA PATRIA","votos":45,"votosPorcentaje":100.0}]},{"idAgrupacion":"57","idAgrupacionTelegrama":"57","nombreAgrupacion":"MOVIMIENTO DE ACCION VECINAL","votos":38,"votosPorcentaje":0.33,"listas":[{"idLista":"3025","nombreLista":"A- COMPROMISO VECINAL","votos":38,"votosPorcentaje":100.0}]},{"idAgrupacion":"13","idAgrupacionTelegrama":"13","nombreAgrupacion":"MOVIMIENTO AL SOCIALISMO","votos":32,"votosPorcentaje":0.28,"listas":[{"idLista":"3017","nombreLista":"A- IZQUIERDA ANTICAPITALISTA","votos":32,"votosPorcentaje":100.0}]},{"idAgrupacion":"92","idAgrupacionTelegrama":"92","nombreAgrupacion":"POLITICA OBRERA","votos":31,"votosPorcentaje":0.27,"listas":[{"idLista":"3020","nombreLista":"A- UNIDAD OBRERA","votos":31,"votosPorcentaje":100.0}]},{"idAgrupacion":"94","idAgrupacionTelegrama":"94","nombreAgrupacion":"PROYECTO JOVEN","votos":27,"votosPorcentaje":0.24,"listas":[{"idLista":"3022","nombreLista":"A- COALICION PAZ DEMOCRACIA SOBERANIA","votos":15,"votosPorcentaje":55.55},{"idLista":"3023","nombreLista":"B- PATRIA UNIDA","votos":12,"votosPorcentaje":44.44},{"idLista":"3024","nombreLista":"C- TODEX","votos":0,"votosPorcentaje":0.0}]},{"idAgrupacion":"131","idAgrupacionTelegrama":"131","nombreAgrupacion":"FRENTE LIBER.AR","votos":23,"votosPorcentaje":0.2,"listas":[{"idLista":"3003","nombreLista":"B- RECONQUISTA","votos":23,"votosPorcentaje":100.0},{"idLista":"3002","nombreLista":"A- DEMOS","votos":0,"votosPorcentaje":0.0},{"idLista":"3004","nombreLista":"C- ANTICORRUPCIÓN","votos":0,"votosPorcentaje":0.0}]},{"idAgrupacion":"20","idAgrupacionTelegrama":"20","nombreAgrupacion":"UNION DEL CENTRO DEMOCRATICO","votos":11,"votosPorcentaje":0.09,"listas":[{"idLista":"3018","nombreLista":"A- APERTURA LIBERAL ARGENTINA","votos":11,"votosPorcentaje":100.0}]}],"valoresTotalizadosOtros":{"votosNulos":81,"votosNulosPorcentaje":0.71,"votosEnBlanco":838,"votosEnBlancoPorcentaje":7.41,"votosRecurridosComandoImpugnados":17,"votosRecurridosComandoImpugnadosPorcentaje":0.15}}