{"fechaTotalizacion":"Aug 14, 2023, 5:27:40 AM","estadoRecuento":{"mesasEsperadas":90,"mesasTotalizadas":86,"mesasTotalizadasPorcentaje":95.55,"cantidadElectores":30067,"cantidadVotantes":20422,"participacionPorcentaje":67.92},"valoresTotalizadosPositivos":[{"idAgrupacion":"134","idAgrupacionTelegrama":"134","nombreAgrupacion":"UNION POR LA PATRIA","votos":8030,"votosPorcentaje":39.67,"listas":[{"idLista":"3005","nombreLista":"A- CELESTE Y BLANCA","votos":5916,"votosPorcentaje":73.67},{"idLista":"3006","nombreLista":"B- JUSTA Y SOBERANA","votos":2114,"votosPorcentaje":26.32}]},{"idAgrupacion":"135","idAgrupacionTelegrama":"135","nombreAgrupacion":"LA LIBERTAD AVANZA","votos":6112,"votosPorcentaje":30.19,"listas":[{"idLista":"3016","nombreLista":"A- LIBERTAD POR SIEMPRE","votos":6112,"votosPorcentaje":100.0}]},{"idAgrupacion":"132","idAgrupacionTelegrama":"132","nombreAgrupacion":"JUNTOS POR EL CAMBIO","votos":2930,"votosPorcentaje":14.47,"listas":[{"idLista":"3007","nombreLista":"A- EL CAMBIO DE NUESTRAS VIDAS","votos":1620,"votosPorcentaje":55.29},{"idLista":"3008","nombreLista":"B- LA FUERZA DEL CAMBIO","votos":1310,"votosPorcentaje":44.7}]},{"idAgrupacion":"136","idAgrupacionTelegrama":"136","nombreAgrupacion":"FRENTE DE IZQUIERDA Y DE TRABAJADORES - UNIDAD","votos":673,"votosPorcentaje":3.32,"listas":[{"idLista":"3009","nombreLista":"A- UNIR Y FORTALECER LA IZQUIERDA","votos":446,"votosPorcentaje":66.27},{"idLista":"3010","nombreLista":"B- UNIDAD DE LUCHADORES Y LA IZQUIERDA","votos":227,"votosPorcentaje":33.72}]},{"idAgrupacion":"133","idAgrupacionTelegrama":"133","nombreAgrupacion":"HACEMOS POR NUESTRO PAIS","votos":277,"votosPorcentaje":1.36,"listas":[{"idLista":"3001","nombreLista":"A- HACEMOS","votos":277,"votosPorcentaje":100.0}]},{"idAgrupacion":"40","idAgrupacionTelegrama":"40","nombreAgrupacion":"MOVIMIENTO LIBRES DEL SUR","votos":163,"votosPorcentaje":0.8,"listas":[{"idLista":"3019","nombreLista":"A- AZUL Y ROJO","votos":163,"votosPorcentaje":100.0}]},{"idAgrupacion":"137","idAgrupacionTelegrama":"137","nombreAgrupacion":"PRINCIPIOS Y VALORES","votos":140,"votosPorcentaje":0.69,"listas":[{"idLista":"3011","nombreLista":"1A- TIERRA, TECHO  Y TRABAJO","votos":140,"votosPorcentaje":100.0}]},{"idAgrupacion":"90","idAgrupacionTelegrama":"90","nombreAgrupacion":"MOVIMIENTO IZQUIERDA JUVENTUD Y DIGNIDAD","votos":84,"votosPorcentaje":0.41,"listas":[{"idLista":"3027","nombreLista":"B- CONFEDERAL","votos":49,"votosPorcentaje":58.33},{"idLista":"3026","nombreLista":"A- DIGNIDAD","votos":35,"votosPorcentaje":41.66}]},{"idAgrupacion":"13","idAgrupacionTelegrama":"13","nombreAgrupacion":"MOVIMIENTO AL SOCIALISMO","votos":82,"votosPorcentaje":0.4,"listas":[{"idLista":"3017","nombreLista":"A- IZQUIERDA ANTICAPITALISTA","votos":82,"votosPorcentaje":100.0}]},{"idAgrupacion":"95","idAgrupacionTelegrama":"95","nombreAgrupacion":"FRENTE PATRIOTA FEDERAL","votos":75,"votosPorcentaje":0.37,"listas":[{"idLista":"3021","nombreLista":"A- PRIMERO LA PATRIA","votos":75,"votosPorcentaje":100.0}]},{"idAgrupacion":"94","idAgrupacionTelegrama":"94","nombreAgrupacion":"PROYECTO JOVEN","votos":68,"votosPorcentaje":0.33,"listas":[{"idLista":"3022","nombreLista":"A- COALICION PAZ DEMOCRACIA SOBERANIA","votos":39,"votosPorcentaje":57.35},{"idLista":"3023","nombreLista":"B- PATRIA UNIDA","votos":27,"votosPorcentaje":39.7},{"idLista":"3024","nombreLista":"C- TODEX","votos":2,"votosPorcentaje":2.94}]},{"idAgrupacion":"57","idAgrupacionTelegrama":"57","nombreAgrupacion":"MOVIMIENTO DE ACCION VECINAL","votos":66,"votosPorcentaje":0.32,"listas":[{"idLista":"3025","nombreLista":"A- COMPROMISO VECINAL","votos":66,"votosPorcentaje":100.0}]},{"idAgrupacion":"92","idAgrupacionTelegrama":"92","nombreAgrupacion":"POLITICA OBRERA","votos":58,"votosPorcentaje":0.28,"listas":[{"idLista":"3020","nombreLista":"A- UNIDAD OBRERA","votos":58,"votosPorcentaje":100.0}]},{"idAgrupacion":"131","idAgrupacionTelegrama":"131","nombreAgrupacion":"FRENTE LIBER.AR","votos":57,"votosPorcentaje":0.28,"listas":[{"idLista":"3003","nombreLista":"B- RECONQUISTA","votos":56,"votosPorcentaje":98.24},{"idLista":"3002","nombreLista":"A- DEMOS","votos":1,"votosPorcentaje":1.75},{"idLista":"3004","nombreLista":"C- ANTICORRUPCIÓN","votos":0,"votosPorcentaje":0.0}]},{"idAgrupacion":"20","idAgrupacionTelegrama":"20","nombreAgrupacion":"UNION DEL CENTRO DEMOCRATICO","votos":28,"votosPorcentaje":0.13,"listas":[{"idLista":"3018","nombreLista":"A- APERTURA LIBERAL ARGENTINA","votos":28,"votosPorcentaje":100.0}]}],"valoresTotalizadosOtros":{"votosNulos":141,"votosNulosPorcentaje":0.69,"votosEnBlanco":1398,"votosEnBlancoPorcentaje":6.84,"votosRecurridosComandoImpugnados":40,"votosRecurridosComandoImpugnadosPorcentaje":0.19}}