{"fechaTotalizacion":"Aug 14, 2023, 5:27:40 AM","estadoRecuento":{"mesasEsperadas":19,"mesasTotalizadas":19,"mesasTotalizadasPorcentaje":100.0,"cantidadElectores":6651,"cantidadVotantes":4993,"participacionPorcentaje":75.07},"valoresTotalizadosPositivos":[{"idAgrupacion":"132","idAgrupacionTelegrama":"132","nombreAgrupacion":"JUNTOS POR EL CAMBIO","votos":2261,"votosPorcentaje":45.63,"listas":[{"idLista":"3008","nombreLista":"B- LA FUERZA DEL CAMBIO","votos":1338,"votosPorcentaje":59.17},{"idLista":"3007","nombreLista":"A- EL CAMBIO DE NUESTRAS VIDAS","votos":923,"votosPorcentaje":40.82}]},{"idAgrupacion":"135","idAgrupacionTelegrama":"135","nombreAgrupacion":"LA LIBERTAD AVANZA","votos":1396,"votosPorcentaje":28.17,"listas":[{"idLista":"3016","nombreLista":"A- LIBERTAD POR SIEMPRE","votos":1396,"votosPorcentaje":100.0}]},{"idAgrupacion":"134","idAgrupacionTelegrama":"134","nombreAgrupacion":"UNION POR LA PATRIA","votos":939,"votosPorcentaje":18.95,"listas":[{"idLista":"3005","nombreLista":"A- CELESTE Y BLANCA","votos":690,"votosPorcentaje":73.48},{"idLista":"3006","nombreLista":"B- JUSTA Y SOBERANA","votos":249,"votosPorcentaje":26.51}]},{"idAgrupacion":"136","idAgrupacionTelegrama":"136","nombreAgrupacion":"FRENTE DE IZQUIERDA Y DE TRABAJADORES - UNIDAD","votos":96,"votosPorcentaje":1.93,"listas":[{"idLista":"3009","nombreLista":"A- UNIR Y FORTALECER LA IZQUIERDA","votos":77,"votosPorcentaje":80.2},{"idLista":"3010","nombreLista":"B- UNIDAD DE LUCHADORES Y LA IZQUIERDA","votos":19,"votosPorcentaje":19.79}]},{"idAgrupacion":"133","idAgrupacionTelegrama":"133","nombreAgrupacion":"HACEMOS POR NUESTRO PAIS","votos":52,"votosPorcentaje":1.04,"listas":[{"idLista":"3001","nombreLista":"A- HACEMOS","votos":52,"votosPorcentaje":100.0}]},{"idAgrupacion":"137","idAgrupacionTelegrama":"137","nombreAgrupacion":"PRINCIPIOS Y VALORES","votos":36,"votosPorcentaje":0.72,"listas":[{"idLista":"3011","nombreLista":"1A- TIERRA, TECHO  Y TRABAJO","votos":36,"votosPorcentaje":100.0}]},{"idAgrupacion":"90","idAgrupacionTelegrama":"90","nombreAgrupacion":"MOVIMIENTO IZQUIERDA JUVENTUD Y DIGNIDAD","votos":24,"votosPorcentaje":0.48,"listas":[{"idLista":"3027","nombreLista":"B- CONFEDERAL","votos":18,"votosPorcentaje":75.0},{"idLista":"3026","nombreLista":"A- DIGNIDAD","votos":6,"votosPorcentaje":25.0}]},{"idAgrupacion":"13","idAgrupacionTelegrama":"13","nombreAgrupacion":"MOVIMIENTO AL SOCIALISMO","votos":17,"votosPorcentaje":0.34,"listas":[{"idLista":"3017","nombreLista":"A- IZQUIERDA ANTICAPITALISTA","votos":17,"votosPorcentaje":100.0}]},{"idAgrupacion":"40","idAgrupacionTelegrama":"40","nombreAgrupacion":"MOVIMIENTO LIBRES DEL SUR","votos":12,"votosPorcentaje":0.24,"listas":[{"idLista":"3019","nombreLista":"A- AZUL Y ROJO","votos":12,"votosPorcentaje":100.0}]},{"idAgrupacion":"57","idAgrupacionTelegrama":"57","nombreAgrupacion":"MOVIMIENTO DE ACCION VECINAL","votos":7,"votosPorcentaje":0.14,"listas":[{"idLista":"3025","nombreLista":"A- COMPROMISO VECINAL","votos":7,"votosPorcentaje":100.0}]},{"idAgrupacion":"94","idAgrupacionTelegrama":"94","nombreAgrupacion":"PROYECTO JOVEN","votos":7,"votosPorcentaje":0.14,"listas":[{"idLista":"3022","nombreLista":"A- COALICION PAZ DEMOCRACIA SOBERANIA","votos":6,"votosPorcentaje":85.71},{"idLista":"3023","nombreLista":"B- PATRIA UNIDA","votos":1,"votosPorcentaje":14.28},{"idLista":"3024","nombreLista":"C- TODEX","votos":0,"votosPorcentaje":0.0}]},{"idAgrupacion":"92","idAgrupacionTelegrama":"92","nombreAgrupacion":"POLITICA OBRERA","votos":5,"votosPorcentaje":0.1,"listas":[{"idLista":"3020","nombreLista":"A- UNIDAD OBRERA","votos":5,"votosPorcentaje":100.0}]},{"idAgrupacion":"20","idAgrupacionTelegrama":"20","nombreAgrupacion":"UNION DEL CENTRO DEMOCRATICO","votos":5,"votosPorcentaje":0.1,"listas":[{"idLista":"3018","nombreLista":"A- APERTURA LIBERAL ARGENTINA","votos":5,"votosPorcentaje":100.0}]},{"idAgrupacion":"95","idAgrupacionTelegrama":"95","nombreAgrupacion":"FRENTE PATRIOTA FEDERAL","votos":4,"votosPorcentaje":0.08,"listas":[{"idLista":"3021","nombreLista":"A- PRIMERO LA PATRIA","votos":4,"votosPorcentaje":100.0}]},{"idAgrupacion":"131","idAgrupacionTelegrama":"131","nombreAgrupacion":"FRENTE LIBER.AR","votos":3,"votosPorcentaje":0.06,"listas":[{"idLista":"3003","nombreLista":"B- RECONQUISTA","votos":2,"votosPorcentaje":66.66},{"idLista":"3002","nombreLista":"A- DEMOS","votos":1,"votosPorcentaje":33.33},{"idLista":"3004","nombreLista":"C- ANTICORRUPCIÓN","votos":0,"votosPorcentaje":0.0}]}],"valoresTotalizadosOtros":{"votosNulos":32,"votosNulosPorcentaje":0.64,"votosEnBlanco":90,"votosEnBlancoPorcentaje":1.8,"votosRecurridosComandoImpugnados":7,"votosRecurridosComandoImpugnadosPorcentaje":0.14}}