{"fechaTotalizacion":"Aug 14, 2023, 5:27:40 AM","estadoRecuento":{"mesasEsperadas":70,"mesasTotalizadas":68,"mesasTotalizadasPorcentaje":97.14,"cantidadElectores":23532,"cantidadVotantes":16748,"participacionPorcentaje":71.17},"valoresTotalizadosPositivos":[{"idAgrupacion":"134","idAgrupacionTelegrama":"134","nombreAgrupacion":"UNION POR LA PATRIA","votos":5789,"votosPorcentaje":35.04,"listas":[{"idLista":"3005","nombreLista":"A- CELESTE Y BLANCA","votos":4303,"votosPorcentaje":74.33},{"idLista":"3006","nombreLista":"B- JUSTA Y SOBERANA","votos":1486,"votosPorcentaje":25.66}]},{"idAgrupacion":"135","idAgrupacionTelegrama":"135","nombreAgrupacion":"LA LIBERTAD AVANZA","votos":5074,"votosPorcentaje":30.71,"listas":[{"idLista":"3016","nombreLista":"A- LIBERTAD POR SIEMPRE","votos":5074,"votosPorcentaje":100.0}]},{"idAgrupacion":"132","idAgrupacionTelegrama":"132","nombreAgrupacion":"JUNTOS POR EL CAMBIO","votos":2937,"votosPorcentaje":17.78,"listas":[{"idLista":"3007","nombreLista":"A- EL CAMBIO DE NUESTRAS VIDAS","votos":1542,"votosPorcentaje":52.5},{"idLista":"3008","nombreLista":"B- LA FUERZA DEL CAMBIO","votos":1395,"votosPorcentaje":47.49}]},{"idAgrupacion":"136","idAgrupacionTelegrama":"136","nombreAgrupacion":"FRENTE DE IZQUIERDA Y DE TRABAJADORES - UNIDAD","votos":679,"votosPorcentaje":4.11,"listas":[{"idLista":"3009","nombreLista":"A- UNIR Y FORTALECER LA IZQUIERDA","votos":424,"votosPorcentaje":62.44},{"idLista":"3010","nombreLista":"B- UNIDAD DE LUCHADORES Y LA IZQUIERDA","votos":255,"votosPorcentaje":37.55}]},{"idAgrupacion":"133","idAgrupacionTelegrama":"133","nombreAgrupacion":"HACEMOS POR NUESTRO PAIS","votos":173,"votosPorcentaje":1.04,"listas":[{"idLista":"3001","nombreLista":"A- HACEMOS","votos":173,"votosPorcentaje":100.0}]},{"idAgrupacion":"137","idAgrupacionTelegrama":"137","nombreAgrupacion":"PRINCIPIOS Y VALORES","votos":141,"votosPorcentaje":0.85,"listas":[{"idLista":"3011","nombreLista":"1A- TIERRA, TECHO  Y TRABAJO","votos":141,"votosPorcentaje":100.0}]},{"idAgrupacion":"40","idAgrupacionTelegrama":"40","nombreAgrupacion":"MOVIMIENTO LIBRES DEL SUR","votos":83,"votosPorcentaje":0.5,"listas":[{"idLista":"3019","nombreLista":"A- AZUL Y ROJO","votos":83,"votosPorcentaje":100.0}]},{"idAgrupacion":"95","idAgrupacionTelegrama":"95","nombreAgrupacion":"FRENTE PATRIOTA FEDERAL","votos":81,"votosPorcentaje":0.49,"listas":[{"idLista":"3021","nombreLista":"A- PRIMERO LA PATRIA","votos":81,"votosPorcentaje":100.0}]},{"idAgrupacion":"13","idAgrupacionTelegrama":"13","nombreAgrupacion":"MOVIMIENTO AL SOCIALISMO","votos":81,"votosPorcentaje":0.49,"listas":[{"idLista":"3017","nombreLista":"A- IZQUIERDA ANTICAPITALISTA","votos":81,"votosPorcentaje":100.0}]},{"idAgrupacion":"90","idAgrupacionTelegrama":"90","nombreAgrupacion":"MOVIMIENTO IZQUIERDA JUVENTUD Y DIGNIDAD","votos":67,"votosPorcentaje":0.4,"listas":[{"idLista":"3027","nombreLista":"B- CONFEDERAL","votos":46,"votosPorcentaje":68.65},{"idLista":"3026","nombreLista":"A- DIGNIDAD","votos":21,"votosPorcentaje":31.34}]},{"idAgrupacion":"57","idAgrupacionTelegrama":"57","nombreAgrupacion":"MOVIMIENTO DE ACCION VECINAL","votos":60,"votosPorcentaje":0.36,"listas":[{"idLista":"3025","nombreLista":"A- COMPROMISO VECINAL","votos":60,"votosPorcentaje":100.0}]},{"idAgrupacion":"92","idAgrupacionTelegrama":"92","nombreAgrupacion":"POLITICA OBRERA","votos":36,"votosPorcentaje":0.21,"listas":[{"idLista":"3020","nombreLista":"A- UNIDAD OBRERA","votos":36,"votosPorcentaje":100.0}]},{"idAgrupacion":"94","idAgrupacionTelegrama":"94","nombreAgrupacion":"PROYECTO JOVEN","votos":29,"votosPorcentaje":0.17,"listas":[{"idLista":"3022","nombreLista":"A- COALICION PAZ DEMOCRACIA SOBERANIA","votos":18,"votosPorcentaje":62.06},{"idLista":"3023","nombreLista":"B- PATRIA UNIDA","votos":11,"votosPorcentaje":37.93},{"idLista":"3024","nombreLista":"C- TODEX","votos":0,"votosPorcentaje":0.0}]},{"idAgrupacion":"131","idAgrupacionTelegrama":"131","nombreAgrupacion":"FRENTE LIBER.AR","votos":26,"votosPorcentaje":0.15,"listas":[{"idLista":"3003","nombreLista":"B- RECONQUISTA","votos":23,"votosPorcentaje":88.46},{"idLista":"3002","nombreLista":"A- DEMOS","votos":2,"votosPorcentaje":7.69},{"idLista":"3004","nombreLista":"C- ANTICORRUPCIÓN","votos":1,"votosPorcentaje":3.84}]},{"idAgrupacion":"20","idAgrupacionTelegrama":"20","nombreAgrupacion":"UNION DEL CENTRO DEMOCRATICO","votos":17,"votosPorcentaje":0.1,"listas":[{"idLista":"3018","nombreLista":"A- APERTURA LIBERAL ARGENTINA","votos":17,"votosPorcentaje":100.0}]}],"valoresTotalizadosOtros":{"votosNulos":178,"votosNulosPorcentaje":1.06,"votosEnBlanco":1245,"votosEnBlancoPorcentaje":7.43,"votosRecurridosComandoImpugnados":52,"votosRecurridosComandoImpugnadosPorcentaje":0.31}}