{"fechaTotalizacion":"Aug 14, 2023, 5:27:40 AM","estadoRecuento":{"mesasEsperadas":87,"mesasTotalizadas":82,"mesasTotalizadasPorcentaje":94.25,"cantidadElectores":28658,"cantidadVotantes":20549,"participacionPorcentaje":71.7},"valoresTotalizadosPositivos":[{"idAgrupacion":"134","idAgrupacionTelegrama":"134","nombreAgrupacion":"UNION POR LA PATRIA","votos":7140,"votosPorcentaje":35.19,"listas":[{"idLista":"3005","nombreLista":"A- CELESTE Y BLANCA","votos":5016,"votosPorcentaje":70.25},{"idLista":"3006","nombreLista":"B- JUSTA Y SOBERANA","votos":2124,"votosPorcentaje":29.74}]},{"idAgrupacion":"135","idAgrupacionTelegrama":"135","nombreAgrupacion":"LA LIBERTAD AVANZA","votos":5631,"votosPorcentaje":27.75,"listas":[{"idLista":"3016","nombreLista":"A- LIBERTAD POR SIEMPRE","votos":5631,"votosPorcentaje":100.0}]},{"idAgrupacion":"132","idAgrupacionTelegrama":"132","nombreAgrupacion":"JUNTOS POR EL CAMBIO","votos":4118,"votosPorcentaje":20.29,"listas":[{"idLista":"3008","nombreLista":"B- LA FUERZA DEL CAMBIO","votos":2121,"votosPorcentaje":51.5},{"idLista":"3007","nombreLista":"A- EL CAMBIO DE NUESTRAS VIDAS","votos":1997,"votosPorcentaje":48.49}]},{"idAgrupacion":"136","idAgrupacionTelegrama":"136","nombreAgrupacion":"FRENTE DE IZQUIERDA Y DE TRABAJADORES - UNIDAD","votos":838,"votosPorcentaje":4.13,"listas":[{"idLista":"3009","nombreLista":"A- UNIR Y FORTALECER LA IZQUIERDA","votos":616,"votosPorcentaje":73.5},{"idLista":"3010","nombreLista":"B- UNIDAD DE LUCHADORES Y LA IZQUIERDA","votos":222,"votosPorcentaje":26.49}]},{"idAgrupacion":"133","idAgrupacionTelegrama":"133","nombreAgrupacion":"HACEMOS POR NUESTRO PAIS","votos":244,"votosPorcentaje":1.2,"listas":[{"idLista":"3001","nombreLista":"A- HACEMOS","votos":244,"votosPorcentaje":100.0}]},{"idAgrupacion":"137","idAgrupacionTelegrama":"137","nombreAgrupacion":"PRINCIPIOS Y VALORES","votos":225,"votosPorcentaje":1.1,"listas":[{"idLista":"3011","nombreLista":"1A- TIERRA, TECHO  Y TRABAJO","votos":225,"votosPorcentaje":100.0}]},{"idAgrupacion":"40","idAgrupacionTelegrama":"40","nombreAgrupacion":"MOVIMIENTO LIBRES DEL SUR","votos":153,"votosPorcentaje":0.75,"listas":[{"idLista":"3019","nombreLista":"A- AZUL Y ROJO","votos":153,"votosPorcentaje":100.0}]},{"idAgrupacion":"90","idAgrupacionTelegrama":"90","nombreAgrupacion":"MOVIMIENTO IZQUIERDA JUVENTUD Y DIGNIDAD","votos":83,"votosPorcentaje":0.4,"listas":[{"idLista":"3027","nombreLista":"B- CONFEDERAL","votos":53,"votosPorcentaje":63.85},{"idLista":"3026","nombreLista":"A- DIGNIDAD","votos":30,"votosPorcentaje":36.14}]},{"idAgrupacion":"13","idAgrupacionTelegrama":"13","nombreAgrupacion":"MOVIMIENTO AL SOCIALISMO","votos":80,"votosPorcentaje":0.39,"listas":[{"idLista":"3017","nombreLista":"A- IZQUIERDA ANTICAPITALISTA","votos":80,"votosPorcentaje":100.0}]},{"idAgrupacion":"57","idAgrupacionTelegrama":"57","nombreAgrupacion":"MOVIMIENTO DE ACCION VECINAL","votos":77,"votosPorcentaje":0.37,"listas":[{"idLista":"3025","nombreLista":"A- COMPROMISO VECINAL","votos":77,"votosPorcentaje":100.0}]},{"idAgrupacion":"92","idAgrupacionTelegrama":"92","nombreAgrupacion":"POLITICA OBRERA","votos":59,"votosPorcentaje":0.29,"listas":[{"idLista":"3020","nombreLista":"A- UNIDAD OBRERA","votos":59,"votosPorcentaje":100.0}]},{"idAgrupacion":"95","idAgrupacionTelegrama":"95","nombreAgrupacion":"FRENTE PATRIOTA FEDERAL","votos":56,"votosPorcentaje":0.27,"listas":[{"idLista":"3021","nombreLista":"A- PRIMERO LA PATRIA","votos":56,"votosPorcentaje":100.0}]},{"idAgrupacion":"94","idAgrupacionTelegrama":"94","nombreAgrupacion":"PROYECTO JOVEN","votos":53,"votosPorcentaje":0.26,"listas":[{"idLista":"3022","nombreLista":"A- COALICION PAZ DEMOCRACIA SOBERANIA","votos":35,"votosPorcentaje":66.03},{"idLista":"3023","nombreLista":"B- PATRIA UNIDA","votos":14,"votosPorcentaje":26.41},{"idLista":"3024","nombreLista":"C- TODEX","votos":4,"votosPorcentaje":7.54}]},{"idAgrupacion":"20","idAgrupacionTelegrama":"20","nombreAgrupacion":"UNION DEL CENTRO DEMOCRATICO","votos":39,"votosPorcentaje":0.19,"listas":[{"idLista":"3018","nombreLista":"A- APERTURA LIBERAL ARGENTINA","votos":39,"votosPorcentaje":100.0}]},{"idAgrupacion":"131","idAgrupacionTelegrama":"131","nombreAgrupacion":"FRENTE LIBER.AR","votos":20,"votosPorcentaje":0.09,"listas":[{"idLista":"3003","nombreLista":"B- RECONQUISTA","votos":18,"votosPorcentaje":90.0},{"idLista":"3002","nombreLista":"A- DEMOS","votos":2,"votosPorcentaje":10.0},{"idLista":"3004","nombreLista":"C- ANTICORRUPCIÓN","votos":0,"votosPorcentaje":0.0}]}],"valoresTotalizadosOtros":{"votosNulos":246,"votosNulosPorcentaje":1.19,"votosEnBlanco":1470,"votosEnBlancoPorcentaje":7.15,"votosRecurridosComandoImpugnados":17,"votosRecurridosComandoImpugnadosPorcentaje":0.08}}