{"fechaTotalizacion":"Aug 14, 2023, 5:27:40 AM","estadoRecuento":{"mesasEsperadas":76,"mesasTotalizadas":73,"mesasTotalizadasPorcentaje":96.05,"cantidadElectores":25484,"cantidadVotantes":18531,"participacionPorcentaje":72.71},"valoresTotalizadosPositivos":[{"idAgrupacion":"132","idAgrupacionTelegrama":"132","nombreAgrupacion":"JUNTOS POR EL CAMBIO","votos":6911,"votosPorcentaje":37.71,"listas":[{"idLista":"3008","nombreLista":"B- LA FUERZA DEL CAMBIO","votos":3971,"votosPorcentaje":57.45},{"idLista":"3007","nombreLista":"A- EL CAMBIO DE NUESTRAS VIDAS","votos":2940,"votosPorcentaje":42.54}]},{"idAgrupacion":"135","idAgrupacionTelegrama":"135","nombreAgrupacion":"LA LIBERTAD AVANZA","votos":4744,"votosPorcentaje":25.88,"listas":[{"idLista":"3016","nombreLista":"A- LIBERTAD POR SIEMPRE","votos":4744,"votosPorcentaje":100.0}]},{"idAgrupacion":"134","idAgrupacionTelegrama":"134","nombreAgrupacion":"UNION POR LA PATRIA","votos":4421,"votosPorcentaje":24.12,"listas":[{"idLista":"3005","nombreLista":"A- CELESTE Y BLANCA","votos":3138,"votosPorcentaje":70.97},{"idLista":"3006","nombreLista":"B- JUSTA Y SOBERANA","votos":1283,"votosPorcentaje":29.02}]},{"idAgrupacion":"136","idAgrupacionTelegrama":"136","nombreAgrupacion":"FRENTE DE IZQUIERDA Y DE TRABAJADORES - UNIDAD","votos":755,"votosPorcentaje":4.11,"listas":[{"idLista":"3009","nombreLista":"A- UNIR Y FORTALECER LA IZQUIERDA","votos":601,"votosPorcentaje":79.6},{"idLista":"3010","nombreLista":"B- UNIDAD DE LUCHADORES Y LA IZQUIERDA","votos":154,"votosPorcentaje":20.39}]},{"idAgrupacion":"137","idAgrupacionTelegrama":"137","nombreAgrupacion":"PRINCIPIOS Y VALORES","votos":248,"votosPorcentaje":1.35,"listas":[{"idLista":"3011","nombreLista":"1A- TIERRA, TECHO  Y TRABAJO","votos":248,"votosPorcentaje":100.0}]},{"idAgrupacion":"133","idAgrupacionTelegrama":"133","nombreAgrupacion":"HACEMOS POR NUESTRO PAIS","votos":206,"votosPorcentaje":1.12,"listas":[{"idLista":"3001","nombreLista":"A- HACEMOS","votos":206,"votosPorcentaje":100.0}]},{"idAgrupacion":"13","idAgrupacionTelegrama":"13","nombreAgrupacion":"MOVIMIENTO AL SOCIALISMO","votos":82,"votosPorcentaje":0.44,"listas":[{"idLista":"3017","nombreLista":"A- IZQUIERDA ANTICAPITALISTA","votos":82,"votosPorcentaje":100.0}]},{"idAgrupacion":"40","idAgrupacionTelegrama":"40","nombreAgrupacion":"MOVIMIENTO LIBRES DEL SUR","votos":61,"votosPorcentaje":0.33,"listas":[{"idLista":"3019","nombreLista":"A- AZUL Y ROJO","votos":61,"votosPorcentaje":100.0}]},{"idAgrupacion":"90","idAgrupacionTelegrama":"90","nombreAgrupacion":"MOVIMIENTO IZQUIERDA JUVENTUD Y DIGNIDAD","votos":59,"votosPorcentaje":0.32,"listas":[{"idLista":"3027","nombreLista":"B- CONFEDERAL","votos":36,"votosPorcentaje":61.01},{"idLista":"3026","nombreLista":"A- DIGNIDAD","votos":23,"votosPorcentaje":38.98}]},{"idAgrupacion":"95","idAgrupacionTelegrama":"95","nombreAgrupacion":"FRENTE PATRIOTA FEDERAL","votos":52,"votosPorcentaje":0.28,"listas":[{"idLista":"3021","nombreLista":"A- PRIMERO LA PATRIA","votos":52,"votosPorcentaje":100.0}]},{"idAgrupacion":"57","idAgrupacionTelegrama":"57","nombreAgrupacion":"MOVIMIENTO DE ACCION VECINAL","votos":48,"votosPorcentaje":0.26,"listas":[{"idLista":"3025","nombreLista":"A- COMPROMISO VECINAL","votos":48,"votosPorcentaje":100.0}]},{"idAgrupacion":"94","idAgrupacionTelegrama":"94","nombreAgrupacion":"PROYECTO JOVEN","votos":37,"votosPorcentaje":0.2,"listas":[{"idLista":"3022","nombreLista":"A- COALICION PAZ DEMOCRACIA SOBERANIA","votos":25,"votosPorcentaje":67.56},{"idLista":"3023","nombreLista":"B- PATRIA UNIDA","votos":12,"votosPorcentaje":32.43},{"idLista":"3024","nombreLista":"C- TODEX","votos":0,"votosPorcentaje":0.0}]},{"idAgrupacion":"92","idAgrupacionTelegrama":"92","nombreAgrupacion":"POLITICA OBRERA","votos":35,"votosPorcentaje":0.19,"listas":[{"idLista":"3020","nombreLista":"A- UNIDAD OBRERA","votos":35,"votosPorcentaje":100.0}]},{"idAgrupacion":"20","idAgrupacionTelegrama":"20","nombreAgrupacion":"UNION DEL CENTRO DEMOCRATICO","votos":15,"votosPorcentaje":0.08,"listas":[{"idLista":"3018","nombreLista":"A- APERTURA LIBERAL ARGENTINA","votos":15,"votosPorcentaje":100.0}]},{"idAgrupacion":"131","idAgrupacionTelegrama":"131","nombreAgrupacion":"FRENTE LIBER.AR","votos":13,"votosPorcentaje":0.07,"listas":[{"idLista":"3003","nombreLista":"B- RECONQUISTA","votos":13,"votosPorcentaje":100.0},{"idLista":"3002","nombreLista":"A- DEMOS","votos":0,"votosPorcentaje":0.0},{"idLista":"3004","nombreLista":"C- ANTICORRUPCIÓN","votos":0,"votosPorcentaje":0.0}]}],"valoresTotalizadosOtros":{"votosNulos":175,"votosNulosPorcentaje":0.94,"votosEnBlanco":639,"votosEnBlancoPorcentaje":3.44,"votosRecurridosComandoImpugnados":30,"votosRecurridosComandoImpugnadosPorcentaje":0.16}}