{"fechaTotalizacion":"Aug 14, 2023, 5:27:40 AM","estadoRecuento":{"mesasEsperadas":50,"mesasTotalizadas":49,"mesasTotalizadasPorcentaje":98.0,"cantidadElectores":17064,"cantidadVotantes":12794,"participacionPorcentaje":74.97},"valoresTotalizadosPositivos":[{"idAgrupacion":"132","idAgrupacionTelegrama":"132","nombreAgrupacion":"JUNTOS POR EL CAMBIO","votos":4349,"votosPorcentaje":34.41,"listas":[{"idLista":"3008","nombreLista":"B- LA FUERZA DEL CAMBIO","votos":2545,"votosPorcentaje":58.51},{"idLista":"3007","nombreLista":"A- EL CAMBIO DE NUESTRAS VIDAS","votos":1804,"votosPorcentaje":41.48}]},{"idAgrupacion":"134","idAgrupacionTelegrama":"134","nombreAgrupacion":"UNION POR LA PATRIA","votos":3348,"votosPorcentaje":26.49,"listas":[{"idLista":"3005","nombreLista":"A- CELESTE Y BLANCA","votos":2346,"votosPorcentaje":70.07},{"idLista":"3006","nombreLista":"B- JUSTA Y SOBERANA","votos":1002,"votosPorcentaje":29.92}]},{"idAgrupacion":"135","idAgrupacionTelegrama":"135","nombreAgrupacion":"LA LIBERTAD AVANZA","votos":3273,"votosPorcentaje":25.89,"listas":[{"idLista":"3016","nombreLista":"A- LIBERTAD POR SIEMPRE","votos":3273,"votosPorcentaje":100.0}]},{"idAgrupacion":"136","idAgrupacionTelegrama":"136","nombreAgrupacion":"FRENTE DE IZQUIERDA Y DE TRABAJADORES - UNIDAD","votos":509,"votosPorcentaje":4.02,"listas":[{"idLista":"3009","nombreLista":"A- UNIR Y FORTALECER LA IZQUIERDA","votos":397,"votosPorcentaje":77.99},{"idLista":"3010","nombreLista":"B- UNIDAD DE LUCHADORES Y LA IZQUIERDA","votos":112,"votosPorcentaje":22.0}]},{"idAgrupacion":"133","idAgrupacionTelegrama":"133","nombreAgrupacion":"HACEMOS POR NUESTRO PAIS","votos":218,"votosPorcentaje":1.72,"listas":[{"idLista":"3001","nombreLista":"A- HACEMOS","votos":218,"votosPorcentaje":100.0}]},{"idAgrupacion":"137","idAgrupacionTelegrama":"137","nombreAgrupacion":"PRINCIPIOS Y VALORES","votos":138,"votosPorcentaje":1.09,"listas":[{"idLista":"3011","nombreLista":"1A- TIERRA, TECHO  Y TRABAJO","votos":138,"votosPorcentaje":100.0}]},{"idAgrupacion":"40","idAgrupacionTelegrama":"40","nombreAgrupacion":"MOVIMIENTO LIBRES DEL SUR","votos":62,"votosPorcentaje":0.49,"listas":[{"idLista":"3019","nombreLista":"A- AZUL Y ROJO","votos":62,"votosPorcentaje":100.0}]},{"idAgrupacion":"13","idAgrupacionTelegrama":"13","nombreAgrupacion":"MOVIMIENTO AL SOCIALISMO","votos":53,"votosPorcentaje":0.41,"listas":[{"idLista":"3017","nombreLista":"A- IZQUIERDA ANTICAPITALISTA","votos":53,"votosPorcentaje":100.0}]},{"idAgrupacion":"90","idAgrupacionTelegrama":"90","nombreAgrupacion":"MOVIMIENTO IZQUIERDA JUVENTUD Y DIGNIDAD","votos":53,"votosPorcentaje":0.41,"listas":[{"idLista":"3027","nombreLista":"B- CONFEDERAL","votos":43,"votosPorcentaje":81.13},{"idLista":"3026","nombreLista":"A- DIGNIDAD","votos":10,"votosPorcentaje":18.86}]},{"idAgrupacion":"95","idAgrupacionTelegrama":"95","nombreAgrupacion":"FRENTE PATRIOTA FEDERAL","votos":30,"votosPorcentaje":0.23,"listas":[{"idLista":"3021","nombreLista":"A- PRIMERO LA PATRIA","votos":30,"votosPorcentaje":100.0}]},{"idAgrupacion":"92","idAgrupacionTelegrama":"92","nombreAgrupacion":"POLITICA OBRERA","votos":30,"votosPorcentaje":0.23,"listas":[{"idLista":"3020","nombreLista":"A- UNIDAD OBRERA","votos":30,"votosPorcentaje":100.0}]},{"idAgrupacion":"57","idAgrupacionTelegrama":"57","nombreAgrupacion":"MOVIMIENTO DE ACCION VECINAL","votos":23,"votosPorcentaje":0.18,"listas":[{"idLista":"3025","nombreLista":"A- COMPROMISO VECINAL","votos":23,"votosPorcentaje":100.0}]},{"idAgrupacion":"94","idAgrupacionTelegrama":"94","nombreAgrupacion":"PROYECTO JOVEN","votos":14,"votosPorcentaje":0.11,"listas":[{"idLista":"3022","nombreLista":"A- COALICION PAZ DEMOCRACIA SOBERANIA","votos":8,"votosPorcentaje":57.14},{"idLista":"3023","nombreLista":"B- PATRIA UNIDA","votos":6,"votosPorcentaje":42.85},{"idLista":"3024","nombreLista":"C- TODEX","votos":0,"votosPorcentaje":0.0}]},{"idAgrupacion":"131","idAgrupacionTelegrama":"131","nombreAgrupacion":"FRENTE LIBER.AR","votos":13,"votosPorcentaje":0.1,"listas":[{"idLista":"3003","nombreLista":"B- RECONQUISTA","votos":12,"votosPorcentaje":92.3},{"idLista":"3002","nombreLista":"A- DEMOS","votos":1,"votosPorcentaje":7.69},{"idLista":"3004","nombreLista":"C- ANTICORRUPCIÓN","votos":0,"votosPorcentaje":0.0}]},{"idAgrupacion":"20","idAgrupacionTelegrama":"20","nombreAgrupacion":"UNION DEL CENTRO DEMOCRATICO","votos":8,"votosPorcentaje":0.06,"listas":[{"idLista":"3018","nombreLista":"A- APERTURA LIBERAL ARGENTINA","votos":8,"votosPorcentaje":100.0}]}],"valoresTotalizadosOtros":{"votosNulos":133,"votosNulosPorcentaje":1.03,"votosEnBlanco":517,"votosEnBlancoPorcentaje":4.04,"votosRecurridosComandoImpugnados":23,"votosRecurridosComandoImpugnadosPorcentaje":0.17}}