{"fechaTotalizacion":"Aug 14, 2023, 5:27:40 AM","estadoRecuento":{"mesasEsperadas":71,"mesasTotalizadas":69,"mesasTotalizadasPorcentaje":97.18,"cantidadElectores":24169,"cantidadVotantes":17100,"participacionPorcentaje":70.75},"valoresTotalizadosPositivos":[{"idAgrupacion":"134","idAgrupacionTelegrama":"134","nombreAgrupacion":"UNION POR LA PATRIA","votos":6007,"votosPorcentaje":35.54,"listas":[{"idLista":"3005","nombreLista":"A- CELESTE Y BLANCA","votos":4390,"votosPorcentaje":73.08},{"idLista":"3006","nombreLista":"B- JUSTA Y SOBERANA","votos":1617,"votosPorcentaje":26.91}]},{"idAgrupacion":"135","idAgrupacionTelegrama":"135","nombreAgrupacion":"LA LIBERTAD AVANZA","votos":5065,"votosPorcentaje":29.96,"listas":[{"idLista":"3016","nombreLista":"A- LIBERTAD POR SIEMPRE","votos":5065,"votosPorcentaje":100.0}]},{"idAgrupacion":"132","idAgrupacionTelegrama":"132","nombreAgrupacion":"JUNTOS POR EL CAMBIO","votos":2997,"votosPorcentaje":17.73,"listas":[{"idLista":"3007","nombreLista":"A- EL CAMBIO DE NUESTRAS VIDAS","votos":1522,"votosPorcentaje":50.78},{"idLista":"3008","nombreLista":"B- LA FUERZA DEL CAMBIO","votos":1475,"votosPorcentaje":49.21}]},{"idAgrupacion":"136","idAgrupacionTelegrama":"136","nombreAgrupacion":"FRENTE DE IZQUIERDA Y DE TRABAJADORES - UNIDAD","votos":646,"votosPorcentaje":3.82,"listas":[{"idLista":"3009","nombreLista":"A- UNIR Y FORTALECER LA IZQUIERDA","votos":483,"votosPorcentaje":74.76},{"idLista":"3010","nombreLista":"B- UNIDAD DE LUCHADORES Y LA IZQUIERDA","votos":163,"votosPorcentaje":25.23}]},{"idAgrupacion":"40","idAgrupacionTelegrama":"40","nombreAgrupacion":"MOVIMIENTO LIBRES DEL SUR","votos":235,"votosPorcentaje":1.39,"listas":[{"idLista":"3019","nombreLista":"A- AZUL Y ROJO","votos":235,"votosPorcentaje":100.0}]},{"idAgrupacion":"133","idAgrupacionTelegrama":"133","nombreAgrupacion":"HACEMOS POR NUESTRO PAIS","votos":222,"votosPorcentaje":1.31,"listas":[{"idLista":"3001","nombreLista":"A- HACEMOS","votos":222,"votosPorcentaje":100.0}]},{"idAgrupacion":"137","idAgrupacionTelegrama":"137","nombreAgrupacion":"PRINCIPIOS Y VALORES","votos":123,"votosPorcentaje":0.72,"listas":[{"idLista":"3011","nombreLista":"1A- TIERRA, TECHO  Y TRABAJO","votos":123,"votosPorcentaje":100.0}]},{"idAgrupacion":"95","idAgrupacionTelegrama":"95","nombreAgrupacion":"FRENTE PATRIOTA FEDERAL","votos":98,"votosPorcentaje":0.57,"listas":[{"idLista":"3021","nombreLista":"A- PRIMERO LA PATRIA","votos":98,"votosPorcentaje":100.0}]},{"idAgrupacion":"90","idAgrupacionTelegrama":"90","nombreAgrupacion":"MOVIMIENTO IZQUIERDA JUVENTUD Y DIGNIDAD","votos":74,"votosPorcentaje":0.43,"listas":[{"idLista":"3027","nombreLista":"B- CONFEDERAL","votos":53,"votosPorcentaje":71.62},{"idLista":"3026","nombreLista":"A- DIGNIDAD","votos":21,"votosPorcentaje":28.37}]},{"idAgrupacion":"13","idAgrupacionTelegrama":"13","nombreAgrupacion":"MOVIMIENTO AL SOCIALISMO","votos":66,"votosPorcentaje":0.39,"listas":[{"idLista":"3017","nombreLista":"A- IZQUIERDA ANTICAPITALISTA","votos":66,"votosPorcentaje":100.0}]},{"idAgrupacion":"92","idAgrupacionTelegrama":"92","nombreAgrupacion":"POLITICA OBRERA","votos":62,"votosPorcentaje":0.36,"listas":[{"idLista":"3020","nombreLista":"A- UNIDAD OBRERA","votos":62,"votosPorcentaje":100.0}]},{"idAgrupacion":"57","idAgrupacionTelegrama":"57","nombreAgrupacion":"MOVIMIENTO DE ACCION VECINAL","votos":53,"votosPorcentaje":0.31,"listas":[{"idLista":"3025","nombreLista":"A- COMPROMISO VECINAL","votos":53,"votosPorcentaje":100.0}]},{"idAgrupacion":"131","idAgrupacionTelegrama":"131","nombreAgrupacion":"FRENTE LIBER.AR","votos":41,"votosPorcentaje":0.24,"listas":[{"idLista":"3003","nombreLista":"B- RECONQUISTA","votos":40,"votosPorcentaje":97.56},{"idLista":"3002","nombreLista":"A- DEMOS","votos":1,"votosPorcentaje":2.43},{"idLista":"3004","nombreLista":"C- ANTICORRUPCIÓN","votos":0,"votosPorcentaje":0.0}]},{"idAgrupacion":"94","idAgrupacionTelegrama":"94","nombreAgrupacion":"PROYECTO JOVEN","votos":41,"votosPorcentaje":0.24,"listas":[{"idLista":"3022","nombreLista":"A- COALICION PAZ DEMOCRACIA SOBERANIA","votos":27,"votosPorcentaje":65.85},{"idLista":"3023","nombreLista":"B- PATRIA UNIDA","votos":14,"votosPorcentaje":34.14},{"idLista":"3024","nombreLista":"C- TODEX","votos":0,"votosPorcentaje":0.0}]},{"idAgrupacion":"20","idAgrupacionTelegrama":"20","nombreAgrupacion":"UNION DEL CENTRO DEMOCRATICO","votos":18,"votosPorcentaje":0.1,"listas":[{"idLista":"3018","nombreLista":"A- APERTURA LIBERAL ARGENTINA","votos":18,"votosPorcentaje":100.0}]}],"valoresTotalizadosOtros":{"votosNulos":189,"votosNulosPorcentaje":1.1,"votosEnBlanco":1153,"votosEnBlancoPorcentaje":6.74,"votosRecurridosComandoImpugnados":10,"votosRecurridosComandoImpugnadosPorcentaje":0.05}}