{"fechaTotalizacion":"Aug 14, 2023, 5:27:40 AM","estadoRecuento":{"mesasEsperadas":14,"mesasTotalizadas":14,"mesasTotalizadasPorcentaje":100.0,"cantidadElectores":4890,"cantidadVotantes":3483,"participacionPorcentaje":71.22},"valoresTotalizadosPositivos":[{"idAgrupacion":"134","idAgrupacionTelegrama":"134","nombreAgrupacion":"UNION POR LA PATRIA","votos":1204,"votosPorcentaje":35.38,"listas":[{"idLista":"3005","nombreLista":"A- CELESTE Y BLANCA","votos":808,"votosPorcentaje":67.1},{"idLista":"3006","nombreLista":"B- JUSTA Y SOBERANA","votos":396,"votosPorcentaje":32.89}]},{"idAgrupacion":"135","idAgrupacionTelegrama":"135","nombreAgrupacion":"LA LIBERTAD AVANZA","votos":1051,"votosPorcentaje":30.88,"listas":[{"idLista":"3016","nombreLista":"A- LIBERTAD POR SIEMPRE","votos":1051,"votosPorcentaje":100.0}]},{"idAgrupacion":"132","idAgrupacionTelegrama":"132","nombreAgrupacion":"JUNTOS POR EL CAMBIO","votos":503,"votosPorcentaje":14.78,"listas":[{"idLista":"3007","nombreLista":"A- EL CAMBIO DE NUESTRAS VIDAS","votos":262,"votosPorcentaje":52.08},{"idLista":"3008","nombreLista":"B- LA FUERZA DEL CAMBIO","votos":241,"votosPorcentaje":47.91}]},{"idAgrupacion":"136","idAgrupacionTelegrama":"136","nombreAgrupacion":"FRENTE DE IZQUIERDA Y DE TRABAJADORES - UNIDAD","votos":120,"votosPorcentaje":3.52,"listas":[{"idLista":"3009","nombreLista":"A- UNIR Y FORTALECER LA IZQUIERDA","votos":71,"votosPorcentaje":59.16},{"idLista":"3010","nombreLista":"B- UNIDAD DE LUCHADORES Y LA IZQUIERDA","votos":49,"votosPorcentaje":40.83}]},{"idAgrupacion":"137","idAgrupacionTelegrama":"137","nombreAgrupacion":"PRINCIPIOS Y VALORES","votos":32,"votosPorcentaje":0.94,"listas":[{"idLista":"3011","nombreLista":"1A- TIERRA, TECHO  Y TRABAJO","votos":32,"votosPorcentaje":100.0}]},{"idAgrupacion":"90","idAgrupacionTelegrama":"90","nombreAgrupacion":"MOVIMIENTO IZQUIERDA JUVENTUD Y DIGNIDAD","votos":20,"votosPorcentaje":0.58,"listas":[{"idLista":"3027","nombreLista":"B- CONFEDERAL","votos":20,"votosPorcentaje":100.0},{"idLista":"3026","nombreLista":"A- DIGNIDAD","votos":0,"votosPorcentaje":0.0}]},{"idAgrupacion":"57","idAgrupacionTelegrama":"57","nombreAgrupacion":"MOVIMIENTO DE ACCION VECINAL","votos":17,"votosPorcentaje":0.49,"listas":[{"idLista":"3025","nombreLista":"A- COMPROMISO VECINAL","votos":17,"votosPorcentaje":100.0}]},{"idAgrupacion":"40","idAgrupacionTelegrama":"40","nombreAgrupacion":"MOVIMIENTO LIBRES DEL SUR","votos":15,"votosPorcentaje":0.44,"listas":[{"idLista":"3019","nombreLista":"A- AZUL Y ROJO","votos":15,"votosPorcentaje":100.0}]},{"idAgrupacion":"13","idAgrupacionTelegrama":"13","nombreAgrupacion":"MOVIMIENTO AL SOCIALISMO","votos":13,"votosPorcentaje":0.38,"listas":[{"idLista":"3017","nombreLista":"A- IZQUIERDA ANTICAPITALISTA","votos":13,"votosPorcentaje":100.0}]},{"idAgrupacion":"95","idAgrupacionTelegrama":"95","nombreAgrupacion":"FRENTE PATRIOTA FEDERAL","votos":12,"votosPorcentaje":0.35,"listas":[{"idLista":"3021","nombreLista":"A- PRIMERO LA PATRIA","votos":12,"votosPorcentaje":100.0}]},{"idAgrupacion":"133","idAgrupacionTelegrama":"133","nombreAgrupacion":"HACEMOS POR NUESTRO PAIS","votos":11,"votosPorcentaje":0.32,"listas":[{"idLista":"3001","nombreLista":"A- HACEMOS","votos":11,"votosPorcentaje":100.0}]},{"idAgrupacion":"92","idAgrupacionTelegrama":"92","nombreAgrupacion":"POLITICA OBRERA","votos":11,"votosPorcentaje":0.32,"listas":[{"idLista":"3020","nombreLista":"A- UNIDAD OBRERA","votos":11,"votosPorcentaje":100.0}]},{"idAgrupacion":"94","idAgrupacionTelegrama":"94","nombreAgrupacion":"PROYECTO JOVEN","votos":8,"votosPorcentaje":0.23,"listas":[{"idLista":"3022","nombreLista":"A- COALICION PAZ DEMOCRACIA SOBERANIA","votos":4,"votosPorcentaje":50.0},{"idLista":"3023","nombreLista":"B- PATRIA UNIDA","votos":3,"votosPorcentaje":37.5},{"idLista":"3024","nombreLista":"C- TODEX","votos":1,"votosPorcentaje":12.5}]},{"idAgrupacion":"20","idAgrupacionTelegrama":"20","nombreAgrupacion":"UNION DEL CENTRO DEMOCRATICO","votos":6,"votosPorcentaje":0.17,"listas":[{"idLista":"3018","nombreLista":"A- APERTURA LIBERAL ARGENTINA","votos":6,"votosPorcentaje":100.0}]},{"idAgrupacion":"131","idAgrupacionTelegrama":"131","nombreAgrupacion":"FRENTE LIBER.AR","votos":5,"votosPorcentaje":0.14,"listas":[{"idLista":"3003","nombreLista":"B- RECONQUISTA","votos":4,"votosPorcentaje":80.0},{"idLista":"3002","nombreLista":"A- DEMOS","votos":1,"votosPorcentaje":20.0},{"idLista":"3004","nombreLista":"C- ANTICORRUPCIÓN","votos":0,"votosPorcentaje":0.0}]}],"valoresTotalizadosOtros":{"votosNulos":28,"votosNulosPorcentaje":0.8,"votosEnBlanco":375,"votosEnBlancoPorcentaje":10.76,"votosRecurridosComandoImpugnados":52,"votosRecurridosComandoImpugnadosPorcentaje":1.49}}