{"fechaTotalizacion":"Aug 14, 2023, 5:27:40 AM","estadoRecuento":{"mesasEsperadas":55,"mesasTotalizadas":55,"mesasTotalizadasPorcentaje":100.0,"cantidadElectores":19120,"cantidadVotantes":13609,"participacionPorcentaje":71.17},"valoresTotalizadosPositivos":[{"idAgrupacion":"134","idAgrupacionTelegrama":"134","nombreAgrupacion":"UNION POR LA PATRIA","votos":4746,"votosPorcentaje":35.23,"listas":[{"idLista":"3005","nombreLista":"A- CELESTE Y BLANCA","votos":3499,"votosPorcentaje":73.72},{"idLista":"3006","nombreLista":"B- JUSTA Y SOBERANA","votos":1247,"votosPorcentaje":26.27}]},{"idAgrupacion":"135","idAgrupacionTelegrama":"135","nombreAgrupacion":"LA LIBERTAD AVANZA","votos":3993,"votosPorcentaje":29.64,"listas":[{"idLista":"3016","nombreLista":"A- LIBERTAD POR SIEMPRE","votos":3993,"votosPorcentaje":100.0}]},{"idAgrupacion":"132","idAgrupacionTelegrama":"132","nombreAgrupacion":"JUNTOS POR EL CAMBIO","votos":2825,"votosPorcentaje":20.97,"listas":[{"idLista":"3008","nombreLista":"B- LA FUERZA DEL CAMBIO","votos":1465,"votosPorcentaje":51.85},{"idLista":"3007","nombreLista":"A- EL CAMBIO DE NUESTRAS VIDAS","votos":1360,"votosPorcentaje":48.14}]},{"idAgrupacion":"136","idAgrupacionTelegrama":"136","nombreAgrupacion":"FRENTE DE IZQUIERDA Y DE TRABAJADORES - UNIDAD","votos":490,"votosPorcentaje":3.63,"listas":[{"idLista":"3009","nombreLista":"A- UNIR Y FORTALECER LA IZQUIERDA","votos":361,"votosPorcentaje":73.67},{"idLista":"3010","nombreLista":"B- UNIDAD DE LUCHADORES Y LA IZQUIERDA","votos":129,"votosPorcentaje":26.32}]},{"idAgrupacion":"133","idAgrupacionTelegrama":"133","nombreAgrupacion":"HACEMOS POR NUESTRO PAIS","votos":151,"votosPorcentaje":1.12,"listas":[{"idLista":"3001","nombreLista":"A- HACEMOS","votos":151,"votosPorcentaje":100.0}]},{"idAgrupacion":"137","idAgrupacionTelegrama":"137","nombreAgrupacion":"PRINCIPIOS Y VALORES","votos":116,"votosPorcentaje":0.86,"listas":[{"idLista":"3011","nombreLista":"1A- TIERRA, TECHO  Y TRABAJO","votos":116,"votosPorcentaje":100.0}]},{"idAgrupacion":"40","idAgrupacionTelegrama":"40","nombreAgrupacion":"MOVIMIENTO LIBRES DEL SUR","votos":86,"votosPorcentaje":0.63,"listas":[{"idLista":"3019","nombreLista":"A- AZUL Y ROJO","votos":86,"votosPorcentaje":100.0}]},{"idAgrupacion":"13","idAgrupacionTelegrama":"13","nombreAgrupacion":"MOVIMIENTO AL SOCIALISMO","votos":65,"votosPorcentaje":0.48,"listas":[{"idLista":"3017","nombreLista":"A- IZQUIERDA ANTICAPITALISTA","votos":65,"votosPorcentaje":100.0}]},{"idAgrupacion":"90","idAgrupacionTelegrama":"90","nombreAgrupacion":"MOVIMIENTO IZQUIERDA JUVENTUD Y DIGNIDAD","votos":65,"votosPorcentaje":0.48,"listas":[{"idLista":"3027","nombreLista":"B- CONFEDERAL","votos":49,"votosPorcentaje":75.38},{"idLista":"3026","nombreLista":"A- DIGNIDAD","votos":16,"votosPorcentaje":24.61}]},{"idAgrupacion":"95","idAgrupacionTelegrama":"95","nombreAgrupacion":"FRENTE PATRIOTA FEDERAL","votos":47,"votosPorcentaje":0.34,"listas":[{"idLista":"3021","nombreLista":"A- PRIMERO LA PATRIA","votos":47,"votosPorcentaje":100.0}]},{"idAgrupacion":"57","idAgrupacionTelegrama":"57","nombreAgrupacion":"MOVIMIENTO DE ACCION VECINAL","votos":44,"votosPorcentaje":0.32,"listas":[{"idLista":"3025","nombreLista":"A- COMPROMISO VECINAL","votos":44,"votosPorcentaje":100.0}]},{"idAgrupacion":"92","idAgrupacionTelegrama":"92","nombreAgrupacion":"POLITICA OBRERA","votos":28,"votosPorcentaje":0.2,"listas":[{"idLista":"3020","nombreLista":"A- UNIDAD OBRERA","votos":28,"votosPorcentaje":100.0}]},{"idAgrupacion":"94","idAgrupacionTelegrama":"94","nombreAgrupacion":"PROYECTO JOVEN","votos":25,"votosPorcentaje":0.18,"listas":[{"idLista":"3022","nombreLista":"A- COALICION PAZ DEMOCRACIA SOBERANIA","votos":21,"votosPorcentaje":84.0},{"idLista":"3023","nombreLista":"B- PATRIA UNIDA","votos":4,"votosPorcentaje":16.0},{"idLista":"3024","nombreLista":"C- TODEX","votos":0,"votosPorcentaje":0.0}]},{"idAgrupacion":"20","idAgrupacionTelegrama":"20","nombreAgrupacion":"UNION DEL CENTRO DEMOCRATICO","votos":17,"votosPorcentaje":0.12,"listas":[{"idLista":"3018","nombreLista":"A- APERTURA LIBERAL ARGENTINA","votos":17,"votosPorcentaje":100.0}]},{"idAgrupacion":"131","idAgrupacionTelegrama":"131","nombreAgrupacion":"FRENTE LIBER.AR","votos":14,"votosPorcentaje":0.1,"listas":[{"idLista":"3003","nombreLista":"B- RECONQUISTA","votos":14,"votosPorcentaje":100.0},{"idLista":"3002","nombreLista":"A- DEMOS","votos":0,"votosPorcentaje":0.0},{"idLista":"3004","nombreLista":"C- ANTICORRUPCIÓN","votos":0,"votosPorcentaje":0.0}]}],"valoresTotalizadosOtros":{"votosNulos":133,"votosNulosPorcentaje":0.97,"votosEnBlanco":759,"votosEnBlancoPorcentaje":5.57,"votosRecurridosComandoImpugnados":5,"votosRecurridosComandoImpugnadosPorcentaje":0.03}}