{"fechaTotalizacion":"Aug 14, 2023, 5:27:40 AM","estadoRecuento":{"mesasEsperadas":59,"mesasTotalizadas":56,"mesasTotalizadasPorcentaje":94.91,"cantidadElectores":19501,"cantidadVotantes":14065,"participacionPorcentaje":72.12},"valoresTotalizadosPositivos":[{"idAgrupacion":"134","idAgrupacionTelegrama":"134","nombreAgrupacion":"UNION POR LA PATRIA","votos":4823,"votosPorcentaje":34.77,"listas":[{"idLista":"3005","nombreLista":"A- CELESTE Y BLANCA","votos":3602,"votosPorcentaje":74.68},{"idLista":"3006","nombreLista":"B- JUSTA Y SOBERANA","votos":1221,"votosPorcentaje":25.31}]},{"idAgrupacion":"135","idAgrupacionTelegrama":"135","nombreAgrupacion":"LA LIBERTAD AVANZA","votos":3708,"votosPorcentaje":26.73,"listas":[{"idLista":"3016","nombreLista":"A- LIBERTAD POR SIEMPRE","votos":3708,"votosPorcentaje":100.0}]},{"idAgrupacion":"132","idAgrupacionTelegrama":"132","nombreAgrupacion":"JUNTOS POR EL CAMBIO","votos":3400,"votosPorcentaje":24.51,"listas":[{"idLista":"3008","nombreLista":"B- LA FUERZA DEL CAMBIO","votos":1777,"votosPorcentaje":52.26},{"idLista":"3007","nombreLista":"A- EL CAMBIO DE NUESTRAS VIDAS","votos":1623,"votosPorcentaje":47.73}]},{"idAgrupacion":"136","idAgrupacionTelegrama":"136","nombreAgrupacion":"FRENTE DE IZQUIERDA Y DE TRABAJADORES - UNIDAD","votos":528,"votosPorcentaje":3.8,"listas":[{"idLista":"3009","nombreLista":"A- UNIR Y FORTALECER LA IZQUIERDA","votos":386,"votosPorcentaje":73.1},{"idLista":"3010","nombreLista":"B- UNIDAD DE LUCHADORES Y LA IZQUIERDA","votos":142,"votosPorcentaje":26.89}]},{"idAgrupacion":"137","idAgrupacionTelegrama":"137","nombreAgrupacion":"PRINCIPIOS Y VALORES","votos":149,"votosPorcentaje":1.07,"listas":[{"idLista":"3011","nombreLista":"1A- TIERRA, TECHO  Y TRABAJO","votos":149,"votosPorcentaje":100.0}]},{"idAgrupacion":"133","idAgrupacionTelegrama":"133","nombreAgrupacion":"HACEMOS POR NUESTRO PAIS","votos":137,"votosPorcentaje":0.98,"listas":[{"idLista":"3001","nombreLista":"A- HACEMOS","votos":137,"votosPorcentaje":100.0}]},{"idAgrupacion":"40","idAgrupacionTelegrama":"40","nombreAgrupacion":"MOVIMIENTO LIBRES DEL SUR","votos":127,"votosPorcentaje":0.91,"listas":[{"idLista":"3019","nombreLista":"A- AZUL Y ROJO","votos":127,"votosPorcentaje":100.0}]},{"idAgrupacion":"92","idAgrupacionTelegrama":"92","nombreAgrupacion":"POLITICA OBRERA","votos":63,"votosPorcentaje":0.45,"listas":[{"idLista":"3020","nombreLista":"A- UNIDAD OBRERA","votos":63,"votosPorcentaje":100.0}]},{"idAgrupacion":"90","idAgrupacionTelegrama":"90","nombreAgrupacion":"MOVIMIENTO IZQUIERDA JUVENTUD Y DIGNIDAD","votos":61,"votosPorcentaje":0.43,"listas":[{"idLista":"3027","nombreLista":"B- CONFEDERAL","votos":45,"votosPorcentaje":73.77},{"idLista":"3026","nombreLista":"A- DIGNIDAD","votos":16,"votosPorcentaje":26.22}]},{"idAgrupacion":"13","idAgrupacionTelegrama":"13","nombreAgrupacion":"MOVIMIENTO AL SOCIALISMO","votos":55,"votosPorcentaje":0.39,"listas":[{"idLista":"3017","nombreLista":"A- IZQUIERDA ANTICAPITALISTA","votos":55,"votosPorcentaje":100.0}]},{"idAgrupacion":"95","idAgrupacionTelegrama":"95","nombreAgrupacion":"FRENTE PATRIOTA FEDERAL","votos":37,"votosPorcentaje":0.26,"listas":[{"idLista":"3021","nombreLista":"A- PRIMERO LA PATRIA","votos":37,"votosPorcentaje":100.0}]},{"idAgrupacion":"131","idAgrupacionTelegrama":"131","nombreAgrupacion":"FRENTE LIBER.AR","votos":36,"votosPorcentaje":0.25,"listas":[{"idLista":"3003","nombreLista":"B- RECONQUISTA","votos":28,"votosPorcentaje":77.77},{"idLista":"3004","nombreLista":"C- ANTICORRUPCIÓN","votos":5,"votosPorcentaje":13.88},{"idLista":"3002","nombreLista":"A- DEMOS","votos":3,"votosPorcentaje":8.33}]},{"idAgrupacion":"94","idAgrupacionTelegrama":"94","nombreAgrupacion":"PROYECTO JOVEN","votos":35,"votosPorcentaje":0.25,"listas":[{"idLista":"3022","nombreLista":"A- COALICION PAZ DEMOCRACIA SOBERANIA","votos":17,"votosPorcentaje":48.57},{"idLista":"3023","nombreLista":"B- PATRIA UNIDA","votos":17,"votosPorcentaje":48.57},{"idLista":"3024","nombreLista":"C- TODEX","votos":1,"votosPorcentaje":2.85}]},{"idAgrupacion":"57","idAgrupacionTelegrama":"57","nombreAgrupacion":"MOVIMIENTO DE ACCION VECINAL","votos":32,"votosPorcentaje":0.23,"listas":[{"idLista":"3025","nombreLista":"A- COMPROMISO VECINAL","votos":32,"votosPorcentaje":100.0}]},{"idAgrupacion":"20","idAgrupacionTelegrama":"20","nombreAgrupacion":"UNION DEL CENTRO DEMOCRATICO","votos":15,"votosPorcentaje":0.1,"listas":[{"idLista":"3018","nombreLista":"A- APERTURA LIBERAL ARGENTINA","votos":15,"votosPorcentaje":100.0}]}],"valoresTotalizadosOtros":{"votosNulos":171,"votosNulosPorcentaje":1.21,"votosEnBlanco":663,"votosEnBlancoPorcentaje":4.71,"votosRecurridosComandoImpugnados":25,"votosRecurridosComandoImpugnadosPorcentaje":0.17}}