{"fechaTotalizacion":"Aug 14, 2023, 5:27:40 AM","estadoRecuento":{"mesasEsperadas":44,"mesasTotalizadas":43,"mesasTotalizadasPorcentaje":97.72,"cantidadElectores":15001,"cantidadVotantes":11291,"participacionPorcentaje":75.26},"valoresTotalizadosPositivos":[{"idAgrupacion":"132","idAgrupacionTelegrama":"132","nombreAgrupacion":"JUNTOS POR EL CAMBIO","votos":3646,"votosPorcentaje":32.68,"listas":[{"idLista":"3008","nombreLista":"B- LA FUERZA DEL CAMBIO","votos":2108,"votosPorcentaje":57.81},{"idLista":"3007","nombreLista":"A- EL CAMBIO DE NUESTRAS VIDAS","votos":1538,"votosPorcentaje":42.18}]},{"idAgrupacion":"135","idAgrupacionTelegrama":"135","nombreAgrupacion":"LA LIBERTAD AVANZA","votos":3036,"votosPorcentaje":27.21,"listas":[{"idLista":"3016","nombreLista":"A- LIBERTAD POR SIEMPRE","votos":3036,"votosPorcentaje":100.0}]},{"idAgrupacion":"134","idAgrupacionTelegrama":"134","nombreAgrupacion":"UNION POR LA PATRIA","votos":2871,"votosPorcentaje":25.73,"listas":[{"idLista":"3005","nombreLista":"A- CELESTE Y BLANCA","votos":2077,"votosPorcentaje":72.34},{"idLista":"3006","nombreLista":"B- JUSTA Y SOBERANA","votos":794,"votosPorcentaje":27.65}]},{"idAgrupacion":"136","idAgrupacionTelegrama":"136","nombreAgrupacion":"FRENTE DE IZQUIERDA Y DE TRABAJADORES - UNIDAD","votos":505,"votosPorcentaje":4.52,"listas":[{"idLista":"3009","nombreLista":"A- UNIR Y FORTALECER LA IZQUIERDA","votos":401,"votosPorcentaje":79.4},{"idLista":"3010","nombreLista":"B- UNIDAD DE LUCHADORES Y LA IZQUIERDA","votos":104,"votosPorcentaje":20.59}]},{"idAgrupacion":"133","idAgrupacionTelegrama":"133","nombreAgrupacion":"HACEMOS POR NUESTRO PAIS","votos":185,"votosPorcentaje":1.65,"listas":[{"idLista":"3001","nombreLista":"A- HACEMOS","votos":185,"votosPorcentaje":100.0}]},{"idAgrupacion":"137","idAgrupacionTelegrama":"137","nombreAgrupacion":"PRINCIPIOS Y VALORES","votos":144,"votosPorcentaje":1.29,"listas":[{"idLista":"3011","nombreLista":"1A- TIERRA, TECHO  Y TRABAJO","votos":144,"votosPorcentaje":100.0}]},{"idAgrupacion":"90","idAgrupacionTelegrama":"90","nombreAgrupacion":"MOVIMIENTO IZQUIERDA JUVENTUD Y DIGNIDAD","votos":71,"votosPorcentaje":0.63,"listas":[{"idLista":"3027","nombreLista":"B- CONFEDERAL","votos":54,"votosPorcentaje":76.05},{"idLista":"3026","nombreLista":"A- DIGNIDAD","votos":17,"votosPorcentaje":23.94}]},{"idAgrupacion":"13","idAgrupacionTelegrama":"13","nombreAgrupacion":"MOVIMIENTO AL SOCIALISMO","votos":62,"votosPorcentaje":0.55,"listas":[{"idLista":"3017","nombreLista":"A- IZQUIERDA ANTICAPITALISTA","votos":62,"votosPorcentaje":100.0}]},{"idAgrupacion":"57","idAgrupacionTelegrama":"57","nombreAgrupacion":"MOVIMIENTO DE ACCION VECINAL","votos":35,"votosPorcentaje":0.31,"listas":[{"idLista":"3025","nombreLista":"A- COMPROMISO VECINAL","votos":35,"votosPorcentaje":100.0}]},{"idAgrupacion":"40","idAgrupacionTelegrama":"40","nombreAgrupacion":"MOVIMIENTO LIBRES DEL SUR","votos":35,"votosPorcentaje":0.31,"listas":[{"idLista":"3019","nombreLista":"A- AZUL Y ROJO","votos":35,"votosPorcentaje":100.0}]},{"idAgrupacion":"95","idAgrupacionTelegrama":"95","nombreAgrupacion":"FRENTE PATRIOTA FEDERAL","votos":31,"votosPorcentaje":0.27,"listas":[{"idLista":"3021","nombreLista":"A- PRIMERO LA PATRIA","votos":31,"votosPorcentaje":100.0}]},{"idAgrupacion":"94","idAgrupacionTelegrama":"94","nombreAgrupacion":"PROYECTO JOVEN","votos":21,"votosPorcentaje":0.18,"listas":[{"idLista":"3022","nombreLista":"A- COALICION PAZ DEMOCRACIA SOBERANIA","votos":18,"votosPorcentaje":85.71},{"idLista":"3023","nombreLista":"B- PATRIA UNIDA","votos":3,"votosPorcentaje":14.28},{"idLista":"3024","nombreLista":"C- TODEX","votos":0,"votosPorcentaje":0.0}]},{"idAgrupacion":"92","idAgrupacionTelegrama":"92","nombreAgrupacion":"POLITICA OBRERA","votos":19,"votosPorcentaje":0.17,"listas":[{"idLista":"3020","nombreLista":"A- UNIDAD OBRERA","votos":19,"votosPorcentaje":100.0}]},{"idAgrupacion":"131","idAgrupacionTelegrama":"131","nombreAgrupacion":"FRENTE LIBER.AR","votos":8,"votosPorcentaje":0.07,"listas":[{"idLista":"3003","nombreLista":"B- RECONQUISTA","votos":8,"votosPorcentaje":100.0},{"idLista":"3002","nombreLista":"A- DEMOS","votos":0,"votosPorcentaje":0.0},{"idLista":"3004","nombreLista":"C- ANTICORRUPCIÓN","votos":0,"votosPorcentaje":0.0}]},{"idAgrupacion":"20","idAgrupacionTelegrama":"20","nombreAgrupacion":"UNION DEL CENTRO DEMOCRATICO","votos":7,"votosPorcentaje":0.06,"listas":[{"idLista":"3018","nombreLista":"A- APERTURA LIBERAL ARGENTINA","votos":7,"votosPorcentaje":100.0}]}],"valoresTotalizadosOtros":{"votosNulos":111,"votosNulosPorcentaje":0.98,"votosEnBlanco":478,"votosEnBlancoPorcentaje":4.23,"votosRecurridosComandoImpugnados":26,"votosRecurridosComandoImpugnadosPorcentaje":0.23}}