{"fechaTotalizacion":"Aug 14, 2023, 5:27:40 AM","estadoRecuento":{"mesasEsperadas":64,"mesasTotalizadas":63,"mesasTotalizadasPorcentaje":98.43,"cantidadElectores":21858,"cantidadVotantes":15942,"participacionPorcentaje":72.93},"valoresTotalizadosPositivos":[{"idAgrupacion":"134","idAgrupacionTelegrama":"134","nombreAgrupacion":"UNION POR LA PATRIA","votos":5107,"votosPorcentaje":32.58,"listas":[{"idLista":"3005","nombreLista":"A- CELESTE Y BLANCA","votos":3761,"votosPorcentaje":73.64},{"idLista":"3006","nombreLista":"B- JUSTA Y SOBERANA","votos":1346,"votosPorcentaje":26.35}]},{"idAgrupacion":"132","idAgrupacionTelegrama":"132","nombreAgrupacion":"JUNTOS POR EL CAMBIO","votos":4818,"votosPorcentaje":30.73,"listas":[{"idLista":"3008","nombreLista":"B- LA FUERZA DEL CAMBIO","votos":2759,"votosPorcentaje":57.26},{"idLista":"3007","nombreLista":"A- EL CAMBIO DE NUESTRAS VIDAS","votos":2059,"votosPorcentaje":42.73}]},{"idAgrupacion":"135","idAgrupacionTelegrama":"135","nombreAgrupacion":"LA LIBERTAD AVANZA","votos":3573,"votosPorcentaje":22.79,"listas":[{"idLista":"3016","nombreLista":"A- LIBERTAD POR SIEMPRE","votos":3573,"votosPorcentaje":100.0}]},{"idAgrupacion":"136","idAgrupacionTelegrama":"136","nombreAgrupacion":"FRENTE DE IZQUIERDA Y DE TRABAJADORES - UNIDAD","votos":748,"votosPorcentaje":4.77,"listas":[{"idLista":"3009","nombreLista":"A- UNIR Y FORTALECER LA IZQUIERDA","votos":559,"votosPorcentaje":74.73},{"idLista":"3010","nombreLista":"B- UNIDAD DE LUCHADORES Y LA IZQUIERDA","votos":189,"votosPorcentaje":25.26}]},{"idAgrupacion":"137","idAgrupacionTelegrama":"137","nombreAgrupacion":"PRINCIPIOS Y VALORES","votos":191,"votosPorcentaje":1.21,"listas":[{"idLista":"3011","nombreLista":"1A- TIERRA, TECHO  Y TRABAJO","votos":191,"votosPorcentaje":100.0}]},{"idAgrupacion":"133","idAgrupacionTelegrama":"133","nombreAgrupacion":"HACEMOS POR NUESTRO PAIS","votos":186,"votosPorcentaje":1.18,"listas":[{"idLista":"3001","nombreLista":"A- HACEMOS","votos":186,"votosPorcentaje":100.0}]},{"idAgrupacion":"13","idAgrupacionTelegrama":"13","nombreAgrupacion":"MOVIMIENTO AL SOCIALISMO","votos":97,"votosPorcentaje":0.61,"listas":[{"idLista":"3017","nombreLista":"A- IZQUIERDA ANTICAPITALISTA","votos":97,"votosPorcentaje":100.0}]},{"idAgrupacion":"90","idAgrupacionTelegrama":"90","nombreAgrupacion":"MOVIMIENTO IZQUIERDA JUVENTUD Y DIGNIDAD","votos":71,"votosPorcentaje":0.45,"listas":[{"idLista":"3027","nombreLista":"B- CONFEDERAL","votos":57,"votosPorcentaje":80.28},{"idLista":"3026","nombreLista":"A- DIGNIDAD","votos":14,"votosPorcentaje":19.71}]},{"idAgrupacion":"40","idAgrupacionTelegrama":"40","nombreAgrupacion":"MOVIMIENTO LIBRES DEL SUR","votos":58,"votosPorcentaje":0.37,"listas":[{"idLista":"3019","nombreLista":"A- AZUL Y ROJO","votos":58,"votosPorcentaje":100.0}]},{"idAgrupacion":"92","idAgrupacionTelegrama":"92","nombreAgrupacion":"POLITICA OBRERA","votos":40,"votosPorcentaje":0.25,"listas":[{"idLista":"3020","nombreLista":"A- UNIDAD OBRERA","votos":40,"votosPorcentaje":100.0}]},{"idAgrupacion":"94","idAgrupacionTelegrama":"94","nombreAgrupacion":"PROYECTO JOVEN","votos":38,"votosPorcentaje":0.24,"listas":[{"idLista":"3022","nombreLista":"A- COALICION PAZ DEMOCRACIA SOBERANIA","votos":18,"votosPorcentaje":47.36},{"idLista":"3023","nombreLista":"B- PATRIA UNIDA","votos":12,"votosPorcentaje":31.57},{"idLista":"3024","nombreLista":"C- TODEX","votos":8,"votosPorcentaje":21.05}]},{"idAgrupacion":"131","idAgrupacionTelegrama":"131","nombreAgrupacion":"FRENTE LIBER.AR","votos":34,"votosPorcentaje":0.21,"listas":[{"idLista":"3002","nombreLista":"A- DEMOS","votos":19,"votosPorcentaje":55.88},{"idLista":"3003","nombreLista":"B- RECONQUISTA","votos":15,"votosPorcentaje":44.11},{"idLista":"3004","nombreLista":"C- ANTICORRUPCIÓN","votos":0,"votosPorcentaje":0.0}]},{"idAgrupacion":"95","idAgrupacionTelegrama":"95","nombreAgrupacion":"FRENTE PATRIOTA FEDERAL","votos":28,"votosPorcentaje":0.17,"listas":[{"idLista":"3021","nombreLista":"A- PRIMERO LA PATRIA","votos":28,"votosPorcentaje":100.0}]},{"idAgrupacion":"57","idAgrupacionTelegrama":"57","nombreAgrupacion":"MOVIMIENTO DE ACCION VECINAL","votos":28,"votosPorcentaje":0.17,"listas":[{"idLista":"3025","nombreLista":"A- COMPROMISO VECINAL","votos":28,"votosPorcentaje":100.0}]},{"idAgrupacion":"20","idAgrupacionTelegrama":"20","nombreAgrupacion":"UNION DEL CENTRO DEMOCRATICO","votos":25,"votosPorcentaje":0.15,"listas":[{"idLista":"3018","nombreLista":"A- APERTURA LIBERAL ARGENTINA","votos":25,"votosPorcentaje":100.0}]}],"valoresTotalizadosOtros":{"votosNulos":244,"votosNulosPorcentaje":1.53,"votosEnBlanco":633,"votosEnBlancoPorcentaje":3.97,"votosRecurridosComandoImpugnados":23,"votosRecurridosComandoImpugnadosPorcentaje":0.14}}