{"fechaTotalizacion":"Aug 14, 2023, 5:27:40 AM","estadoRecuento":{"mesasEsperadas":49,"mesasTotalizadas":48,"mesasTotalizadasPorcentaje":97.95,"cantidadElectores":16654,"cantidadVotantes":12344,"participacionPorcentaje":74.12},"valoresTotalizadosPositivos":[{"idAgrupacion":"132","idAgrupacionTelegrama":"132","nombreAgrupacion":"JUNTOS POR EL CAMBIO","votos":5308,"votosPorcentaje":43.54,"listas":[{"idLista":"3008","nombreLista":"B- LA FUERZA DEL CAMBIO","votos":3090,"votosPorcentaje":58.21},{"idLista":"3007","nombreLista":"A- EL CAMBIO DE NUESTRAS VIDAS","votos":2218,"votosPorcentaje":41.78}]},{"idAgrupacion":"134","idAgrupacionTelegrama":"134","nombreAgrupacion":"UNION POR LA PATRIA","votos":3035,"votosPorcentaje":24.89,"listas":[{"idLista":"3005","nombreLista":"A- CELESTE Y BLANCA","votos":2101,"votosPorcentaje":69.22},{"idLista":"3006","nombreLista":"B- JUSTA Y SOBERANA","votos":934,"votosPorcentaje":30.77}]},{"idAgrupacion":"135","idAgrupacionTelegrama":"135","nombreAgrupacion":"LA LIBERTAD AVANZA","votos":2369,"votosPorcentaje":19.43,"listas":[{"idLista":"3016","nombreLista":"A- LIBERTAD POR SIEMPRE","votos":2369,"votosPorcentaje":100.0}]},{"idAgrupacion":"136","idAgrupacionTelegrama":"136","nombreAgrupacion":"FRENTE DE IZQUIERDA Y DE TRABAJADORES - UNIDAD","votos":468,"votosPorcentaje":3.83,"listas":[{"idLista":"3009","nombreLista":"A- UNIR Y FORTALECER LA IZQUIERDA","votos":357,"votosPorcentaje":76.28},{"idLista":"3010","nombreLista":"B- UNIDAD DE LUCHADORES Y LA IZQUIERDA","votos":111,"votosPorcentaje":23.71}]},{"idAgrupacion":"133","idAgrupacionTelegrama":"133","nombreAgrupacion":"HACEMOS POR NUESTRO PAIS","votos":201,"votosPorcentaje":1.64,"listas":[{"idLista":"3001","nombreLista":"A- HACEMOS","votos":201,"votosPorcentaje":100.0}]},{"idAgrupacion":"137","idAgrupacionTelegrama":"137","nombreAgrupacion":"PRINCIPIOS Y VALORES","votos":136,"votosPorcentaje":1.11,"listas":[{"idLista":"3011","nombreLista":"1A- TIERRA, TECHO  Y TRABAJO","votos":136,"votosPorcentaje":100.0}]},{"idAgrupacion":"13","idAgrupacionTelegrama":"13","nombreAgrupacion":"MOVIMIENTO AL SOCIALISMO","votos":52,"votosPorcentaje":0.42,"listas":[{"idLista":"3017","nombreLista":"A- IZQUIERDA ANTICAPITALISTA","votos":52,"votosPorcentaje":100.0}]},{"idAgrupacion":"90","idAgrupacionTelegrama":"90","nombreAgrupacion":"MOVIMIENTO IZQUIERDA JUVENTUD Y DIGNIDAD","votos":42,"votosPorcentaje":0.34,"listas":[{"idLista":"3027","nombreLista":"B- CONFEDERAL","votos":34,"votosPorcentaje":80.95},{"idLista":"3026","nombreLista":"A- DIGNIDAD","votos":8,"votosPorcentaje":19.04}]},{"idAgrupacion":"40","idAgrupacionTelegrama":"40","nombreAgrupacion":"MOVIMIENTO LIBRES DEL SUR","votos":29,"votosPorcentaje":0.23,"listas":[{"idLista":"3019","nombreLista":"A- AZUL Y ROJO","votos":29,"votosPorcentaje":100.0}]},{"idAgrupacion":"94","idAgrupacionTelegrama":"94","nombreAgrupacion":"PROYECTO JOVEN","votos":19,"votosPorcentaje":0.15,"listas":[{"idLista":"3022","nombreLista":"A- COALICION PAZ DEMOCRACIA SOBERANIA","votos":8,"votosPorcentaje":42.1},{"idLista":"3024","nombreLista":"C- TODEX","votos":6,"votosPorcentaje":31.57},{"idLista":"3023","nombreLista":"B- PATRIA UNIDA","votos":5,"votosPorcentaje":26.31}]},{"idAgrupacion":"131","idAgrupacionTelegrama":"131","nombreAgrupacion":"FRENTE LIBER.AR","votos":17,"votosPorcentaje":0.13,"listas":[{"idLista":"3003","nombreLista":"B- RECONQUISTA","votos":9,"votosPorcentaje":52.94},{"idLista":"3002","nombreLista":"A- DEMOS","votos":8,"votosPorcentaje":47.05},{"idLista":"3004","nombreLista":"C- ANTICORRUPCIÓN","votos":0,"votosPorcentaje":0.0}]},{"idAgrupacion":"20","idAgrupacionTelegrama":"20","nombreAgrupacion":"UNION DEL CENTRO DEMOCRATICO","votos":16,"votosPorcentaje":0.13,"listas":[{"idLista":"3018","nombreLista":"A- APERTURA LIBERAL ARGENTINA","votos":16,"votosPorcentaje":100.0}]},{"idAgrupacion":"92","idAgrupacionTelegrama":"92","nombreAgrupacion":"POLITICA OBRERA","votos":15,"votosPorcentaje":0.12,"listas":[{"idLista":"3020","nombreLista":"A- UNIDAD OBRERA","votos":15,"votosPorcentaje":100.0}]},{"idAgrupacion":"95","idAgrupacionTelegrama":"95","nombreAgrupacion":"FRENTE PATRIOTA FEDERAL","votos":10,"votosPorcentaje":0.08,"listas":[{"idLista":"3021","nombreLista":"A- PRIMERO LA PATRIA","votos":10,"votosPorcentaje":100.0}]},{"idAgrupacion":"57","idAgrupacionTelegrama":"57","nombreAgrupacion":"MOVIMIENTO DE ACCION VECINAL","votos":9,"votosPorcentaje":0.07,"listas":[{"idLista":"3025","nombreLista":"A- COMPROMISO VECINAL","votos":9,"votosPorcentaje":100.0}]}],"valoresTotalizadosOtros":{"votosNulos":139,"votosNulosPorcentaje":1.12,"votosEnBlanco":463,"votosEnBlancoPorcentaje":3.75,"votosRecurridosComandoImpugnados":16,"votosRecurridosComandoImpugnadosPorcentaje":0.12}}