{"fechaTotalizacion":"Aug 14, 2023, 5:27:40 AM","estadoRecuento":{"mesasEsperadas":276,"mesasTotalizadas":271,"mesasTotalizadasPorcentaje":98.18,"cantidadElectores":94856,"cantidadVotantes":66785,"participacionPorcentaje":70.4},"valoresTotalizadosPositivos":[{"idAgrupacion":"134","idAgrupacionTelegrama":"134","nombreAgrupacion":"UNION POR LA PATRIA","votos":24503,"votosPorcentaje":37.18,"listas":[{"idLista":"3005","nombreLista":"A- CELESTE Y BLANCA","votos":17897,"votosPorcentaje":73.04},{"idLista":"3006","nombreLista":"B- JUSTA Y SOBERANA","votos":6606,"votosPorcentaje":26.95}]},{"idAgrupacion":"132","idAgrupacionTelegrama":"132","nombreAgrupacion":"JUNTOS POR EL CAMBIO","votos":17481,"votosPorcentaje":26.52,"listas":[{"idLista":"3008","nombreLista":"B- LA FUERZA DEL CAMBIO","votos":9393,"votosPorcentaje":53.73},{"idLista":"3007","nombreLista":"A- EL CAMBIO DE NUESTRAS VIDAS","votos":8088,"votosPorcentaje":46.26}]},{"idAgrupacion":"135","idAgrupacionTelegrama":"135","nombreAgrupacion":"LA LIBERTAD AVANZA","votos":15189,"votosPorcentaje":23.04,"listas":[{"idLista":"3016","nombreLista":"A- LIBERTAD POR SIEMPRE","votos":15189,"votosPorcentaje":100.0}]},{"idAgrupacion":"136","idAgrupacionTelegrama":"136","nombreAgrupacion":"FRENTE DE IZQUIERDA Y DE TRABAJADORES - UNIDAD","votos":2376,"votosPorcentaje":3.6,"listas":[{"idLista":"3009","nombreLista":"A- UNIR Y FORTALECER LA IZQUIERDA","votos":1655,"votosPorcentaje":69.65},{"idLista":"3010","nombreLista":"B- UNIDAD DE LUCHADORES Y LA IZQUIERDA","votos":721,"votosPorcentaje":30.34}]},{"idAgrupacion":"133","idAgrupacionTelegrama":"133","nombreAgrupacion":"HACEMOS POR NUESTRO PAIS","votos":816,"votosPorcentaje":1.23,"listas":[{"idLista":"3001","nombreLista":"A- HACEMOS","votos":816,"votosPorcentaje":100.0}]},{"idAgrupacion":"137","idAgrupacionTelegrama":"137","nombreAgrupacion":"PRINCIPIOS Y VALORES","votos":516,"votosPorcentaje":0.78,"listas":[{"idLista":"3011","nombreLista":"1A- TIERRA, TECHO  Y TRABAJO","votos":516,"votosPorcentaje":100.0}]},{"idAgrupacion":"90","idAgrupacionTelegrama":"90","nombreAgrupacion":"MOVIMIENTO IZQUIERDA JUVENTUD Y DIGNIDAD","votos":318,"votosPorcentaje":0.48,"listas":[{"idLista":"3027","nombreLista":"B- CONFEDERAL","votos":232,"votosPorcentaje":72.95},{"idLista":"3026","nombreLista":"A- DIGNIDAD","votos":86,"votosPorcentaje":27.04}]},{"idAgrupacion":"13","idAgrupacionTelegrama":"13","nombreAgrupacion":"MOVIMIENTO AL SOCIALISMO","votos":310,"votosPorcentaje":0.47,"listas":[{"idLista":"3017","nombreLista":"A- IZQUIERDA ANTICAPITALISTA","votos":310,"votosPorcentaje":100.0}]},{"idAgrupacion":"40","idAgrupacionTelegrama":"40","nombreAgrupacion":"MOVIMIENTO LIBRES DEL SUR","votos":296,"votosPorcentaje":0.44,"listas":[{"idLista":"3019","nombreLista":"A- AZUL Y ROJO","votos":296,"votosPorcentaje":100.0}]},{"idAgrupacion":"92","idAgrupacionTelegrama":"92","nombreAgrupacion":"POLITICA OBRERA","votos":147,"votosPorcentaje":0.22,"listas":[{"idLista":"3020","nombreLista":"A- UNIDAD OBRERA","votos":147,"votosPorcentaje":100.0}]},{"idAgrupacion":"94","idAgrupacionTelegrama":"94","nombreAgrupacion":"PROYECTO JOVEN","votos":142,"votosPorcentaje":0.21,"listas":[{"idLista":"3022","nombreLista":"A- COALICION PAZ DEMOCRACIA SOBERANIA","votos":70,"votosPorcentaje":49.29},{"idLista":"3023","nombreLista":"B- PATRIA UNIDA","votos":46,"votosPorcentaje":32.39},{"idLista":"3024","nombreLista":"C- TODEX","votos":26,"votosPorcentaje":18.3}]},{"idAgrupacion":"95","idAgrupacionTelegrama":"95","nombreAgrupacion":"FRENTE PATRIOTA FEDERAL","votos":141,"votosPorcentaje":0.21,"listas":[{"idLista":"3021","nombreLista":"A- PRIMERO LA PATRIA","votos":141,"votosPorcentaje":100.0}]},{"idAgrupacion":"131","idAgrupacionTelegrama":"131","nombreAgrupacion":"FRENTE LIBER.AR","votos":130,"votosPorcentaje":0.19,"listas":[{"idLista":"3003","nombreLista":"B- RECONQUISTA","votos":67,"votosPorcentaje":51.53},{"idLista":"3002","nombreLista":"A- DEMOS","votos":52,"votosPorcentaje":40.0},{"idLista":"3004","nombreLista":"C- ANTICORRUPCIÓN","votos":11,"votosPorcentaje":8.46}]},{"idAgrupacion":"57","idAgrupacionTelegrama":"57","nombreAgrupacion":"MOVIMIENTO DE ACCION VECINAL","votos":100,"votosPorcentaje":0.15,"listas":[{"idLista":"3025","nombreLista":"A- COMPROMISO VECINAL","votos":100,"votosPorcentaje":100.0}]},{"idAgrupacion":"20","idAgrupacionTelegrama":"20","nombreAgrupacion":"UNION DEL CENTRO DEMOCRATICO","votos":87,"votosPorcentaje":0.13,"listas":[{"idLista":"3018","nombreLista":"A- APERTURA LIBERAL ARGENTINA","votos":87,"votosPorcentaje":100.0}]}],"valoresTotalizadosOtros":{"votosNulos":777,"votosNulosPorcentaje":1.16,"votosEnBlanco":3345,"votosEnBlancoPorcentaje":5.0,"votosRecurridosComandoImpugnados":111,"votosRecurridosComandoImpugnadosPorcentaje":0.16}}