{"fechaTotalizacion":"Aug 14, 2023, 5:27:40 AM","estadoRecuento":{"mesasEsperadas":63,"mesasTotalizadas":62,"mesasTotalizadasPorcentaje":98.41,"cantidadElectores":21496,"cantidadVotantes":15793,"participacionPorcentaje":73.46},"valoresTotalizadosPositivos":[{"idAgrupacion":"134","idAgrupacionTelegrama":"134","nombreAgrupacion":"UNION POR LA PATRIA","votos":5328,"votosPorcentaje":34.12,"listas":[{"idLista":"3005","nombreLista":"A- CELESTE Y BLANCA","votos":4038,"votosPorcentaje":75.78},{"idLista":"3006","nombreLista":"B- JUSTA Y SOBERANA","votos":1290,"votosPorcentaje":24.21}]},{"idAgrupacion":"132","idAgrupacionTelegrama":"132","nombreAgrupacion":"JUNTOS POR EL CAMBIO","votos":4156,"votosPorcentaje":26.62,"listas":[{"idLista":"3008","nombreLista":"B- LA FUERZA DEL CAMBIO","votos":2231,"votosPorcentaje":53.68},{"idLista":"3007","nombreLista":"A- EL CAMBIO DE NUESTRAS VIDAS","votos":1925,"votosPorcentaje":46.31}]},{"idAgrupacion":"135","idAgrupacionTelegrama":"135","nombreAgrupacion":"LA LIBERTAD AVANZA","votos":3893,"votosPorcentaje":24.93,"listas":[{"idLista":"3016","nombreLista":"A- LIBERTAD POR SIEMPRE","votos":3893,"votosPorcentaje":100.0}]},{"idAgrupacion":"136","idAgrupacionTelegrama":"136","nombreAgrupacion":"FRENTE DE IZQUIERDA Y DE TRABAJADORES - UNIDAD","votos":685,"votosPorcentaje":4.38,"listas":[{"idLista":"3009","nombreLista":"A- UNIR Y FORTALECER LA IZQUIERDA","votos":535,"votosPorcentaje":78.1},{"idLista":"3010","nombreLista":"B- UNIDAD DE LUCHADORES Y LA IZQUIERDA","votos":150,"votosPorcentaje":21.89}]},{"idAgrupacion":"133","idAgrupacionTelegrama":"133","nombreAgrupacion":"HACEMOS POR NUESTRO PAIS","votos":197,"votosPorcentaje":1.26,"listas":[{"idLista":"3001","nombreLista":"A- HACEMOS","votos":197,"votosPorcentaje":100.0}]},{"idAgrupacion":"137","idAgrupacionTelegrama":"137","nombreAgrupacion":"PRINCIPIOS Y VALORES","votos":129,"votosPorcentaje":0.82,"listas":[{"idLista":"3011","nombreLista":"1A- TIERRA, TECHO  Y TRABAJO","votos":129,"votosPorcentaje":100.0}]},{"idAgrupacion":"90","idAgrupacionTelegrama":"90","nombreAgrupacion":"MOVIMIENTO IZQUIERDA JUVENTUD Y DIGNIDAD","votos":114,"votosPorcentaje":0.73,"listas":[{"idLista":"3027","nombreLista":"B- CONFEDERAL","votos":79,"votosPorcentaje":69.29},{"idLista":"3026","nombreLista":"A- DIGNIDAD","votos":35,"votosPorcentaje":30.7}]},{"idAgrupacion":"13","idAgrupacionTelegrama":"13","nombreAgrupacion":"MOVIMIENTO AL SOCIALISMO","votos":92,"votosPorcentaje":0.58,"listas":[{"idLista":"3017","nombreLista":"A- IZQUIERDA ANTICAPITALISTA","votos":92,"votosPorcentaje":100.0}]},{"idAgrupacion":"40","idAgrupacionTelegrama":"40","nombreAgrupacion":"MOVIMIENTO LIBRES DEL SUR","votos":67,"votosPorcentaje":0.42,"listas":[{"idLista":"3019","nombreLista":"A- AZUL Y ROJO","votos":67,"votosPorcentaje":100.0}]},{"idAgrupacion":"92","idAgrupacionTelegrama":"92","nombreAgrupacion":"POLITICA OBRERA","votos":50,"votosPorcentaje":0.32,"listas":[{"idLista":"3020","nombreLista":"A- UNIDAD OBRERA","votos":50,"votosPorcentaje":100.0}]},{"idAgrupacion":"57","idAgrupacionTelegrama":"57","nombreAgrupacion":"MOVIMIENTO DE ACCION VECINAL","votos":39,"votosPorcentaje":0.24,"listas":[{"idLista":"3025","nombreLista":"A- COMPROMISO VECINAL","votos":39,"votosPorcentaje":100.0}]},{"idAgrupacion":"95","idAgrupacionTelegrama":"95","nombreAgrupacion":"FRENTE PATRIOTA FEDERAL","votos":34,"votosPorcentaje":0.21,"listas":[{"idLista":"3021","nombreLista":"A- PRIMERO LA PATRIA","votos":34,"votosPorcentaje":100.0}]},{"idAgrupacion":"94","idAgrupacionTelegrama":"94","nombreAgrupacion":"PROYECTO JOVEN","votos":34,"votosPorcentaje":0.21,"listas":[{"idLista":"3022","nombreLista":"A- COALICION PAZ DEMOCRACIA SOBERANIA","votos":13,"votosPorcentaje":38.23},{"idLista":"3024","nombreLista":"C- TODEX","votos":12,"votosPorcentaje":35.29},{"idLista":"3023","nombreLista":"B- PATRIA UNIDA","votos":9,"votosPorcentaje":26.47}]},{"idAgrupacion":"131","idAgrupacionTelegrama":"131","nombreAgrupacion":"FRENTE LIBER.AR","votos":30,"votosPorcentaje":0.19,"listas":[{"idLista":"3002","nombreLista":"A- DEMOS","votos":14,"votosPorcentaje":46.66},{"idLista":"3003","nombreLista":"B- RECONQUISTA","votos":14,"votosPorcentaje":46.66},{"idLista":"3004","nombreLista":"C- ANTICORRUPCIÓN","votos":2,"votosPorcentaje":6.66}]},{"idAgrupacion":"20","idAgrupacionTelegrama":"20","nombreAgrupacion":"UNION DEL CENTRO DEMOCRATICO","votos":21,"votosPorcentaje":0.13,"listas":[{"idLista":"3018","nombreLista":"A- APERTURA LIBERAL ARGENTINA","votos":21,"votosPorcentaje":100.0}]}],"valoresTotalizadosOtros":{"votosNulos":157,"votosNulosPorcentaje":0.99,"votosEnBlanco":743,"votosEnBlancoPorcentaje":4.7,"votosRecurridosComandoImpugnados":24,"votosRecurridosComandoImpugnadosPorcentaje":0.15}}