{"fechaTotalizacion":"Aug 14, 2023, 5:27:40 AM","estadoRecuento":{"mesasEsperadas":36,"mesasTotalizadas":36,"mesasTotalizadasPorcentaje":100.0,"cantidadElectores":12573,"cantidadVotantes":9335,"participacionPorcentaje":74.24},"valoresTotalizadosPositivos":[{"idAgrupacion":"132","idAgrupacionTelegrama":"132","nombreAgrupacion":"JUNTOS POR EL CAMBIO","votos":3606,"votosPorcentaje":39.17,"listas":[{"idLista":"3008","nombreLista":"B- LA FUERZA DEL CAMBIO","votos":2076,"votosPorcentaje":57.57},{"idLista":"3007","nombreLista":"A- EL CAMBIO DE NUESTRAS VIDAS","votos":1530,"votosPorcentaje":42.42}]},{"idAgrupacion":"134","idAgrupacionTelegrama":"134","nombreAgrupacion":"UNION POR LA PATRIA","votos":2600,"votosPorcentaje":28.24,"listas":[{"idLista":"3005","nombreLista":"A- CELESTE Y BLANCA","votos":1740,"votosPorcentaje":66.92},{"idLista":"3006","nombreLista":"B- JUSTA Y SOBERANA","votos":860,"votosPorcentaje":33.07}]},{"idAgrupacion":"135","idAgrupacionTelegrama":"135","nombreAgrupacion":"LA LIBERTAD AVANZA","votos":1797,"votosPorcentaje":19.52,"listas":[{"idLista":"3016","nombreLista":"A- LIBERTAD POR SIEMPRE","votos":1797,"votosPorcentaje":100.0}]},{"idAgrupacion":"136","idAgrupacionTelegrama":"136","nombreAgrupacion":"FRENTE DE IZQUIERDA Y DE TRABAJADORES - UNIDAD","votos":416,"votosPorcentaje":4.51,"listas":[{"idLista":"3009","nombreLista":"A- UNIR Y FORTALECER LA IZQUIERDA","votos":331,"votosPorcentaje":79.56},{"idLista":"3010","nombreLista":"B- UNIDAD DE LUCHADORES Y LA IZQUIERDA","votos":85,"votosPorcentaje":20.43}]},{"idAgrupacion":"137","idAgrupacionTelegrama":"137","nombreAgrupacion":"PRINCIPIOS Y VALORES","votos":130,"votosPorcentaje":1.41,"listas":[{"idLista":"3011","nombreLista":"1A- TIERRA, TECHO  Y TRABAJO","votos":130,"votosPorcentaje":100.0}]},{"idAgrupacion":"133","idAgrupacionTelegrama":"133","nombreAgrupacion":"HACEMOS POR NUESTRO PAIS","votos":126,"votosPorcentaje":1.36,"listas":[{"idLista":"3001","nombreLista":"A- HACEMOS","votos":126,"votosPorcentaje":100.0}]},{"idAgrupacion":"13","idAgrupacionTelegrama":"13","nombreAgrupacion":"MOVIMIENTO AL SOCIALISMO","votos":48,"votosPorcentaje":0.52,"listas":[{"idLista":"3017","nombreLista":"A- IZQUIERDA ANTICAPITALISTA","votos":48,"votosPorcentaje":100.0}]},{"idAgrupacion":"131","idAgrupacionTelegrama":"131","nombreAgrupacion":"FRENTE LIBER.AR","votos":30,"votosPorcentaje":0.32,"listas":[{"idLista":"3004","nombreLista":"C- ANTICORRUPCIÓN","votos":21,"votosPorcentaje":70.0},{"idLista":"3003","nombreLista":"B- RECONQUISTA","votos":6,"votosPorcentaje":20.0},{"idLista":"3002","nombreLista":"A- DEMOS","votos":3,"votosPorcentaje":10.0}]},{"idAgrupacion":"90","idAgrupacionTelegrama":"90","nombreAgrupacion":"MOVIMIENTO IZQUIERDA JUVENTUD Y DIGNIDAD","votos":30,"votosPorcentaje":0.32,"listas":[{"idLista":"3027","nombreLista":"B- CONFEDERAL","votos":28,"votosPorcentaje":93.33},{"idLista":"3026","nombreLista":"A- DIGNIDAD","votos":2,"votosPorcentaje":6.66}]},{"idAgrupacion":"40","idAgrupacionTelegrama":"40","nombreAgrupacion":"MOVIMIENTO LIBRES DEL SUR","votos":28,"votosPorcentaje":0.3,"listas":[{"idLista":"3019","nombreLista":"A- AZUL Y ROJO","votos":28,"votosPorcentaje":100.0}]},{"idAgrupacion":"94","idAgrupacionTelegrama":"94","nombreAgrupacion":"PROYECTO JOVEN","votos":18,"votosPorcentaje":0.19,"listas":[{"idLista":"3022","nombreLista":"A- COALICION PAZ DEMOCRACIA SOBERANIA","votos":10,"votosPorcentaje":55.55},{"idLista":"3023","nombreLista":"B- PATRIA UNIDA","votos":6,"votosPorcentaje":33.33},{"idLista":"3024","nombreLista":"C- TODEX","votos":2,"votosPorcentaje":11.11}]},{"idAgrupacion":"20","idAgrupacionTelegrama":"20","nombreAgrupacion":"UNION DEL CENTRO DEMOCRATICO","votos":14,"votosPorcentaje":0.15,"listas":[{"idLista":"3018","nombreLista":"A- APERTURA LIBERAL ARGENTINA","votos":14,"votosPorcentaje":100.0}]},{"idAgrupacion":"95","idAgrupacionTelegrama":"95","nombreAgrupacion":"FRENTE PATRIOTA FEDERAL","votos":13,"votosPorcentaje":0.14,"listas":[{"idLista":"3021","nombreLista":"A- PRIMERO LA PATRIA","votos":13,"votosPorcentaje":100.0}]},{"idAgrupacion":"57","idAgrupacionTelegrama":"57","nombreAgrupacion":"MOVIMIENTO DE ACCION VECINAL","votos":13,"votosPorcentaje":0.14,"listas":[{"idLista":"3025","nombreLista":"A- COMPROMISO VECINAL","votos":13,"votosPorcentaje":100.0}]},{"idAgrupacion":"92","idAgrupacionTelegrama":"92","nombreAgrupacion":"POLITICA OBRERA","votos":12,"votosPorcentaje":0.13,"listas":[{"idLista":"3020","nombreLista":"A- UNIDAD OBRERA","votos":12,"votosPorcentaje":100.0}]}],"valoresTotalizadosOtros":{"votosNulos":119,"votosNulosPorcentaje":1.27,"votosEnBlanco":323,"votosEnBlancoPorcentaje":3.46,"votosRecurridosComandoImpugnados":12,"votosRecurridosComandoImpugnadosPorcentaje":0.12}}