{"fechaTotalizacion":"Aug 14, 2023, 5:27:40 AM","estadoRecuento":{"mesasEsperadas":44,"mesasTotalizadas":41,"mesasTotalizadasPorcentaje":93.18,"cantidadElectores":14165,"cantidadVotantes":10361,"participacionPorcentaje":73.14},"valoresTotalizadosPositivos":[{"idAgrupacion":"132","idAgrupacionTelegrama":"132","nombreAgrupacion":"JUNTOS POR EL CAMBIO","votos":4505,"votosPorcentaje":44.03,"listas":[{"idLista":"3008","nombreLista":"B- LA FUERZA DEL CAMBIO","votos":2612,"votosPorcentaje":57.98},{"idLista":"3007","nombreLista":"A- EL CAMBIO DE NUESTRAS VIDAS","votos":1893,"votosPorcentaje":42.01}]},{"idAgrupacion":"134","idAgrupacionTelegrama":"134","nombreAgrupacion":"UNION POR LA PATRIA","votos":2545,"votosPorcentaje":24.87,"listas":[{"idLista":"3005","nombreLista":"A- CELESTE Y BLANCA","votos":1767,"votosPorcentaje":69.43},{"idLista":"3006","nombreLista":"B- JUSTA Y SOBERANA","votos":778,"votosPorcentaje":30.56}]},{"idAgrupacion":"135","idAgrupacionTelegrama":"135","nombreAgrupacion":"LA LIBERTAD AVANZA","votos":1949,"votosPorcentaje":19.05,"listas":[{"idLista":"3016","nombreLista":"A- LIBERTAD POR SIEMPRE","votos":1949,"votosPorcentaje":100.0}]},{"idAgrupacion":"136","idAgrupacionTelegrama":"136","nombreAgrupacion":"FRENTE DE IZQUIERDA Y DE TRABAJADORES - UNIDAD","votos":440,"votosPorcentaje":4.3,"listas":[{"idLista":"3009","nombreLista":"A- UNIR Y FORTALECER LA IZQUIERDA","votos":352,"votosPorcentaje":80.0},{"idLista":"3010","nombreLista":"B- UNIDAD DE LUCHADORES Y LA IZQUIERDA","votos":88,"votosPorcentaje":20.0}]},{"idAgrupacion":"133","idAgrupacionTelegrama":"133","nombreAgrupacion":"HACEMOS POR NUESTRO PAIS","votos":138,"votosPorcentaje":1.34,"listas":[{"idLista":"3001","nombreLista":"A- HACEMOS","votos":138,"votosPorcentaje":100.0}]},{"idAgrupacion":"137","idAgrupacionTelegrama":"137","nombreAgrupacion":"PRINCIPIOS Y VALORES","votos":119,"votosPorcentaje":1.16,"listas":[{"idLista":"3011","nombreLista":"1A- TIERRA, TECHO  Y TRABAJO","votos":119,"votosPorcentaje":100.0}]},{"idAgrupacion":"13","idAgrupacionTelegrama":"13","nombreAgrupacion":"MOVIMIENTO AL SOCIALISMO","votos":67,"votosPorcentaje":0.65,"listas":[{"idLista":"3017","nombreLista":"A- IZQUIERDA ANTICAPITALISTA","votos":67,"votosPorcentaje":100.0}]},{"idAgrupacion":"90","idAgrupacionTelegrama":"90","nombreAgrupacion":"MOVIMIENTO IZQUIERDA JUVENTUD Y DIGNIDAD","votos":47,"votosPorcentaje":0.45,"listas":[{"idLista":"3027","nombreLista":"B- CONFEDERAL","votos":34,"votosPorcentaje":72.34},{"idLista":"3026","nombreLista":"A- DIGNIDAD","votos":13,"votosPorcentaje":27.65}]},{"idAgrupacion":"40","idAgrupacionTelegrama":"40","nombreAgrupacion":"MOVIMIENTO LIBRES DEL SUR","votos":27,"votosPorcentaje":0.26,"listas":[{"idLista":"3019","nombreLista":"A- AZUL Y ROJO","votos":27,"votosPorcentaje":100.0}]},{"idAgrupacion":"94","idAgrupacionTelegrama":"94","nombreAgrupacion":"PROYECTO JOVEN","votos":24,"votosPorcentaje":0.23,"listas":[{"idLista":"3022","nombreLista":"A- COALICION PAZ DEMOCRACIA SOBERANIA","votos":17,"votosPorcentaje":70.83},{"idLista":"3023","nombreLista":"B- PATRIA UNIDA","votos":4,"votosPorcentaje":16.66},{"idLista":"3024","nombreLista":"C- TODEX","votos":3,"votosPorcentaje":12.5}]},{"idAgrupacion":"92","idAgrupacionTelegrama":"92","nombreAgrupacion":"POLITICA OBRERA","votos":17,"votosPorcentaje":0.16,"listas":[{"idLista":"3020","nombreLista":"A- UNIDAD OBRERA","votos":17,"votosPorcentaje":100.0}]},{"idAgrupacion":"95","idAgrupacionTelegrama":"95","nombreAgrupacion":"FRENTE PATRIOTA FEDERAL","votos":16,"votosPorcentaje":0.15,"listas":[{"idLista":"3021","nombreLista":"A- PRIMERO LA PATRIA","votos":16,"votosPorcentaje":100.0}]},{"idAgrupacion":"131","idAgrupacionTelegrama":"131","nombreAgrupacion":"FRENTE LIBER.AR","votos":11,"votosPorcentaje":0.1,"listas":[{"idLista":"3002","nombreLista":"A- DEMOS","votos":5,"votosPorcentaje":45.45},{"idLista":"3003","nombreLista":"B- RECONQUISTA","votos":5,"votosPorcentaje":45.45},{"idLista":"3004","nombreLista":"C- ANTICORRUPCIÓN","votos":1,"votosPorcentaje":9.09}]},{"idAgrupacion":"57","idAgrupacionTelegrama":"57","nombreAgrupacion":"MOVIMIENTO DE ACCION VECINAL","votos":11,"votosPorcentaje":0.1,"listas":[{"idLista":"3025","nombreLista":"A- COMPROMISO VECINAL","votos":11,"votosPorcentaje":100.0}]},{"idAgrupacion":"20","idAgrupacionTelegrama":"20","nombreAgrupacion":"UNION DEL CENTRO DEMOCRATICO","votos":3,"votosPorcentaje":0.02,"listas":[{"idLista":"3018","nombreLista":"A- APERTURA LIBERAL ARGENTINA","votos":3,"votosPorcentaje":100.0}]}],"valoresTotalizadosOtros":{"votosNulos":124,"votosNulosPorcentaje":1.19,"votosEnBlanco":311,"votosEnBlancoPorcentaje":3.0,"votosRecurridosComandoImpugnados":7,"votosRecurridosComandoImpugnadosPorcentaje":0.06}}