{"fechaTotalizacion":"Aug 14, 2023, 5:27:40 AM","estadoRecuento":{"mesasEsperadas":84,"mesasTotalizadas":81,"mesasTotalizadasPorcentaje":96.42,"cantidadElectores":28126,"cantidadVotantes":20391,"participacionPorcentaje":72.49},"valoresTotalizadosPositivos":[{"idAgrupacion":"134","idAgrupacionTelegrama":"134","nombreAgrupacion":"UNION POR LA PATRIA","votos":9721,"votosPorcentaje":48.1,"listas":[{"idLista":"3005","nombreLista":"A- CELESTE Y BLANCA","votos":7367,"votosPorcentaje":75.78},{"idLista":"3006","nombreLista":"B- JUSTA Y SOBERANA","votos":2354,"votosPorcentaje":24.21}]},{"idAgrupacion":"135","idAgrupacionTelegrama":"135","nombreAgrupacion":"LA LIBERTAD AVANZA","votos":4468,"votosPorcentaje":22.11,"listas":[{"idLista":"3016","nombreLista":"A- LIBERTAD POR SIEMPRE","votos":4468,"votosPorcentaje":100.0}]},{"idAgrupacion":"132","idAgrupacionTelegrama":"132","nombreAgrupacion":"JUNTOS POR EL CAMBIO","votos":2933,"votosPorcentaje":14.51,"listas":[{"idLista":"3007","nombreLista":"A- EL CAMBIO DE NUESTRAS VIDAS","votos":1749,"votosPorcentaje":59.63},{"idLista":"3008","nombreLista":"B- LA FUERZA DEL CAMBIO","votos":1184,"votosPorcentaje":40.36}]},{"idAgrupacion":"136","idAgrupacionTelegrama":"136","nombreAgrupacion":"FRENTE DE IZQUIERDA Y DE TRABAJADORES - UNIDAD","votos":734,"votosPorcentaje":3.63,"listas":[{"idLista":"3009","nombreLista":"A- UNIR Y FORTALECER LA IZQUIERDA","votos":510,"votosPorcentaje":69.48},{"idLista":"3010","nombreLista":"B- UNIDAD DE LUCHADORES Y LA IZQUIERDA","votos":224,"votosPorcentaje":30.51}]},{"idAgrupacion":"137","idAgrupacionTelegrama":"137","nombreAgrupacion":"PRINCIPIOS Y VALORES","votos":246,"votosPorcentaje":1.21,"listas":[{"idLista":"3011","nombreLista":"1A- TIERRA, TECHO  Y TRABAJO","votos":246,"votosPorcentaje":100.0}]},{"idAgrupacion":"133","idAgrupacionTelegrama":"133","nombreAgrupacion":"HACEMOS POR NUESTRO PAIS","votos":142,"votosPorcentaje":0.7,"listas":[{"idLista":"3001","nombreLista":"A- HACEMOS","votos":142,"votosPorcentaje":100.0}]},{"idAgrupacion":"40","idAgrupacionTelegrama":"40","nombreAgrupacion":"MOVIMIENTO LIBRES DEL SUR","votos":132,"votosPorcentaje":0.65,"listas":[{"idLista":"3019","nombreLista":"A- AZUL Y ROJO","votos":132,"votosPorcentaje":100.0}]},{"idAgrupacion":"90","idAgrupacionTelegrama":"90","nombreAgrupacion":"MOVIMIENTO IZQUIERDA JUVENTUD Y DIGNIDAD","votos":89,"votosPorcentaje":0.44,"listas":[{"idLista":"3027","nombreLista":"B- CONFEDERAL","votos":52,"votosPorcentaje":58.42},{"idLista":"3026","nombreLista":"A- DIGNIDAD","votos":37,"votosPorcentaje":41.57}]},{"idAgrupacion":"131","idAgrupacionTelegrama":"131","nombreAgrupacion":"FRENTE LIBER.AR","votos":78,"votosPorcentaje":0.38,"listas":[{"idLista":"3003","nombreLista":"B- RECONQUISTA","votos":38,"votosPorcentaje":48.71},{"idLista":"3002","nombreLista":"A- DEMOS","votos":35,"votosPorcentaje":44.87},{"idLista":"3004","nombreLista":"C- ANTICORRUPCIÓN","votos":5,"votosPorcentaje":6.41}]},{"idAgrupacion":"95","idAgrupacionTelegrama":"95","nombreAgrupacion":"FRENTE PATRIOTA FEDERAL","votos":64,"votosPorcentaje":0.31,"listas":[{"idLista":"3021","nombreLista":"A- PRIMERO LA PATRIA","votos":64,"votosPorcentaje":100.0}]},{"idAgrupacion":"13","idAgrupacionTelegrama":"13","nombreAgrupacion":"MOVIMIENTO AL SOCIALISMO","votos":56,"votosPorcentaje":0.27,"listas":[{"idLista":"3017","nombreLista":"A- IZQUIERDA ANTICAPITALISTA","votos":56,"votosPorcentaje":100.0}]},{"idAgrupacion":"94","idAgrupacionTelegrama":"94","nombreAgrupacion":"PROYECTO JOVEN","votos":50,"votosPorcentaje":0.24,"listas":[{"idLista":"3022","nombreLista":"A- COALICION PAZ DEMOCRACIA SOBERANIA","votos":30,"votosPorcentaje":60.0},{"idLista":"3023","nombreLista":"B- PATRIA UNIDA","votos":12,"votosPorcentaje":24.0},{"idLista":"3024","nombreLista":"C- TODEX","votos":8,"votosPorcentaje":16.0}]},{"idAgrupacion":"92","idAgrupacionTelegrama":"92","nombreAgrupacion":"POLITICA OBRERA","votos":40,"votosPorcentaje":0.19,"listas":[{"idLista":"3020","nombreLista":"A- UNIDAD OBRERA","votos":40,"votosPorcentaje":100.0}]},{"idAgrupacion":"57","idAgrupacionTelegrama":"57","nombreAgrupacion":"MOVIMIENTO DE ACCION VECINAL","votos":34,"votosPorcentaje":0.16,"listas":[{"idLista":"3025","nombreLista":"A- COMPROMISO VECINAL","votos":34,"votosPorcentaje":100.0}]},{"idAgrupacion":"20","idAgrupacionTelegrama":"20","nombreAgrupacion":"UNION DEL CENTRO DEMOCRATICO","votos":24,"votosPorcentaje":0.11,"listas":[{"idLista":"3018","nombreLista":"A- APERTURA LIBERAL ARGENTINA","votos":24,"votosPorcentaje":100.0}]}],"valoresTotalizadosOtros":{"votosNulos":154,"votosNulosPorcentaje":0.75,"votosEnBlanco":1396,"votosEnBlancoPorcentaje":6.84,"votosRecurridosComandoImpugnados":30,"votosRecurridosComandoImpugnadosPorcentaje":0.14}}