{"fechaTotalizacion":"Aug 14, 2023, 5:27:40 AM","estadoRecuento":{"mesasEsperadas":65,"mesasTotalizadas":58,"mesasTotalizadasPorcentaje":89.23,"cantidadElectores":19995,"cantidadVotantes":14838,"participacionPorcentaje":74.2},"valoresTotalizadosPositivos":[{"idAgrupacion":"134","idAgrupacionTelegrama":"134","nombreAgrupacion":"UNION POR LA PATRIA","votos":6873,"votosPorcentaje":46.89,"listas":[{"idLista":"3005","nombreLista":"A- CELESTE Y BLANCA","votos":5069,"votosPorcentaje":73.75},{"idLista":"3006","nombreLista":"B- JUSTA Y SOBERANA","votos":1804,"votosPorcentaje":26.24}]},{"idAgrupacion":"135","idAgrupacionTelegrama":"135","nombreAgrupacion":"LA LIBERTAD AVANZA","votos":3569,"votosPorcentaje":24.35,"listas":[{"idLista":"3016","nombreLista":"A- LIBERTAD POR SIEMPRE","votos":3569,"votosPorcentaje":100.0}]},{"idAgrupacion":"132","idAgrupacionTelegrama":"132","nombreAgrupacion":"JUNTOS POR EL CAMBIO","votos":2031,"votosPorcentaje":13.85,"listas":[{"idLista":"3007","nombreLista":"A- EL CAMBIO DE NUESTRAS VIDAS","votos":1137,"votosPorcentaje":55.98},{"idLista":"3008","nombreLista":"B- LA FUERZA DEL CAMBIO","votos":894,"votosPorcentaje":44.01}]},{"idAgrupacion":"136","idAgrupacionTelegrama":"136","nombreAgrupacion":"FRENTE DE IZQUIERDA Y DE TRABAJADORES - UNIDAD","votos":507,"votosPorcentaje":3.45,"listas":[{"idLista":"3009","nombreLista":"A- UNIR Y FORTALECER LA IZQUIERDA","votos":323,"votosPorcentaje":63.7},{"idLista":"3010","nombreLista":"B- UNIDAD DE LUCHADORES Y LA IZQUIERDA","votos":184,"votosPorcentaje":36.29}]},{"idAgrupacion":"133","idAgrupacionTelegrama":"133","nombreAgrupacion":"HACEMOS POR NUESTRO PAIS","votos":107,"votosPorcentaje":0.73,"listas":[{"idLista":"3001","nombreLista":"A- HACEMOS","votos":107,"votosPorcentaje":100.0}]},{"idAgrupacion":"90","idAgrupacionTelegrama":"90","nombreAgrupacion":"MOVIMIENTO IZQUIERDA JUVENTUD Y DIGNIDAD","votos":71,"votosPorcentaje":0.48,"listas":[{"idLista":"3027","nombreLista":"B- CONFEDERAL","votos":43,"votosPorcentaje":60.56},{"idLista":"3026","nombreLista":"A- DIGNIDAD","votos":28,"votosPorcentaje":39.43}]},{"idAgrupacion":"137","idAgrupacionTelegrama":"137","nombreAgrupacion":"PRINCIPIOS Y VALORES","votos":69,"votosPorcentaje":0.47,"listas":[{"idLista":"3011","nombreLista":"1A- TIERRA, TECHO  Y TRABAJO","votos":69,"votosPorcentaje":100.0}]},{"idAgrupacion":"131","idAgrupacionTelegrama":"131","nombreAgrupacion":"FRENTE LIBER.AR","votos":57,"votosPorcentaje":0.38,"listas":[{"idLista":"3002","nombreLista":"A- DEMOS","votos":29,"votosPorcentaje":50.87},{"idLista":"3003","nombreLista":"B- RECONQUISTA","votos":25,"votosPorcentaje":43.85},{"idLista":"3004","nombreLista":"C- ANTICORRUPCIÓN","votos":3,"votosPorcentaje":5.26}]},{"idAgrupacion":"40","idAgrupacionTelegrama":"40","nombreAgrupacion":"MOVIMIENTO LIBRES DEL SUR","votos":57,"votosPorcentaje":0.38,"listas":[{"idLista":"3019","nombreLista":"A- AZUL Y ROJO","votos":57,"votosPorcentaje":100.0}]},{"idAgrupacion":"13","idAgrupacionTelegrama":"13","nombreAgrupacion":"MOVIMIENTO AL SOCIALISMO","votos":48,"votosPorcentaje":0.32,"listas":[{"idLista":"3017","nombreLista":"A- IZQUIERDA ANTICAPITALISTA","votos":48,"votosPorcentaje":100.0}]},{"idAgrupacion":"95","idAgrupacionTelegrama":"95","nombreAgrupacion":"FRENTE PATRIOTA FEDERAL","votos":42,"votosPorcentaje":0.28,"listas":[{"idLista":"3021","nombreLista":"A- PRIMERO LA PATRIA","votos":42,"votosPorcentaje":100.0}]},{"idAgrupacion":"20","idAgrupacionTelegrama":"20","nombreAgrupacion":"UNION DEL CENTRO DEMOCRATICO","votos":38,"votosPorcentaje":0.25,"listas":[{"idLista":"3018","nombreLista":"A- APERTURA LIBERAL ARGENTINA","votos":38,"votosPorcentaje":100.0}]},{"idAgrupacion":"57","idAgrupacionTelegrama":"57","nombreAgrupacion":"MOVIMIENTO DE ACCION VECINAL","votos":35,"votosPorcentaje":0.23,"listas":[{"idLista":"3025","nombreLista":"A- COMPROMISO VECINAL","votos":35,"votosPorcentaje":100.0}]},{"idAgrupacion":"94","idAgrupacionTelegrama":"94","nombreAgrupacion":"PROYECTO JOVEN","votos":28,"votosPorcentaje":0.19,"listas":[{"idLista":"3022","nombreLista":"A- COALICION PAZ DEMOCRACIA SOBERANIA","votos":15,"votosPorcentaje":53.57},{"idLista":"3023","nombreLista":"B- PATRIA UNIDA","votos":9,"votosPorcentaje":32.14},{"idLista":"3024","nombreLista":"C- TODEX","votos":4,"votosPorcentaje":14.28}]},{"idAgrupacion":"92","idAgrupacionTelegrama":"92","nombreAgrupacion":"POLITICA OBRERA","votos":18,"votosPorcentaje":0.12,"listas":[{"idLista":"3020","nombreLista":"A- UNIDAD OBRERA","votos":18,"votosPorcentaje":100.0}]}],"valoresTotalizadosOtros":{"votosNulos":166,"votosNulosPorcentaje":1.11,"votosEnBlanco":1107,"votosEnBlancoPorcentaje":7.46,"votosRecurridosComandoImpugnados":15,"votosRecurridosComandoImpugnadosPorcentaje":0.1}}