{"fechaTotalizacion":"Aug 14, 2023, 5:27:40 AM","estadoRecuento":{"mesasEsperadas":33,"mesasTotalizadas":31,"mesasTotalizadasPorcentaje":93.93,"cantidadElectores":10849,"cantidadVotantes":8396,"participacionPorcentaje":77.38},"valoresTotalizadosPositivos":[{"idAgrupacion":"132","idAgrupacionTelegrama":"132","nombreAgrupacion":"JUNTOS POR EL CAMBIO","votos":3545,"votosPorcentaje":42.83,"listas":[{"idLista":"3008","nombreLista":"B- LA FUERZA DEL CAMBIO","votos":2052,"votosPorcentaje":57.88},{"idLista":"3007","nombreLista":"A- EL CAMBIO DE NUESTRAS VIDAS","votos":1493,"votosPorcentaje":42.11}]},{"idAgrupacion":"134","idAgrupacionTelegrama":"134","nombreAgrupacion":"UNION POR LA PATRIA","votos":2135,"votosPorcentaje":25.79,"listas":[{"idLista":"3005","nombreLista":"A- CELESTE Y BLANCA","votos":1434,"votosPorcentaje":67.16},{"idLista":"3006","nombreLista":"B- JUSTA Y SOBERANA","votos":701,"votosPorcentaje":32.83}]},{"idAgrupacion":"135","idAgrupacionTelegrama":"135","nombreAgrupacion":"LA LIBERTAD AVANZA","votos":1559,"votosPorcentaje":18.83,"listas":[{"idLista":"3016","nombreLista":"A- LIBERTAD POR SIEMPRE","votos":1559,"votosPorcentaje":100.0}]},{"idAgrupacion":"136","idAgrupacionTelegrama":"136","nombreAgrupacion":"FRENTE DE IZQUIERDA Y DE TRABAJADORES - UNIDAD","votos":351,"votosPorcentaje":4.24,"listas":[{"idLista":"3009","nombreLista":"A- UNIR Y FORTALECER LA IZQUIERDA","votos":269,"votosPorcentaje":76.63},{"idLista":"3010","nombreLista":"B- UNIDAD DE LUCHADORES Y LA IZQUIERDA","votos":82,"votosPorcentaje":23.36}]},{"idAgrupacion":"133","idAgrupacionTelegrama":"133","nombreAgrupacion":"HACEMOS POR NUESTRO PAIS","votos":163,"votosPorcentaje":1.96,"listas":[{"idLista":"3001","nombreLista":"A- HACEMOS","votos":163,"votosPorcentaje":100.0}]},{"idAgrupacion":"137","idAgrupacionTelegrama":"137","nombreAgrupacion":"PRINCIPIOS Y VALORES","votos":89,"votosPorcentaje":1.07,"listas":[{"idLista":"3011","nombreLista":"1A- TIERRA, TECHO  Y TRABAJO","votos":89,"votosPorcentaje":100.0}]},{"idAgrupacion":"90","idAgrupacionTelegrama":"90","nombreAgrupacion":"MOVIMIENTO IZQUIERDA JUVENTUD Y DIGNIDAD","votos":54,"votosPorcentaje":0.65,"listas":[{"idLista":"3027","nombreLista":"B- CONFEDERAL","votos":40,"votosPorcentaje":74.07},{"idLista":"3026","nombreLista":"A- DIGNIDAD","votos":14,"votosPorcentaje":25.92}]},{"idAgrupacion":"13","idAgrupacionTelegrama":"13","nombreAgrupacion":"MOVIMIENTO AL SOCIALISMO","votos":52,"votosPorcentaje":0.62,"listas":[{"idLista":"3017","nombreLista":"A- IZQUIERDA ANTICAPITALISTA","votos":52,"votosPorcentaje":100.0}]},{"idAgrupacion":"40","idAgrupacionTelegrama":"40","nombreAgrupacion":"MOVIMIENTO LIBRES DEL SUR","votos":29,"votosPorcentaje":0.35,"listas":[{"idLista":"3019","nombreLista":"A- AZUL Y ROJO","votos":29,"votosPorcentaje":100.0}]},{"idAgrupacion":"131","idAgrupacionTelegrama":"131","nombreAgrupacion":"FRENTE LIBER.AR","votos":16,"votosPorcentaje":0.19,"listas":[{"idLista":"3002","nombreLista":"A- DEMOS","votos":9,"votosPorcentaje":56.25},{"idLista":"3003","nombreLista":"B- RECONQUISTA","votos":6,"votosPorcentaje":37.5},{"idLista":"3004","nombreLista":"C- ANTICORRUPCIÓN","votos":1,"votosPorcentaje":6.25}]},{"idAgrupacion":"94","idAgrupacionTelegrama":"94","nombreAgrupacion":"PROYECTO JOVEN","votos":16,"votosPorcentaje":0.19,"listas":[{"idLista":"3022","nombreLista":"A- COALICION PAZ DEMOCRACIA SOBERANIA","votos":12,"votosPorcentaje":75.0},{"idLista":"3024","nombreLista":"C- TODEX","votos":3,"votosPorcentaje":18.75},{"idLista":"3023","nombreLista":"B- PATRIA UNIDA","votos":1,"votosPorcentaje":6.25}]},{"idAgrupacion":"57","idAgrupacionTelegrama":"57","nombreAgrupacion":"MOVIMIENTO DE ACCION VECINAL","votos":13,"votosPorcentaje":0.15,"listas":[{"idLista":"3025","nombreLista":"A- COMPROMISO VECINAL","votos":13,"votosPorcentaje":100.0}]},{"idAgrupacion":"95","idAgrupacionTelegrama":"95","nombreAgrupacion":"FRENTE PATRIOTA FEDERAL","votos":12,"votosPorcentaje":0.14,"listas":[{"idLista":"3021","nombreLista":"A- PRIMERO LA PATRIA","votos":12,"votosPorcentaje":100.0}]},{"idAgrupacion":"92","idAgrupacionTelegrama":"92","nombreAgrupacion":"POLITICA OBRERA","votos":10,"votosPorcentaje":0.12,"listas":[{"idLista":"3020","nombreLista":"A- UNIDAD OBRERA","votos":10,"votosPorcentaje":100.0}]},{"idAgrupacion":"20","idAgrupacionTelegrama":"20","nombreAgrupacion":"UNION DEL CENTRO DEMOCRATICO","votos":8,"votosPorcentaje":0.09,"listas":[{"idLista":"3018","nombreLista":"A- APERTURA LIBERAL ARGENTINA","votos":8,"votosPorcentaje":100.0}]}],"valoresTotalizadosOtros":{"votosNulos":98,"votosNulosPorcentaje":1.16,"votosEnBlanco":224,"votosEnBlancoPorcentaje":2.66,"votosRecurridosComandoImpugnados":22,"votosRecurridosComandoImpugnadosPorcentaje":0.26}}