{"fechaTotalizacion":"Aug 14, 2023, 5:27:40 AM","estadoRecuento":{"mesasEsperadas":80,"mesasTotalizadas":71,"mesasTotalizadasPorcentaje":88.75,"cantidadElectores":24603,"cantidadVotantes":16744,"participacionPorcentaje":68.05},"valoresTotalizadosPositivos":[{"idAgrupacion":"134","idAgrupacionTelegrama":"134","nombreAgrupacion":"UNION POR LA PATRIA","votos":7379,"votosPorcentaje":44.46,"listas":[{"idLista":"3005","nombreLista":"A- CELESTE Y BLANCA","votos":5487,"votosPorcentaje":74.35},{"idLista":"3006","nombreLista":"B- JUSTA Y SOBERANA","votos":1892,"votosPorcentaje":25.64}]},{"idAgrupacion":"135","idAgrupacionTelegrama":"135","nombreAgrupacion":"LA LIBERTAD AVANZA","votos":4568,"votosPorcentaje":27.52,"listas":[{"idLista":"3016","nombreLista":"A- LIBERTAD POR SIEMPRE","votos":4568,"votosPorcentaje":100.0}]},{"idAgrupacion":"132","idAgrupacionTelegrama":"132","nombreAgrupacion":"JUNTOS POR EL CAMBIO","votos":2170,"votosPorcentaje":13.07,"listas":[{"idLista":"3007","nombreLista":"A- EL CAMBIO DE NUESTRAS VIDAS","votos":1276,"votosPorcentaje":58.8},{"idLista":"3008","nombreLista":"B- LA FUERZA DEL CAMBIO","votos":894,"votosPorcentaje":41.19}]},{"idAgrupacion":"136","idAgrupacionTelegrama":"136","nombreAgrupacion":"FRENTE DE IZQUIERDA Y DE TRABAJADORES - UNIDAD","votos":521,"votosPorcentaje":3.13,"listas":[{"idLista":"3009","nombreLista":"A- UNIR Y FORTALECER LA IZQUIERDA","votos":344,"votosPorcentaje":66.02},{"idLista":"3010","nombreLista":"B- UNIDAD DE LUCHADORES Y LA IZQUIERDA","votos":177,"votosPorcentaje":33.97}]},{"idAgrupacion":"137","idAgrupacionTelegrama":"137","nombreAgrupacion":"PRINCIPIOS Y VALORES","votos":127,"votosPorcentaje":0.76,"listas":[{"idLista":"3011","nombreLista":"1A- TIERRA, TECHO  Y TRABAJO","votos":127,"votosPorcentaje":100.0}]},{"idAgrupacion":"133","idAgrupacionTelegrama":"133","nombreAgrupacion":"HACEMOS POR NUESTRO PAIS","votos":117,"votosPorcentaje":0.7,"listas":[{"idLista":"3001","nombreLista":"A- HACEMOS","votos":117,"votosPorcentaje":100.0}]},{"idAgrupacion":"40","idAgrupacionTelegrama":"40","nombreAgrupacion":"MOVIMIENTO LIBRES DEL SUR","votos":108,"votosPorcentaje":0.65,"listas":[{"idLista":"3019","nombreLista":"A- AZUL Y ROJO","votos":108,"votosPorcentaje":100.0}]},{"idAgrupacion":"131","idAgrupacionTelegrama":"131","nombreAgrupacion":"FRENTE LIBER.AR","votos":76,"votosPorcentaje":0.45,"listas":[{"idLista":"3002","nombreLista":"A- DEMOS","votos":42,"votosPorcentaje":55.26},{"idLista":"3003","nombreLista":"B- RECONQUISTA","votos":24,"votosPorcentaje":31.57},{"idLista":"3004","nombreLista":"C- ANTICORRUPCIÓN","votos":10,"votosPorcentaje":13.15}]},{"idAgrupacion":"95","idAgrupacionTelegrama":"95","nombreAgrupacion":"FRENTE PATRIOTA FEDERAL","votos":68,"votosPorcentaje":0.4,"listas":[{"idLista":"3021","nombreLista":"A- PRIMERO LA PATRIA","votos":68,"votosPorcentaje":100.0}]},{"idAgrupacion":"90","idAgrupacionTelegrama":"90","nombreAgrupacion":"MOVIMIENTO IZQUIERDA JUVENTUD Y DIGNIDAD","votos":56,"votosPorcentaje":0.33,"listas":[{"idLista":"3027","nombreLista":"B- CONFEDERAL","votos":37,"votosPorcentaje":66.07},{"idLista":"3026","nombreLista":"A- DIGNIDAD","votos":19,"votosPorcentaje":33.92}]},{"idAgrupacion":"13","idAgrupacionTelegrama":"13","nombreAgrupacion":"MOVIMIENTO AL SOCIALISMO","votos":55,"votosPorcentaje":0.33,"listas":[{"idLista":"3017","nombreLista":"A- IZQUIERDA ANTICAPITALISTA","votos":55,"votosPorcentaje":100.0}]},{"idAgrupacion":"92","idAgrupacionTelegrama":"92","nombreAgrupacion":"POLITICA OBRERA","votos":52,"votosPorcentaje":0.31,"listas":[{"idLista":"3020","nombreLista":"A- UNIDAD OBRERA","votos":52,"votosPorcentaje":100.0}]},{"idAgrupacion":"94","idAgrupacionTelegrama":"94","nombreAgrupacion":"PROYECTO JOVEN","votos":39,"votosPorcentaje":0.23,"listas":[{"idLista":"3023","nombreLista":"B- PATRIA UNIDA","votos":17,"votosPorcentaje":43.58},{"idLista":"3024","nombreLista":"C- TODEX","votos":12,"votosPorcentaje":30.76},{"idLista":"3022","nombreLista":"A- COALICION PAZ DEMOCRACIA SOBERANIA","votos":10,"votosPorcentaje":25.64}]},{"idAgrupacion":"57","idAgrupacionTelegrama":"57","nombreAgrupacion":"MOVIMIENTO DE ACCION VECINAL","votos":24,"votosPorcentaje":0.14,"listas":[{"idLista":"3025","nombreLista":"A- COMPROMISO VECINAL","votos":24,"votosPorcentaje":100.0}]},{"idAgrupacion":"20","idAgrupacionTelegrama":"20","nombreAgrupacion":"UNION DEL CENTRO DEMOCRATICO","votos":24,"votosPorcentaje":0.14,"listas":[{"idLista":"3018","nombreLista":"A- APERTURA LIBERAL ARGENTINA","votos":24,"votosPorcentaje":100.0}]}],"valoresTotalizadosOtros":{"votosNulos":139,"votosNulosPorcentaje":0.83,"votosEnBlanco":1211,"votosEnBlancoPorcentaje":7.23,"votosRecurridosComandoImpugnados":10,"votosRecurridosComandoImpugnadosPorcentaje":0.05}}