{"fechaTotalizacion":"Aug 14, 2023, 5:27:40 AM","estadoRecuento":{"mesasEsperadas":112,"mesasTotalizadas":108,"mesasTotalizadasPorcentaje":96.42,"cantidadElectores":37594,"cantidadVotantes":27034,"participacionPorcentaje":71.91},"valoresTotalizadosPositivos":[{"idAgrupacion":"134","idAgrupacionTelegrama":"134","nombreAgrupacion":"UNION POR LA PATRIA","votos":13681,"votosPorcentaje":50.97,"listas":[{"idLista":"3005","nombreLista":"A- CELESTE Y BLANCA","votos":8707,"votosPorcentaje":63.64},{"idLista":"3006","nombreLista":"B- JUSTA Y SOBERANA","votos":4974,"votosPorcentaje":36.35}]},{"idAgrupacion":"135","idAgrupacionTelegrama":"135","nombreAgrupacion":"LA LIBERTAD AVANZA","votos":6048,"votosPorcentaje":22.53,"listas":[{"idLista":"3016","nombreLista":"A- LIBERTAD POR SIEMPRE","votos":6048,"votosPorcentaje":100.0}]},{"idAgrupacion":"132","idAgrupacionTelegrama":"132","nombreAgrupacion":"JUNTOS POR EL CAMBIO","votos":3056,"votosPorcentaje":11.38,"listas":[{"idLista":"3007","nombreLista":"A- EL CAMBIO DE NUESTRAS VIDAS","votos":1646,"votosPorcentaje":53.86},{"idLista":"3008","nombreLista":"B- LA FUERZA DEL CAMBIO","votos":1410,"votosPorcentaje":46.13}]},{"idAgrupacion":"136","idAgrupacionTelegrama":"136","nombreAgrupacion":"FRENTE DE IZQUIERDA Y DE TRABAJADORES - UNIDAD","votos":878,"votosPorcentaje":3.27,"listas":[{"idLista":"3009","nombreLista":"A- UNIR Y FORTALECER LA IZQUIERDA","votos":579,"votosPorcentaje":65.94},{"idLista":"3010","nombreLista":"B- UNIDAD DE LUCHADORES Y LA IZQUIERDA","votos":299,"votosPorcentaje":34.05}]},{"idAgrupacion":"137","idAgrupacionTelegrama":"137","nombreAgrupacion":"PRINCIPIOS Y VALORES","votos":305,"votosPorcentaje":1.13,"listas":[{"idLista":"3011","nombreLista":"1A- TIERRA, TECHO  Y TRABAJO","votos":305,"votosPorcentaje":100.0}]},{"idAgrupacion":"133","idAgrupacionTelegrama":"133","nombreAgrupacion":"HACEMOS POR NUESTRO PAIS","votos":248,"votosPorcentaje":0.92,"listas":[{"idLista":"3001","nombreLista":"A- HACEMOS","votos":248,"votosPorcentaje":100.0}]},{"idAgrupacion":"40","idAgrupacionTelegrama":"40","nombreAgrupacion":"MOVIMIENTO LIBRES DEL SUR","votos":151,"votosPorcentaje":0.56,"listas":[{"idLista":"3019","nombreLista":"A- AZUL Y ROJO","votos":151,"votosPorcentaje":100.0}]},{"idAgrupacion":"131","idAgrupacionTelegrama":"131","nombreAgrupacion":"FRENTE LIBER.AR","votos":103,"votosPorcentaje":0.38,"listas":[{"idLista":"3003","nombreLista":"B- RECONQUISTA","votos":53,"votosPorcentaje":51.45},{"idLista":"3002","nombreLista":"A- DEMOS","votos":48,"votosPorcentaje":46.6},{"idLista":"3004","nombreLista":"C- ANTICORRUPCIÓN","votos":2,"votosPorcentaje":1.94}]},{"idAgrupacion":"90","idAgrupacionTelegrama":"90","nombreAgrupacion":"MOVIMIENTO IZQUIERDA JUVENTUD Y DIGNIDAD","votos":87,"votosPorcentaje":0.32,"listas":[{"idLista":"3027","nombreLista":"B- CONFEDERAL","votos":45,"votosPorcentaje":51.72},{"idLista":"3026","nombreLista":"A- DIGNIDAD","votos":42,"votosPorcentaje":48.27}]},{"idAgrupacion":"13","idAgrupacionTelegrama":"13","nombreAgrupacion":"MOVIMIENTO AL SOCIALISMO","votos":82,"votosPorcentaje":0.3,"listas":[{"idLista":"3017","nombreLista":"A- IZQUIERDA ANTICAPITALISTA","votos":82,"votosPorcentaje":100.0}]},{"idAgrupacion":"95","idAgrupacionTelegrama":"95","nombreAgrupacion":"FRENTE PATRIOTA FEDERAL","votos":74,"votosPorcentaje":0.27,"listas":[{"idLista":"3021","nombreLista":"A- PRIMERO LA PATRIA","votos":74,"votosPorcentaje":100.0}]},{"idAgrupacion":"94","idAgrupacionTelegrama":"94","nombreAgrupacion":"PROYECTO JOVEN","votos":66,"votosPorcentaje":0.24,"listas":[{"idLista":"3023","nombreLista":"B- PATRIA UNIDA","votos":28,"votosPorcentaje":42.42},{"idLista":"3022","nombreLista":"A- COALICION PAZ DEMOCRACIA SOBERANIA","votos":24,"votosPorcentaje":36.36},{"idLista":"3024","nombreLista":"C- TODEX","votos":14,"votosPorcentaje":21.21}]},{"idAgrupacion":"57","idAgrupacionTelegrama":"57","nombreAgrupacion":"MOVIMIENTO DE ACCION VECINAL","votos":61,"votosPorcentaje":0.22,"listas":[{"idLista":"3025","nombreLista":"A- COMPROMISO VECINAL","votos":61,"votosPorcentaje":100.0}]},{"idAgrupacion":"92","idAgrupacionTelegrama":"92","nombreAgrupacion":"POLITICA OBRERA","votos":61,"votosPorcentaje":0.22,"listas":[{"idLista":"3020","nombreLista":"A- UNIDAD OBRERA","votos":61,"votosPorcentaje":100.0}]},{"idAgrupacion":"20","idAgrupacionTelegrama":"20","nombreAgrupacion":"UNION DEL CENTRO DEMOCRATICO","votos":56,"votosPorcentaje":0.2,"listas":[{"idLista":"3018","nombreLista":"A- APERTURA LIBERAL ARGENTINA","votos":56,"votosPorcentaje":100.0}]}],"valoresTotalizadosOtros":{"votosNulos":161,"votosNulosPorcentaje":0.59,"votosEnBlanco":1881,"votosEnBlancoPorcentaje":6.95,"votosRecurridosComandoImpugnados":35,"votosRecurridosComandoImpugnadosPorcentaje":0.12}}