{"fechaTotalizacion":"Aug 14, 2023, 5:27:40 AM","estadoRecuento":{"mesasEsperadas":21,"mesasTotalizadas":21,"mesasTotalizadasPorcentaje":100.0,"cantidadElectores":7091,"cantidadVotantes":5411,"participacionPorcentaje":76.3},"valoresTotalizadosPositivos":[{"idAgrupacion":"132","idAgrupacionTelegrama":"132","nombreAgrupacion":"JUNTOS POR EL CAMBIO","votos":2164,"votosPorcentaje":40.46,"listas":[{"idLista":"3008","nombreLista":"B- LA FUERZA DEL CAMBIO","votos":1255,"votosPorcentaje":57.99},{"idLista":"3007","nombreLista":"A- EL CAMBIO DE NUESTRAS VIDAS","votos":909,"votosPorcentaje":42.0}]},{"idAgrupacion":"134","idAgrupacionTelegrama":"134","nombreAgrupacion":"UNION POR LA PATRIA","votos":1380,"votosPorcentaje":25.8,"listas":[{"idLista":"3005","nombreLista":"A- CELESTE Y BLANCA","votos":921,"votosPorcentaje":66.73},{"idLista":"3006","nombreLista":"B- JUSTA Y SOBERANA","votos":459,"votosPorcentaje":33.26}]},{"idAgrupacion":"135","idAgrupacionTelegrama":"135","nombreAgrupacion":"LA LIBERTAD AVANZA","votos":1118,"votosPorcentaje":20.9,"listas":[{"idLista":"3016","nombreLista":"A- LIBERTAD POR SIEMPRE","votos":1118,"votosPorcentaje":100.0}]},{"idAgrupacion":"136","idAgrupacionTelegrama":"136","nombreAgrupacion":"FRENTE DE IZQUIERDA Y DE TRABAJADORES - UNIDAD","votos":249,"votosPorcentaje":4.65,"listas":[{"idLista":"3009","nombreLista":"A- UNIR Y FORTALECER LA IZQUIERDA","votos":216,"votosPorcentaje":86.74},{"idLista":"3010","nombreLista":"B- UNIDAD DE LUCHADORES Y LA IZQUIERDA","votos":33,"votosPorcentaje":13.25}]},{"idAgrupacion":"133","idAgrupacionTelegrama":"133","nombreAgrupacion":"HACEMOS POR NUESTRO PAIS","votos":72,"votosPorcentaje":1.34,"listas":[{"idLista":"3001","nombreLista":"A- HACEMOS","votos":72,"votosPorcentaje":100.0}]},{"idAgrupacion":"137","idAgrupacionTelegrama":"137","nombreAgrupacion":"PRINCIPIOS Y VALORES","votos":53,"votosPorcentaje":0.99,"listas":[{"idLista":"3011","nombreLista":"1A- TIERRA, TECHO  Y TRABAJO","votos":53,"votosPorcentaje":100.0}]},{"idAgrupacion":"13","idAgrupacionTelegrama":"13","nombreAgrupacion":"MOVIMIENTO AL SOCIALISMO","votos":35,"votosPorcentaje":0.65,"listas":[{"idLista":"3017","nombreLista":"A- IZQUIERDA ANTICAPITALISTA","votos":35,"votosPorcentaje":100.0}]},{"idAgrupacion":"90","idAgrupacionTelegrama":"90","nombreAgrupacion":"MOVIMIENTO IZQUIERDA JUVENTUD Y DIGNIDAD","votos":31,"votosPorcentaje":0.57,"listas":[{"idLista":"3027","nombreLista":"B- CONFEDERAL","votos":29,"votosPorcentaje":93.54},{"idLista":"3026","nombreLista":"A- DIGNIDAD","votos":2,"votosPorcentaje":6.45}]},{"idAgrupacion":"94","idAgrupacionTelegrama":"94","nombreAgrupacion":"PROYECTO JOVEN","votos":19,"votosPorcentaje":0.35,"listas":[{"idLista":"3022","nombreLista":"A- COALICION PAZ DEMOCRACIA SOBERANIA","votos":15,"votosPorcentaje":78.94},{"idLista":"3023","nombreLista":"B- PATRIA UNIDA","votos":2,"votosPorcentaje":10.52},{"idLista":"3024","nombreLista":"C- TODEX","votos":2,"votosPorcentaje":10.52}]},{"idAgrupacion":"92","idAgrupacionTelegrama":"92","nombreAgrupacion":"POLITICA OBRERA","votos":15,"votosPorcentaje":0.28,"listas":[{"idLista":"3020","nombreLista":"A- UNIDAD OBRERA","votos":15,"votosPorcentaje":100.0}]},{"idAgrupacion":"131","idAgrupacionTelegrama":"131","nombreAgrupacion":"FRENTE LIBER.AR","votos":12,"votosPorcentaje":0.22,"listas":[{"idLista":"3002","nombreLista":"A- DEMOS","votos":7,"votosPorcentaje":58.33},{"idLista":"3003","nombreLista":"B- RECONQUISTA","votos":5,"votosPorcentaje":41.66},{"idLista":"3004","nombreLista":"C- ANTICORRUPCIÓN","votos":0,"votosPorcentaje":0.0}]},{"idAgrupacion":"40","idAgrupacionTelegrama":"40","nombreAgrupacion":"MOVIMIENTO LIBRES DEL SUR","votos":12,"votosPorcentaje":0.22,"listas":[{"idLista":"3019","nombreLista":"A- AZUL Y ROJO","votos":12,"votosPorcentaje":100.0}]},{"idAgrupacion":"20","idAgrupacionTelegrama":"20","nombreAgrupacion":"UNION DEL CENTRO DEMOCRATICO","votos":7,"votosPorcentaje":0.13,"listas":[{"idLista":"3018","nombreLista":"A- APERTURA LIBERAL ARGENTINA","votos":7,"votosPorcentaje":100.0}]},{"idAgrupacion":"95","idAgrupacionTelegrama":"95","nombreAgrupacion":"FRENTE PATRIOTA FEDERAL","votos":6,"votosPorcentaje":0.11,"listas":[{"idLista":"3021","nombreLista":"A- PRIMERO LA PATRIA","votos":6,"votosPorcentaje":100.0}]},{"idAgrupacion":"57","idAgrupacionTelegrama":"57","nombreAgrupacion":"MOVIMIENTO DE ACCION VECINAL","votos":6,"votosPorcentaje":0.11,"listas":[{"idLista":"3025","nombreLista":"A- COMPROMISO VECINAL","votos":6,"votosPorcentaje":100.0}]}],"valoresTotalizadosOtros":{"votosNulos":60,"votosNulosPorcentaje":1.1,"votosEnBlanco":169,"votosEnBlancoPorcentaje":3.12,"votosRecurridosComandoImpugnados":3,"votosRecurridosComandoImpugnadosPorcentaje":0.05}}