{"fechaTotalizacion":"Aug 14, 2023, 5:27:40 AM","estadoRecuento":{"mesasEsperadas":106,"mesasTotalizadas":102,"mesasTotalizadasPorcentaje":96.22,"cantidadElectores":35357,"cantidadVotantes":26090,"participacionPorcentaje":73.79},"valoresTotalizadosPositivos":[{"idAgrupacion":"132","idAgrupacionTelegrama":"132","nombreAgrupacion":"JUNTOS POR EL CAMBIO","votos":9616,"votosPorcentaje":37.42,"listas":[{"idLista":"3008","nombreLista":"B- LA FUERZA DEL CAMBIO","votos":5541,"votosPorcentaje":57.62},{"idLista":"3007","nombreLista":"A- EL CAMBIO DE NUESTRAS VIDAS","votos":4075,"votosPorcentaje":42.37}]},{"idAgrupacion":"134","idAgrupacionTelegrama":"134","nombreAgrupacion":"UNION POR LA PATRIA","votos":7341,"votosPorcentaje":28.57,"listas":[{"idLista":"3005","nombreLista":"A- CELESTE Y BLANCA","votos":5062,"votosPorcentaje":68.95},{"idLista":"3006","nombreLista":"B- JUSTA Y SOBERANA","votos":2279,"votosPorcentaje":31.04}]},{"idAgrupacion":"135","idAgrupacionTelegrama":"135","nombreAgrupacion":"LA LIBERTAD AVANZA","votos":5316,"votosPorcentaje":20.69,"listas":[{"idLista":"3016","nombreLista":"A- LIBERTAD POR SIEMPRE","votos":5316,"votosPorcentaje":100.0}]},{"idAgrupacion":"136","idAgrupacionTelegrama":"136","nombreAgrupacion":"FRENTE DE IZQUIERDA Y DE TRABAJADORES - UNIDAD","votos":1237,"votosPorcentaje":4.81,"listas":[{"idLista":"3009","nombreLista":"A- UNIR Y FORTALECER LA IZQUIERDA","votos":958,"votosPorcentaje":77.44},{"idLista":"3010","nombreLista":"B- UNIDAD DE LUCHADORES Y LA IZQUIERDA","votos":279,"votosPorcentaje":22.55}]},{"idAgrupacion":"133","idAgrupacionTelegrama":"133","nombreAgrupacion":"HACEMOS POR NUESTRO PAIS","votos":348,"votosPorcentaje":1.35,"listas":[{"idLista":"3001","nombreLista":"A- HACEMOS","votos":348,"votosPorcentaje":100.0}]},{"idAgrupacion":"137","idAgrupacionTelegrama":"137","nombreAgrupacion":"PRINCIPIOS Y VALORES","votos":320,"votosPorcentaje":1.24,"listas":[{"idLista":"3011","nombreLista":"1A- TIERRA, TECHO  Y TRABAJO","votos":320,"votosPorcentaje":100.0}]},{"idAgrupacion":"13","idAgrupacionTelegrama":"13","nombreAgrupacion":"MOVIMIENTO AL SOCIALISMO","votos":166,"votosPorcentaje":0.64,"listas":[{"idLista":"3017","nombreLista":"A- IZQUIERDA ANTICAPITALISTA","votos":166,"votosPorcentaje":100.0}]},{"idAgrupacion":"90","idAgrupacionTelegrama":"90","nombreAgrupacion":"MOVIMIENTO IZQUIERDA JUVENTUD Y DIGNIDAD","votos":115,"votosPorcentaje":0.44,"listas":[{"idLista":"3027","nombreLista":"B- CONFEDERAL","votos":99,"votosPorcentaje":86.08},{"idLista":"3026","nombreLista":"A- DIGNIDAD","votos":16,"votosPorcentaje":13.91}]},{"idAgrupacion":"40","idAgrupacionTelegrama":"40","nombreAgrupacion":"MOVIMIENTO LIBRES DEL SUR","votos":70,"votosPorcentaje":0.27,"listas":[{"idLista":"3019","nombreLista":"A- AZUL Y ROJO","votos":70,"votosPorcentaje":100.0}]},{"idAgrupacion":"92","idAgrupacionTelegrama":"92","nombreAgrupacion":"POLITICA OBRERA","votos":66,"votosPorcentaje":0.25,"listas":[{"idLista":"3020","nombreLista":"A- UNIDAD OBRERA","votos":66,"votosPorcentaje":100.0}]},{"idAgrupacion":"95","idAgrupacionTelegrama":"95","nombreAgrupacion":"FRENTE PATRIOTA FEDERAL","votos":42,"votosPorcentaje":0.16,"listas":[{"idLista":"3021","nombreLista":"A- PRIMERO LA PATRIA","votos":42,"votosPorcentaje":100.0}]},{"idAgrupacion":"94","idAgrupacionTelegrama":"94","nombreAgrupacion":"PROYECTO JOVEN","votos":41,"votosPorcentaje":0.15,"listas":[{"idLista":"3022","nombreLista":"A- COALICION PAZ DEMOCRACIA SOBERANIA","votos":28,"votosPorcentaje":68.29},{"idLista":"3023","nombreLista":"B- PATRIA UNIDA","votos":10,"votosPorcentaje":24.39},{"idLista":"3024","nombreLista":"C- TODEX","votos":3,"votosPorcentaje":7.31}]},{"idAgrupacion":"57","idAgrupacionTelegrama":"57","nombreAgrupacion":"MOVIMIENTO DE ACCION VECINAL","votos":36,"votosPorcentaje":0.14,"listas":[{"idLista":"3025","nombreLista":"A- COMPROMISO VECINAL","votos":36,"votosPorcentaje":100.0}]},{"idAgrupacion":"131","idAgrupacionTelegrama":"131","nombreAgrupacion":"FRENTE LIBER.AR","votos":33,"votosPorcentaje":0.12,"listas":[{"idLista":"3002","nombreLista":"A- DEMOS","votos":19,"votosPorcentaje":57.57},{"idLista":"3003","nombreLista":"B- RECONQUISTA","votos":13,"votosPorcentaje":39.39},{"idLista":"3004","nombreLista":"C- ANTICORRUPCIÓN","votos":1,"votosPorcentaje":3.03}]},{"idAgrupacion":"20","idAgrupacionTelegrama":"20","nombreAgrupacion":"UNION DEL CENTRO DEMOCRATICO","votos":19,"votosPorcentaje":0.07,"listas":[{"idLista":"3018","nombreLista":"A- APERTURA LIBERAL ARGENTINA","votos":19,"votosPorcentaje":100.0}]}],"valoresTotalizadosOtros":{"votosNulos":380,"votosNulosPorcentaje":1.45,"votosEnBlanco":926,"votosEnBlancoPorcentaje":3.54,"votosRecurridosComandoImpugnados":18,"votosRecurridosComandoImpugnadosPorcentaje":0.06}}