{"fechaTotalizacion":"Aug 14, 2023, 5:27:40 AM","estadoRecuento":{"mesasEsperadas":56,"mesasTotalizadas":55,"mesasTotalizadasPorcentaje":98.21,"cantidadElectores":18967,"cantidadVotantes":12509,"participacionPorcentaje":65.95},"valoresTotalizadosPositivos":[{"idAgrupacion":"134","idAgrupacionTelegrama":"134","nombreAgrupacion":"UNION POR LA PATRIA","votos":5290,"votosPorcentaje":42.75,"listas":[{"idLista":"3005","nombreLista":"A- CELESTE Y BLANCA","votos":4014,"votosPorcentaje":75.87},{"idLista":"3006","nombreLista":"B- JUSTA Y SOBERANA","votos":1276,"votosPorcentaje":24.12}]},{"idAgrupacion":"135","idAgrupacionTelegrama":"135","nombreAgrupacion":"LA LIBERTAD AVANZA","votos":3740,"votosPorcentaje":30.22,"listas":[{"idLista":"3016","nombreLista":"A- LIBERTAD POR SIEMPRE","votos":3740,"votosPorcentaje":100.0}]},{"idAgrupacion":"132","idAgrupacionTelegrama":"132","nombreAgrupacion":"JUNTOS POR EL CAMBIO","votos":1310,"votosPorcentaje":10.58,"listas":[{"idLista":"3007","nombreLista":"A- EL CAMBIO DE NUESTRAS VIDAS","votos":833,"votosPorcentaje":63.58},{"idLista":"3008","nombreLista":"B- LA FUERZA DEL CAMBIO","votos":477,"votosPorcentaje":36.41}]},{"idAgrupacion":"136","idAgrupacionTelegrama":"136","nombreAgrupacion":"FRENTE DE IZQUIERDA Y DE TRABAJADORES - UNIDAD","votos":338,"votosPorcentaje":2.73,"listas":[{"idLista":"3009","nombreLista":"A- UNIR Y FORTALECER LA IZQUIERDA","votos":199,"votosPorcentaje":58.87},{"idLista":"3010","nombreLista":"B- UNIDAD DE LUCHADORES Y LA IZQUIERDA","votos":139,"votosPorcentaje":41.12}]},{"idAgrupacion":"40","idAgrupacionTelegrama":"40","nombreAgrupacion":"MOVIMIENTO LIBRES DEL SUR","votos":72,"votosPorcentaje":0.58,"listas":[{"idLista":"3019","nombreLista":"A- AZUL Y ROJO","votos":72,"votosPorcentaje":100.0}]},{"idAgrupacion":"131","idAgrupacionTelegrama":"131","nombreAgrupacion":"FRENTE LIBER.AR","votos":70,"votosPorcentaje":0.56,"listas":[{"idLista":"3002","nombreLista":"A- DEMOS","votos":39,"votosPorcentaje":55.71},{"idLista":"3003","nombreLista":"B- RECONQUISTA","votos":28,"votosPorcentaje":40.0},{"idLista":"3004","nombreLista":"C- ANTICORRUPCIÓN","votos":3,"votosPorcentaje":4.28}]},{"idAgrupacion":"137","idAgrupacionTelegrama":"137","nombreAgrupacion":"PRINCIPIOS Y VALORES","votos":62,"votosPorcentaje":0.5,"listas":[{"idLista":"3011","nombreLista":"1A- TIERRA, TECHO  Y TRABAJO","votos":62,"votosPorcentaje":100.0}]},{"idAgrupacion":"133","idAgrupacionTelegrama":"133","nombreAgrupacion":"HACEMOS POR NUESTRO PAIS","votos":51,"votosPorcentaje":0.41,"listas":[{"idLista":"3001","nombreLista":"A- HACEMOS","votos":51,"votosPorcentaje":100.0}]},{"idAgrupacion":"95","idAgrupacionTelegrama":"95","nombreAgrupacion":"FRENTE PATRIOTA FEDERAL","votos":50,"votosPorcentaje":0.4,"listas":[{"idLista":"3021","nombreLista":"A- PRIMERO LA PATRIA","votos":50,"votosPorcentaje":100.0}]},{"idAgrupacion":"90","idAgrupacionTelegrama":"90","nombreAgrupacion":"MOVIMIENTO IZQUIERDA JUVENTUD Y DIGNIDAD","votos":45,"votosPorcentaje":0.36,"listas":[{"idLista":"3027","nombreLista":"B- CONFEDERAL","votos":26,"votosPorcentaje":57.77},{"idLista":"3026","nombreLista":"A- DIGNIDAD","votos":19,"votosPorcentaje":42.22}]},{"idAgrupacion":"94","idAgrupacionTelegrama":"94","nombreAgrupacion":"PROYECTO JOVEN","votos":36,"votosPorcentaje":0.29,"listas":[{"idLista":"3023","nombreLista":"B- PATRIA UNIDA","votos":14,"votosPorcentaje":38.88},{"idLista":"3022","nombreLista":"A- COALICION PAZ DEMOCRACIA SOBERANIA","votos":12,"votosPorcentaje":33.33},{"idLista":"3024","nombreLista":"C- TODEX","votos":10,"votosPorcentaje":27.77}]},{"idAgrupacion":"20","idAgrupacionTelegrama":"20","nombreAgrupacion":"UNION DEL CENTRO DEMOCRATICO","votos":28,"votosPorcentaje":0.22,"listas":[{"idLista":"3018","nombreLista":"A- APERTURA LIBERAL ARGENTINA","votos":28,"votosPorcentaje":100.0}]},{"idAgrupacion":"92","idAgrupacionTelegrama":"92","nombreAgrupacion":"POLITICA OBRERA","votos":27,"votosPorcentaje":0.21,"listas":[{"idLista":"3020","nombreLista":"A- UNIDAD OBRERA","votos":27,"votosPorcentaje":100.0}]},{"idAgrupacion":"13","idAgrupacionTelegrama":"13","nombreAgrupacion":"MOVIMIENTO AL SOCIALISMO","votos":26,"votosPorcentaje":0.21,"listas":[{"idLista":"3017","nombreLista":"A- IZQUIERDA ANTICAPITALISTA","votos":26,"votosPorcentaje":100.0}]},{"idAgrupacion":"57","idAgrupacionTelegrama":"57","nombreAgrupacion":"MOVIMIENTO DE ACCION VECINAL","votos":24,"votosPorcentaje":0.19,"listas":[{"idLista":"3025","nombreLista":"A- COMPROMISO VECINAL","votos":24,"votosPorcentaje":100.0}]}],"valoresTotalizadosOtros":{"votosNulos":121,"votosNulosPorcentaje":0.96,"votosEnBlanco":1203,"votosEnBlancoPorcentaje":9.61,"votosRecurridosComandoImpugnados":16,"votosRecurridosComandoImpugnadosPorcentaje":0.12}}