{"fechaTotalizacion":"Aug 14, 2023, 5:27:40 AM","estadoRecuento":{"mesasEsperadas":169,"mesasTotalizadas":163,"mesasTotalizadasPorcentaje":96.44,"cantidadElectores":56864,"cantidadVotantes":39556,"participacionPorcentaje":69.56},"valoresTotalizadosPositivos":[{"idAgrupacion":"134","idAgrupacionTelegrama":"134","nombreAgrupacion":"UNION POR LA PATRIA","votos":16167,"votosPorcentaje":41.27,"listas":[{"idLista":"3005","nombreLista":"A- CELESTE Y BLANCA","votos":12054,"votosPorcentaje":74.55},{"idLista":"3006","nombreLista":"B- JUSTA Y SOBERANA","votos":4113,"votosPorcentaje":25.44}]},{"idAgrupacion":"135","idAgrupacionTelegrama":"135","nombreAgrupacion":"LA LIBERTAD AVANZA","votos":9216,"votosPorcentaje":23.52,"listas":[{"idLista":"3016","nombreLista":"A- LIBERTAD POR SIEMPRE","votos":9216,"votosPorcentaje":100.0}]},{"idAgrupacion":"132","idAgrupacionTelegrama":"132","nombreAgrupacion":"JUNTOS POR EL CAMBIO","votos":7864,"votosPorcentaje":20.07,"listas":[{"idLista":"3008","nombreLista":"B- LA FUERZA DEL CAMBIO","votos":3946,"votosPorcentaje":50.17},{"idLista":"3007","nombreLista":"A- EL CAMBIO DE NUESTRAS VIDAS","votos":3918,"votosPorcentaje":49.82}]},{"idAgrupacion":"136","idAgrupacionTelegrama":"136","nombreAgrupacion":"FRENTE DE IZQUIERDA Y DE TRABAJADORES - UNIDAD","votos":1595,"votosPorcentaje":4.07,"listas":[{"idLista":"3009","nombreLista":"A- UNIR Y FORTALECER LA IZQUIERDA","votos":1119,"votosPorcentaje":70.15},{"idLista":"3010","nombreLista":"B- UNIDAD DE LUCHADORES Y LA IZQUIERDA","votos":476,"votosPorcentaje":29.84}]},{"idAgrupacion":"137","idAgrupacionTelegrama":"137","nombreAgrupacion":"PRINCIPIOS Y VALORES","votos":433,"votosPorcentaje":1.1,"listas":[{"idLista":"3011","nombreLista":"1A- TIERRA, TECHO  Y TRABAJO","votos":433,"votosPorcentaje":100.0}]},{"idAgrupacion":"133","idAgrupacionTelegrama":"133","nombreAgrupacion":"HACEMOS POR NUESTRO PAIS","votos":359,"votosPorcentaje":0.91,"listas":[{"idLista":"3001","nombreLista":"A- HACEMOS","votos":359,"votosPorcentaje":100.0}]},{"idAgrupacion":"90","idAgrupacionTelegrama":"90","nombreAgrupacion":"MOVIMIENTO IZQUIERDA JUVENTUD Y DIGNIDAD","votos":207,"votosPorcentaje":0.52,"listas":[{"idLista":"3027","nombreLista":"B- CONFEDERAL","votos":157,"votosPorcentaje":75.84},{"idLista":"3026","nombreLista":"A- DIGNIDAD","votos":50,"votosPorcentaje":24.15}]},{"idAgrupacion":"40","idAgrupacionTelegrama":"40","nombreAgrupacion":"MOVIMIENTO LIBRES DEL SUR","votos":176,"votosPorcentaje":0.44,"listas":[{"idLista":"3019","nombreLista":"A- AZUL Y ROJO","votos":176,"votosPorcentaje":100.0}]},{"idAgrupacion":"13","idAgrupacionTelegrama":"13","nombreAgrupacion":"MOVIMIENTO AL SOCIALISMO","votos":174,"votosPorcentaje":0.44,"listas":[{"idLista":"3017","nombreLista":"A- IZQUIERDA ANTICAPITALISTA","votos":174,"votosPorcentaje":100.0}]},{"idAgrupacion":"131","idAgrupacionTelegrama":"131","nombreAgrupacion":"FRENTE LIBER.AR","votos":145,"votosPorcentaje":0.37,"listas":[{"idLista":"3003","nombreLista":"B- RECONQUISTA","votos":75,"votosPorcentaje":51.72},{"idLista":"3002","nombreLista":"A- DEMOS","votos":69,"votosPorcentaje":47.58},{"idLista":"3004","nombreLista":"C- ANTICORRUPCIÓN","votos":1,"votosPorcentaje":0.68}]},{"idAgrupacion":"95","idAgrupacionTelegrama":"95","nombreAgrupacion":"FRENTE PATRIOTA FEDERAL","votos":132,"votosPorcentaje":0.33,"listas":[{"idLista":"3021","nombreLista":"A- PRIMERO LA PATRIA","votos":132,"votosPorcentaje":100.0}]},{"idAgrupacion":"94","idAgrupacionTelegrama":"94","nombreAgrupacion":"PROYECTO JOVEN","votos":89,"votosPorcentaje":0.22,"listas":[{"idLista":"3022","nombreLista":"A- COALICION PAZ DEMOCRACIA SOBERANIA","votos":47,"votosPorcentaje":52.8},{"idLista":"3024","nombreLista":"C- TODEX","votos":24,"votosPorcentaje":26.96},{"idLista":"3023","nombreLista":"B- PATRIA UNIDA","votos":18,"votosPorcentaje":20.22}]},{"idAgrupacion":"92","idAgrupacionTelegrama":"92","nombreAgrupacion":"POLITICA OBRERA","votos":85,"votosPorcentaje":0.21,"listas":[{"idLista":"3020","nombreLista":"A- UNIDAD OBRERA","votos":85,"votosPorcentaje":100.0}]},{"idAgrupacion":"57","idAgrupacionTelegrama":"57","nombreAgrupacion":"MOVIMIENTO DE ACCION VECINAL","votos":66,"votosPorcentaje":0.16,"listas":[{"idLista":"3025","nombreLista":"A- COMPROMISO VECINAL","votos":66,"votosPorcentaje":100.0}]},{"idAgrupacion":"20","idAgrupacionTelegrama":"20","nombreAgrupacion":"UNION DEL CENTRO DEMOCRATICO","votos":56,"votosPorcentaje":0.14,"listas":[{"idLista":"3018","nombreLista":"A- APERTURA LIBERAL ARGENTINA","votos":56,"votosPorcentaje":100.0}]}],"valoresTotalizadosOtros":{"votosNulos":321,"votosNulosPorcentaje":0.81,"votosEnBlanco":2408,"votosEnBlancoPorcentaje":6.08,"votosRecurridosComandoImpugnados":63,"votosRecurridosComandoImpugnadosPorcentaje":0.15}}