{"fechaTotalizacion":"Aug 14, 2023, 5:27:40 AM","estadoRecuento":{"mesasEsperadas":125,"mesasTotalizadas":122,"mesasTotalizadasPorcentaje":97.59,"cantidadElectores":42608,"cantidadVotantes":30388,"participacionPorcentaje":71.31},"valoresTotalizadosPositivos":[{"idAgrupacion":"134","idAgrupacionTelegrama":"134","nombreAgrupacion":"UNION POR LA PATRIA","votos":11478,"votosPorcentaje":38.2,"listas":[{"idLista":"3005","nombreLista":"A- CELESTE Y BLANCA","votos":8646,"votosPorcentaje":75.32},{"idLista":"3006","nombreLista":"B- JUSTA Y SOBERANA","votos":2832,"votosPorcentaje":24.67}]},{"idAgrupacion":"135","idAgrupacionTelegrama":"135","nombreAgrupacion":"LA LIBERTAD AVANZA","votos":7305,"votosPorcentaje":24.31,"listas":[{"idLista":"3016","nombreLista":"A- LIBERTAD POR SIEMPRE","votos":7305,"votosPorcentaje":100.0}]},{"idAgrupacion":"132","idAgrupacionTelegrama":"132","nombreAgrupacion":"JUNTOS POR EL CAMBIO","votos":6637,"votosPorcentaje":22.09,"listas":[{"idLista":"3008","nombreLista":"B- LA FUERZA DEL CAMBIO","votos":3509,"votosPorcentaje":52.87},{"idLista":"3007","nombreLista":"A- EL CAMBIO DE NUESTRAS VIDAS","votos":3128,"votosPorcentaje":47.12}]},{"idAgrupacion":"136","idAgrupacionTelegrama":"136","nombreAgrupacion":"FRENTE DE IZQUIERDA Y DE TRABAJADORES - UNIDAD","votos":1310,"votosPorcentaje":4.36,"listas":[{"idLista":"3009","nombreLista":"A- UNIR Y FORTALECER LA IZQUIERDA","votos":933,"votosPorcentaje":71.22},{"idLista":"3010","nombreLista":"B- UNIDAD DE LUCHADORES Y LA IZQUIERDA","votos":377,"votosPorcentaje":28.77}]},{"idAgrupacion":"133","idAgrupacionTelegrama":"133","nombreAgrupacion":"HACEMOS POR NUESTRO PAIS","votos":407,"votosPorcentaje":1.35,"listas":[{"idLista":"3001","nombreLista":"A- HACEMOS","votos":407,"votosPorcentaje":100.0}]},{"idAgrupacion":"137","idAgrupacionTelegrama":"137","nombreAgrupacion":"PRINCIPIOS Y VALORES","votos":340,"votosPorcentaje":1.13,"listas":[{"idLista":"3011","nombreLista":"1A- TIERRA, TECHO  Y TRABAJO","votos":340,"votosPorcentaje":100.0}]},{"idAgrupacion":"13","idAgrupacionTelegrama":"13","nombreAgrupacion":"MOVIMIENTO AL SOCIALISMO","votos":162,"votosPorcentaje":0.53,"listas":[{"idLista":"3017","nombreLista":"A- IZQUIERDA ANTICAPITALISTA","votos":162,"votosPorcentaje":100.0}]},{"idAgrupacion":"90","idAgrupacionTelegrama":"90","nombreAgrupacion":"MOVIMIENTO IZQUIERDA JUVENTUD Y DIGNIDAD","votos":157,"votosPorcentaje":0.52,"listas":[{"idLista":"3027","nombreLista":"B- CONFEDERAL","votos":111,"votosPorcentaje":70.7},{"idLista":"3026","nombreLista":"A- DIGNIDAD","votos":46,"votosPorcentaje":29.29}]},{"idAgrupacion":"40","idAgrupacionTelegrama":"40","nombreAgrupacion":"MOVIMIENTO LIBRES DEL SUR","votos":123,"votosPorcentaje":0.4,"listas":[{"idLista":"3019","nombreLista":"A- AZUL Y ROJO","votos":123,"votosPorcentaje":100.0}]},{"idAgrupacion":"95","idAgrupacionTelegrama":"95","nombreAgrupacion":"FRENTE PATRIOTA FEDERAL","votos":107,"votosPorcentaje":0.35,"listas":[{"idLista":"3021","nombreLista":"A- PRIMERO LA PATRIA","votos":107,"votosPorcentaje":100.0}]},{"idAgrupacion":"131","idAgrupacionTelegrama":"131","nombreAgrupacion":"FRENTE LIBER.AR","votos":91,"votosPorcentaje":0.3,"listas":[{"idLista":"3002","nombreLista":"A- DEMOS","votos":46,"votosPorcentaje":50.54},{"idLista":"3003","nombreLista":"B- RECONQUISTA","votos":44,"votosPorcentaje":48.35},{"idLista":"3004","nombreLista":"C- ANTICORRUPCIÓN","votos":1,"votosPorcentaje":1.09}]},{"idAgrupacion":"92","idAgrupacionTelegrama":"92","nombreAgrupacion":"POLITICA OBRERA","votos":89,"votosPorcentaje":0.29,"listas":[{"idLista":"3020","nombreLista":"A- UNIDAD OBRERA","votos":89,"votosPorcentaje":100.0}]},{"idAgrupacion":"57","idAgrupacionTelegrama":"57","nombreAgrupacion":"MOVIMIENTO DE ACCION VECINAL","votos":83,"votosPorcentaje":0.27,"listas":[{"idLista":"3025","nombreLista":"A- COMPROMISO VECINAL","votos":83,"votosPorcentaje":100.0}]},{"idAgrupacion":"94","idAgrupacionTelegrama":"94","nombreAgrupacion":"PROYECTO JOVEN","votos":80,"votosPorcentaje":0.26,"listas":[{"idLista":"3022","nombreLista":"A- COALICION PAZ DEMOCRACIA SOBERANIA","votos":42,"votosPorcentaje":52.5},{"idLista":"3024","nombreLista":"C- TODEX","votos":21,"votosPorcentaje":26.25},{"idLista":"3023","nombreLista":"B- PATRIA UNIDA","votos":17,"votosPorcentaje":21.25}]},{"idAgrupacion":"20","idAgrupacionTelegrama":"20","nombreAgrupacion":"UNION DEL CENTRO DEMOCRATICO","votos":42,"votosPorcentaje":0.13,"listas":[{"idLista":"3018","nombreLista":"A- APERTURA LIBERAL ARGENTINA","votos":42,"votosPorcentaje":100.0}]}],"valoresTotalizadosOtros":{"votosNulos":289,"votosNulosPorcentaje":0.95,"votosEnBlanco":1634,"votosEnBlancoPorcentaje":5.37,"votosRecurridosComandoImpugnados":54,"votosRecurridosComandoImpugnadosPorcentaje":0.17}}