{"fechaTotalizacion":"Aug 14, 2023, 5:27:40 AM","estadoRecuento":{"mesasEsperadas":57,"mesasTotalizadas":56,"mesasTotalizadasPorcentaje":98.24,"cantidadElectores":19349,"cantidadVotantes":14716,"participacionPorcentaje":76.05},"valoresTotalizadosPositivos":[{"idAgrupacion":"132","idAgrupacionTelegrama":"132","nombreAgrupacion":"JUNTOS POR EL CAMBIO","votos":6231,"votosPorcentaje":42.81,"listas":[{"idLista":"3008","nombreLista":"B- LA FUERZA DEL CAMBIO","votos":3672,"votosPorcentaje":58.93},{"idLista":"3007","nombreLista":"A- EL CAMBIO DE NUESTRAS VIDAS","votos":2559,"votosPorcentaje":41.06}]},{"idAgrupacion":"134","idAgrupacionTelegrama":"134","nombreAgrupacion":"UNION POR LA PATRIA","votos":3840,"votosPorcentaje":26.38,"listas":[{"idLista":"3005","nombreLista":"A- CELESTE Y BLANCA","votos":2634,"votosPorcentaje":68.59},{"idLista":"3006","nombreLista":"B- JUSTA Y SOBERANA","votos":1206,"votosPorcentaje":31.4}]},{"idAgrupacion":"135","idAgrupacionTelegrama":"135","nombreAgrupacion":"LA LIBERTAD AVANZA","votos":2674,"votosPorcentaje":18.37,"listas":[{"idLista":"3016","nombreLista":"A- LIBERTAD POR SIEMPRE","votos":2674,"votosPorcentaje":100.0}]},{"idAgrupacion":"136","idAgrupacionTelegrama":"136","nombreAgrupacion":"FRENTE DE IZQUIERDA Y DE TRABAJADORES - UNIDAD","votos":620,"votosPorcentaje":4.26,"listas":[{"idLista":"3009","nombreLista":"A- UNIR Y FORTALECER LA IZQUIERDA","votos":477,"votosPorcentaje":76.93},{"idLista":"3010","nombreLista":"B- UNIDAD DE LUCHADORES Y LA IZQUIERDA","votos":143,"votosPorcentaje":23.06}]},{"idAgrupacion":"137","idAgrupacionTelegrama":"137","nombreAgrupacion":"PRINCIPIOS Y VALORES","votos":203,"votosPorcentaje":1.39,"listas":[{"idLista":"3011","nombreLista":"1A- TIERRA, TECHO  Y TRABAJO","votos":203,"votosPorcentaje":100.0}]},{"idAgrupacion":"133","idAgrupacionTelegrama":"133","nombreAgrupacion":"HACEMOS POR NUESTRO PAIS","votos":181,"votosPorcentaje":1.24,"listas":[{"idLista":"3001","nombreLista":"A- HACEMOS","votos":181,"votosPorcentaje":100.0}]},{"idAgrupacion":"90","idAgrupacionTelegrama":"90","nombreAgrupacion":"MOVIMIENTO IZQUIERDA JUVENTUD Y DIGNIDAD","votos":64,"votosPorcentaje":0.43,"listas":[{"idLista":"3027","nombreLista":"B- CONFEDERAL","votos":56,"votosPorcentaje":87.5},{"idLista":"3026","nombreLista":"A- DIGNIDAD","votos":8,"votosPorcentaje":12.5}]},{"idAgrupacion":"13","idAgrupacionTelegrama":"13","nombreAgrupacion":"MOVIMIENTO AL SOCIALISMO","votos":62,"votosPorcentaje":0.42,"listas":[{"idLista":"3017","nombreLista":"A- IZQUIERDA ANTICAPITALISTA","votos":62,"votosPorcentaje":100.0}]},{"idAgrupacion":"40","idAgrupacionTelegrama":"40","nombreAgrupacion":"MOVIMIENTO LIBRES DEL SUR","votos":44,"votosPorcentaje":0.3,"listas":[{"idLista":"3019","nombreLista":"A- AZUL Y ROJO","votos":44,"votosPorcentaje":100.0}]},{"idAgrupacion":"94","idAgrupacionTelegrama":"94","nombreAgrupacion":"PROYECTO JOVEN","votos":29,"votosPorcentaje":0.19,"listas":[{"idLista":"3022","nombreLista":"A- COALICION PAZ DEMOCRACIA SOBERANIA","votos":20,"votosPorcentaje":68.96},{"idLista":"3023","nombreLista":"B- PATRIA UNIDA","votos":6,"votosPorcentaje":20.68},{"idLista":"3024","nombreLista":"C- TODEX","votos":3,"votosPorcentaje":10.34}]},{"idAgrupacion":"92","idAgrupacionTelegrama":"92","nombreAgrupacion":"POLITICA OBRERA","votos":23,"votosPorcentaje":0.15,"listas":[{"idLista":"3020","nombreLista":"A- UNIDAD OBRERA","votos":23,"votosPorcentaje":100.0}]},{"idAgrupacion":"131","idAgrupacionTelegrama":"131","nombreAgrupacion":"FRENTE LIBER.AR","votos":18,"votosPorcentaje":0.12,"listas":[{"idLista":"3002","nombreLista":"A- DEMOS","votos":9,"votosPorcentaje":50.0},{"idLista":"3003","nombreLista":"B- RECONQUISTA","votos":8,"votosPorcentaje":44.44},{"idLista":"3004","nombreLista":"C- ANTICORRUPCIÓN","votos":1,"votosPorcentaje":5.55}]},{"idAgrupacion":"95","idAgrupacionTelegrama":"95","nombreAgrupacion":"FRENTE PATRIOTA FEDERAL","votos":17,"votosPorcentaje":0.11,"listas":[{"idLista":"3021","nombreLista":"A- PRIMERO LA PATRIA","votos":17,"votosPorcentaje":100.0}]},{"idAgrupacion":"57","idAgrupacionTelegrama":"57","nombreAgrupacion":"MOVIMIENTO DE ACCION VECINAL","votos":16,"votosPorcentaje":0.1,"listas":[{"idLista":"3025","nombreLista":"A- COMPROMISO VECINAL","votos":16,"votosPorcentaje":100.0}]},{"idAgrupacion":"20","idAgrupacionTelegrama":"20","nombreAgrupacion":"UNION DEL CENTRO DEMOCRATICO","votos":8,"votosPorcentaje":0.05,"listas":[{"idLista":"3018","nombreLista":"A- APERTURA LIBERAL ARGENTINA","votos":8,"votosPorcentaje":100.0}]}],"valoresTotalizadosOtros":{"votosNulos":153,"votosNulosPorcentaje":1.03,"votosEnBlanco":522,"votosEnBlancoPorcentaje":3.54,"votosRecurridosComandoImpugnados":11,"votosRecurridosComandoImpugnadosPorcentaje":0.07}}