{"fechaTotalizacion":"Aug 14, 2023, 5:27:40 AM","estadoRecuento":{"mesasEsperadas":34,"mesasTotalizadas":33,"mesasTotalizadasPorcentaje":97.05,"cantidadElectores":11496,"cantidadVotantes":8737,"participacionPorcentaje":76.0},"valoresTotalizadosPositivos":[{"idAgrupacion":"132","idAgrupacionTelegrama":"132","nombreAgrupacion":"JUNTOS POR EL CAMBIO","votos":2833,"votosPorcentaje":32.88,"listas":[{"idLista":"3008","nombreLista":"B- LA FUERZA DEL CAMBIO","votos":1641,"votosPorcentaje":57.92},{"idLista":"3007","nombreLista":"A- EL CAMBIO DE NUESTRAS VIDAS","votos":1192,"votosPorcentaje":42.07}]},{"idAgrupacion":"134","idAgrupacionTelegrama":"134","nombreAgrupacion":"UNION POR LA PATRIA","votos":2358,"votosPorcentaje":27.37,"listas":[{"idLista":"3005","nombreLista":"A- CELESTE Y BLANCA","votos":1672,"votosPorcentaje":70.9},{"idLista":"3006","nombreLista":"B- JUSTA Y SOBERANA","votos":686,"votosPorcentaje":29.09}]},{"idAgrupacion":"135","idAgrupacionTelegrama":"135","nombreAgrupacion":"LA LIBERTAD AVANZA","votos":2182,"votosPorcentaje":25.33,"listas":[{"idLista":"3016","nombreLista":"A- LIBERTAD POR SIEMPRE","votos":2182,"votosPorcentaje":100.0}]},{"idAgrupacion":"136","idAgrupacionTelegrama":"136","nombreAgrupacion":"FRENTE DE IZQUIERDA Y DE TRABAJADORES - UNIDAD","votos":414,"votosPorcentaje":4.8,"listas":[{"idLista":"3009","nombreLista":"A- UNIR Y FORTALECER LA IZQUIERDA","votos":336,"votosPorcentaje":81.15},{"idLista":"3010","nombreLista":"B- UNIDAD DE LUCHADORES Y LA IZQUIERDA","votos":78,"votosPorcentaje":18.84}]},{"idAgrupacion":"133","idAgrupacionTelegrama":"133","nombreAgrupacion":"HACEMOS POR NUESTRO PAIS","votos":104,"votosPorcentaje":1.2,"listas":[{"idLista":"3001","nombreLista":"A- HACEMOS","votos":104,"votosPorcentaje":100.0}]},{"idAgrupacion":"137","idAgrupacionTelegrama":"137","nombreAgrupacion":"PRINCIPIOS Y VALORES","votos":69,"votosPorcentaje":0.8,"listas":[{"idLista":"3011","nombreLista":"1A- TIERRA, TECHO  Y TRABAJO","votos":69,"votosPorcentaje":100.0}]},{"idAgrupacion":"40","idAgrupacionTelegrama":"40","nombreAgrupacion":"MOVIMIENTO LIBRES DEL SUR","votos":49,"votosPorcentaje":0.56,"listas":[{"idLista":"3019","nombreLista":"A- AZUL Y ROJO","votos":49,"votosPorcentaje":100.0}]},{"idAgrupacion":"13","idAgrupacionTelegrama":"13","nombreAgrupacion":"MOVIMIENTO AL SOCIALISMO","votos":46,"votosPorcentaje":0.53,"listas":[{"idLista":"3017","nombreLista":"A- IZQUIERDA ANTICAPITALISTA","votos":46,"votosPorcentaje":100.0}]},{"idAgrupacion":"90","idAgrupacionTelegrama":"90","nombreAgrupacion":"MOVIMIENTO IZQUIERDA JUVENTUD Y DIGNIDAD","votos":44,"votosPorcentaje":0.51,"listas":[{"idLista":"3027","nombreLista":"B- CONFEDERAL","votos":38,"votosPorcentaje":86.36},{"idLista":"3026","nombreLista":"A- DIGNIDAD","votos":6,"votosPorcentaje":13.63}]},{"idAgrupacion":"94","idAgrupacionTelegrama":"94","nombreAgrupacion":"PROYECTO JOVEN","votos":27,"votosPorcentaje":0.31,"listas":[{"idLista":"3022","nombreLista":"A- COALICION PAZ DEMOCRACIA SOBERANIA","votos":17,"votosPorcentaje":62.96},{"idLista":"3024","nombreLista":"C- TODEX","votos":6,"votosPorcentaje":22.22},{"idLista":"3023","nombreLista":"B- PATRIA UNIDA","votos":4,"votosPorcentaje":14.81}]},{"idAgrupacion":"131","idAgrupacionTelegrama":"131","nombreAgrupacion":"FRENTE LIBER.AR","votos":24,"votosPorcentaje":0.27,"listas":[{"idLista":"3002","nombreLista":"A- DEMOS","votos":12,"votosPorcentaje":50.0},{"idLista":"3003","nombreLista":"B- RECONQUISTA","votos":11,"votosPorcentaje":45.83},{"idLista":"3004","nombreLista":"C- ANTICORRUPCIÓN","votos":1,"votosPorcentaje":4.16}]},{"idAgrupacion":"95","idAgrupacionTelegrama":"95","nombreAgrupacion":"FRENTE PATRIOTA FEDERAL","votos":22,"votosPorcentaje":0.25,"listas":[{"idLista":"3021","nombreLista":"A- PRIMERO LA PATRIA","votos":22,"votosPorcentaje":100.0}]},{"idAgrupacion":"92","idAgrupacionTelegrama":"92","nombreAgrupacion":"POLITICA OBRERA","votos":18,"votosPorcentaje":0.2,"listas":[{"idLista":"3020","nombreLista":"A- UNIDAD OBRERA","votos":18,"votosPorcentaje":100.0}]},{"idAgrupacion":"57","idAgrupacionTelegrama":"57","nombreAgrupacion":"MOVIMIENTO DE ACCION VECINAL","votos":13,"votosPorcentaje":0.15,"listas":[{"idLista":"3025","nombreLista":"A- COMPROMISO VECINAL","votos":13,"votosPorcentaje":100.0}]},{"idAgrupacion":"20","idAgrupacionTelegrama":"20","nombreAgrupacion":"UNION DEL CENTRO DEMOCRATICO","votos":6,"votosPorcentaje":0.06,"listas":[{"idLista":"3018","nombreLista":"A- APERTURA LIBERAL ARGENTINA","votos":6,"votosPorcentaje":100.0}]}],"valoresTotalizadosOtros":{"votosNulos":111,"votosNulosPorcentaje":1.27,"votosEnBlanco":405,"votosEnBlancoPorcentaje":4.63,"votosRecurridosComandoImpugnados":12,"votosRecurridosComandoImpugnadosPorcentaje":0.13}}