{"fechaTotalizacion":"Aug 14, 2023, 5:27:40 AM","estadoRecuento":{"mesasEsperadas":87,"mesasTotalizadas":85,"mesasTotalizadasPorcentaje":97.7,"cantidadElectores":29601,"cantidadVotantes":19332,"participacionPorcentaje":65.3},"valoresTotalizadosPositivos":[{"idAgrupacion":"134","idAgrupacionTelegrama":"134","nombreAgrupacion":"UNION POR LA PATRIA","votos":7923,"votosPorcentaje":41.18,"listas":[{"idLista":"3005","nombreLista":"A- CELESTE Y BLANCA","votos":6566,"votosPorcentaje":82.87},{"idLista":"3006","nombreLista":"B- JUSTA Y SOBERANA","votos":1357,"votosPorcentaje":17.12}]},{"idAgrupacion":"135","idAgrupacionTelegrama":"135","nombreAgrupacion":"LA LIBERTAD AVANZA","votos":5120,"votosPorcentaje":26.61,"listas":[{"idLista":"3016","nombreLista":"A- LIBERTAD POR SIEMPRE","votos":5120,"votosPorcentaje":100.0}]},{"idAgrupacion":"132","idAgrupacionTelegrama":"132","nombreAgrupacion":"JUNTOS POR EL CAMBIO","votos":2774,"votosPorcentaje":14.41,"listas":[{"idLista":"3007","nombreLista":"A- EL CAMBIO DE NUESTRAS VIDAS","votos":1639,"votosPorcentaje":59.08},{"idLista":"3008","nombreLista":"B- LA FUERZA DEL CAMBIO","votos":1135,"votosPorcentaje":40.91}]},{"idAgrupacion":"136","idAgrupacionTelegrama":"136","nombreAgrupacion":"FRENTE DE IZQUIERDA Y DE TRABAJADORES - UNIDAD","votos":745,"votosPorcentaje":3.87,"listas":[{"idLista":"3009","nombreLista":"A- UNIR Y FORTALECER LA IZQUIERDA","votos":485,"votosPorcentaje":65.1},{"idLista":"3010","nombreLista":"B- UNIDAD DE LUCHADORES Y LA IZQUIERDA","votos":260,"votosPorcentaje":34.89}]},{"idAgrupacion":"133","idAgrupacionTelegrama":"133","nombreAgrupacion":"HACEMOS POR NUESTRO PAIS","votos":186,"votosPorcentaje":0.96,"listas":[{"idLista":"3001","nombreLista":"A- HACEMOS","votos":186,"votosPorcentaje":100.0}]},{"idAgrupacion":"40","idAgrupacionTelegrama":"40","nombreAgrupacion":"MOVIMIENTO LIBRES DEL SUR","votos":136,"votosPorcentaje":0.7,"listas":[{"idLista":"3019","nombreLista":"A- AZUL Y ROJO","votos":136,"votosPorcentaje":100.0}]},{"idAgrupacion":"137","idAgrupacionTelegrama":"137","nombreAgrupacion":"PRINCIPIOS Y VALORES","votos":131,"votosPorcentaje":0.68,"listas":[{"idLista":"3011","nombreLista":"1A- TIERRA, TECHO  Y TRABAJO","votos":131,"votosPorcentaje":100.0}]},{"idAgrupacion":"131","idAgrupacionTelegrama":"131","nombreAgrupacion":"FRENTE LIBER.AR","votos":121,"votosPorcentaje":0.62,"listas":[{"idLista":"3003","nombreLista":"B- RECONQUISTA","votos":78,"votosPorcentaje":64.46},{"idLista":"3002","nombreLista":"A- DEMOS","votos":41,"votosPorcentaje":33.88},{"idLista":"3004","nombreLista":"C- ANTICORRUPCIÓN","votos":2,"votosPorcentaje":1.65}]},{"idAgrupacion":"90","idAgrupacionTelegrama":"90","nombreAgrupacion":"MOVIMIENTO IZQUIERDA JUVENTUD Y DIGNIDAD","votos":111,"votosPorcentaje":0.57,"listas":[{"idLista":"3027","nombreLista":"B- CONFEDERAL","votos":57,"votosPorcentaje":51.35},{"idLista":"3026","nombreLista":"A- DIGNIDAD","votos":54,"votosPorcentaje":48.64}]},{"idAgrupacion":"13","idAgrupacionTelegrama":"13","nombreAgrupacion":"MOVIMIENTO AL SOCIALISMO","votos":94,"votosPorcentaje":0.48,"listas":[{"idLista":"3017","nombreLista":"A- IZQUIERDA ANTICAPITALISTA","votos":94,"votosPorcentaje":100.0}]},{"idAgrupacion":"94","idAgrupacionTelegrama":"94","nombreAgrupacion":"PROYECTO JOVEN","votos":82,"votosPorcentaje":0.42,"listas":[{"idLista":"3023","nombreLista":"B- PATRIA UNIDA","votos":41,"votosPorcentaje":50.0},{"idLista":"3022","nombreLista":"A- COALICION PAZ DEMOCRACIA SOBERANIA","votos":22,"votosPorcentaje":26.82},{"idLista":"3024","nombreLista":"C- TODEX","votos":19,"votosPorcentaje":23.17}]},{"idAgrupacion":"95","idAgrupacionTelegrama":"95","nombreAgrupacion":"FRENTE PATRIOTA FEDERAL","votos":77,"votosPorcentaje":0.4,"listas":[{"idLista":"3021","nombreLista":"A- PRIMERO LA PATRIA","votos":77,"votosPorcentaje":100.0}]},{"idAgrupacion":"92","idAgrupacionTelegrama":"92","nombreAgrupacion":"POLITICA OBRERA","votos":60,"votosPorcentaje":0.31,"listas":[{"idLista":"3020","nombreLista":"A- UNIDAD OBRERA","votos":60,"votosPorcentaje":100.0}]},{"idAgrupacion":"20","idAgrupacionTelegrama":"20","nombreAgrupacion":"UNION DEL CENTRO DEMOCRATICO","votos":43,"votosPorcentaje":0.22,"listas":[{"idLista":"3018","nombreLista":"A- APERTURA LIBERAL ARGENTINA","votos":43,"votosPorcentaje":100.0}]},{"idAgrupacion":"57","idAgrupacionTelegrama":"57","nombreAgrupacion":"MOVIMIENTO DE ACCION VECINAL","votos":18,"votosPorcentaje":0.09,"listas":[{"idLista":"3025","nombreLista":"A- COMPROMISO VECINAL","votos":18,"votosPorcentaje":100.0}]}],"valoresTotalizadosOtros":{"votosNulos":84,"votosNulosPorcentaje":0.43,"votosEnBlanco":1618,"votosEnBlancoPorcentaje":8.36,"votosRecurridosComandoImpugnados":9,"votosRecurridosComandoImpugnadosPorcentaje":0.04}}