{"fechaTotalizacion":"Aug 14, 2023, 5:27:40 AM","estadoRecuento":{"mesasEsperadas":14,"mesasTotalizadas":14,"mesasTotalizadasPorcentaje":100.0,"cantidadElectores":4790,"cantidadVotantes":3126,"participacionPorcentaje":65.26},"valoresTotalizadosPositivos":[{"idAgrupacion":"134","idAgrupacionTelegrama":"134","nombreAgrupacion":"UNION POR LA PATRIA","votos":1224,"votosPorcentaje":39.28,"listas":[{"idLista":"3005","nombreLista":"A- CELESTE Y BLANCA","votos":969,"votosPorcentaje":79.16},{"idLista":"3006","nombreLista":"B- JUSTA Y SOBERANA","votos":255,"votosPorcentaje":20.83}]},{"idAgrupacion":"135","idAgrupacionTelegrama":"135","nombreAgrupacion":"LA LIBERTAD AVANZA","votos":941,"votosPorcentaje":30.19,"listas":[{"idLista":"3016","nombreLista":"A- LIBERTAD POR SIEMPRE","votos":941,"votosPorcentaje":100.0}]},{"idAgrupacion":"132","idAgrupacionTelegrama":"132","nombreAgrupacion":"JUNTOS POR EL CAMBIO","votos":449,"votosPorcentaje":14.4,"listas":[{"idLista":"3008","nombreLista":"B- LA FUERZA DEL CAMBIO","votos":243,"votosPorcentaje":54.12},{"idLista":"3007","nombreLista":"A- EL CAMBIO DE NUESTRAS VIDAS","votos":206,"votosPorcentaje":45.87}]},{"idAgrupacion":"136","idAgrupacionTelegrama":"136","nombreAgrupacion":"FRENTE DE IZQUIERDA Y DE TRABAJADORES - UNIDAD","votos":88,"votosPorcentaje":2.82,"listas":[{"idLista":"3009","nombreLista":"A- UNIR Y FORTALECER LA IZQUIERDA","votos":52,"votosPorcentaje":59.09},{"idLista":"3010","nombreLista":"B- UNIDAD DE LUCHADORES Y LA IZQUIERDA","votos":36,"votosPorcentaje":40.9}]},{"idAgrupacion":"137","idAgrupacionTelegrama":"137","nombreAgrupacion":"PRINCIPIOS Y VALORES","votos":35,"votosPorcentaje":1.12,"listas":[{"idLista":"3011","nombreLista":"1A- TIERRA, TECHO  Y TRABAJO","votos":35,"votosPorcentaje":100.0}]},{"idAgrupacion":"133","idAgrupacionTelegrama":"133","nombreAgrupacion":"HACEMOS POR NUESTRO PAIS","votos":31,"votosPorcentaje":0.99,"listas":[{"idLista":"3001","nombreLista":"A- HACEMOS","votos":31,"votosPorcentaje":100.0}]},{"idAgrupacion":"94","idAgrupacionTelegrama":"94","nombreAgrupacion":"PROYECTO JOVEN","votos":23,"votosPorcentaje":0.73,"listas":[{"idLista":"3023","nombreLista":"B- PATRIA UNIDA","votos":12,"votosPorcentaje":52.17},{"idLista":"3022","nombreLista":"A- COALICION PAZ DEMOCRACIA SOBERANIA","votos":6,"votosPorcentaje":26.08},{"idLista":"3024","nombreLista":"C- TODEX","votos":5,"votosPorcentaje":21.73}]},{"idAgrupacion":"40","idAgrupacionTelegrama":"40","nombreAgrupacion":"MOVIMIENTO LIBRES DEL SUR","votos":21,"votosPorcentaje":0.67,"listas":[{"idLista":"3019","nombreLista":"A- AZUL Y ROJO","votos":21,"votosPorcentaje":100.0}]},{"idAgrupacion":"95","idAgrupacionTelegrama":"95","nombreAgrupacion":"FRENTE PATRIOTA FEDERAL","votos":15,"votosPorcentaje":0.48,"listas":[{"idLista":"3021","nombreLista":"A- PRIMERO LA PATRIA","votos":15,"votosPorcentaje":100.0}]},{"idAgrupacion":"131","idAgrupacionTelegrama":"131","nombreAgrupacion":"FRENTE LIBER.AR","votos":9,"votosPorcentaje":0.28,"listas":[{"idLista":"3002","nombreLista":"A- DEMOS","votos":7,"votosPorcentaje":77.77},{"idLista":"3003","nombreLista":"B- RECONQUISTA","votos":2,"votosPorcentaje":22.22},{"idLista":"3004","nombreLista":"C- ANTICORRUPCIÓN","votos":0,"votosPorcentaje":0.0}]},{"idAgrupacion":"90","idAgrupacionTelegrama":"90","nombreAgrupacion":"MOVIMIENTO IZQUIERDA JUVENTUD Y DIGNIDAD","votos":9,"votosPorcentaje":0.28,"listas":[{"idLista":"3026","nombreLista":"A- DIGNIDAD","votos":5,"votosPorcentaje":55.55},{"idLista":"3027","nombreLista":"B- CONFEDERAL","votos":4,"votosPorcentaje":44.44}]},{"idAgrupacion":"13","idAgrupacionTelegrama":"13","nombreAgrupacion":"MOVIMIENTO AL SOCIALISMO","votos":5,"votosPorcentaje":0.16,"listas":[{"idLista":"3017","nombreLista":"A- IZQUIERDA ANTICAPITALISTA","votos":5,"votosPorcentaje":100.0}]},{"idAgrupacion":"92","idAgrupacionTelegrama":"92","nombreAgrupacion":"POLITICA OBRERA","votos":5,"votosPorcentaje":0.16,"listas":[{"idLista":"3020","nombreLista":"A- UNIDAD OBRERA","votos":5,"votosPorcentaje":100.0}]},{"idAgrupacion":"20","idAgrupacionTelegrama":"20","nombreAgrupacion":"UNION DEL CENTRO DEMOCRATICO","votos":5,"votosPorcentaje":0.16,"listas":[{"idLista":"3018","nombreLista":"A- APERTURA LIBERAL ARGENTINA","votos":5,"votosPorcentaje":100.0}]},{"idAgrupacion":"57","idAgrupacionTelegrama":"57","nombreAgrupacion":"MOVIMIENTO DE ACCION VECINAL","votos":2,"votosPorcentaje":0.06,"listas":[{"idLista":"3025","nombreLista":"A- COMPROMISO VECINAL","votos":2,"votosPorcentaje":100.0}]}],"valoresTotalizadosOtros":{"votosNulos":10,"votosNulosPorcentaje":0.31,"votosEnBlanco":254,"votosEnBlancoPorcentaje":8.12,"votosRecurridosComandoImpugnados":0,"votosRecurridosComandoImpugnadosPorcentaje":0.0}}