{"fechaTotalizacion":"Aug 14, 2023, 5:27:40 AM","estadoRecuento":{"mesasEsperadas":73,"mesasTotalizadas":72,"mesasTotalizadasPorcentaje":98.63,"cantidadElectores":24907,"cantidadVotantes":17155,"participacionPorcentaje":68.87},"valoresTotalizadosPositivos":[{"idAgrupacion":"134","idAgrupacionTelegrama":"134","nombreAgrupacion":"UNION POR LA PATRIA","votos":7400,"votosPorcentaje":43.66,"listas":[{"idLista":"3005","nombreLista":"A- CELESTE Y BLANCA","votos":5847,"votosPorcentaje":79.01},{"idLista":"3006","nombreLista":"B- JUSTA Y SOBERANA","votos":1553,"votosPorcentaje":20.98}]},{"idAgrupacion":"135","idAgrupacionTelegrama":"135","nombreAgrupacion":"LA LIBERTAD AVANZA","votos":4338,"votosPorcentaje":25.59,"listas":[{"idLista":"3016","nombreLista":"A- LIBERTAD POR SIEMPRE","votos":4338,"votosPorcentaje":100.0}]},{"idAgrupacion":"132","idAgrupacionTelegrama":"132","nombreAgrupacion":"JUNTOS POR EL CAMBIO","votos":2401,"votosPorcentaje":14.16,"listas":[{"idLista":"3007","nombreLista":"A- EL CAMBIO DE NUESTRAS VIDAS","votos":1266,"votosPorcentaje":52.72},{"idLista":"3008","nombreLista":"B- LA FUERZA DEL CAMBIO","votos":1135,"votosPorcentaje":47.27}]},{"idAgrupacion":"136","idAgrupacionTelegrama":"136","nombreAgrupacion":"FRENTE DE IZQUIERDA Y DE TRABAJADORES - UNIDAD","votos":688,"votosPorcentaje":4.05,"listas":[{"idLista":"3009","nombreLista":"A- UNIR Y FORTALECER LA IZQUIERDA","votos":505,"votosPorcentaje":73.4},{"idLista":"3010","nombreLista":"B- UNIDAD DE LUCHADORES Y LA IZQUIERDA","votos":183,"votosPorcentaje":26.59}]},{"idAgrupacion":"137","idAgrupacionTelegrama":"137","nombreAgrupacion":"PRINCIPIOS Y VALORES","votos":222,"votosPorcentaje":1.3,"listas":[{"idLista":"3011","nombreLista":"1A- TIERRA, TECHO  Y TRABAJO","votos":222,"votosPorcentaje":100.0}]},{"idAgrupacion":"133","idAgrupacionTelegrama":"133","nombreAgrupacion":"HACEMOS POR NUESTRO PAIS","votos":149,"votosPorcentaje":0.87,"listas":[{"idLista":"3001","nombreLista":"A- HACEMOS","votos":149,"votosPorcentaje":100.0}]},{"idAgrupacion":"40","idAgrupacionTelegrama":"40","nombreAgrupacion":"MOVIMIENTO LIBRES DEL SUR","votos":96,"votosPorcentaje":0.56,"listas":[{"idLista":"3019","nombreLista":"A- AZUL Y ROJO","votos":96,"votosPorcentaje":100.0}]},{"idAgrupacion":"90","idAgrupacionTelegrama":"90","nombreAgrupacion":"MOVIMIENTO IZQUIERDA JUVENTUD Y DIGNIDAD","votos":83,"votosPorcentaje":0.48,"listas":[{"idLista":"3027","nombreLista":"B- CONFEDERAL","votos":49,"votosPorcentaje":59.03},{"idLista":"3026","nombreLista":"A- DIGNIDAD","votos":34,"votosPorcentaje":40.96}]},{"idAgrupacion":"13","idAgrupacionTelegrama":"13","nombreAgrupacion":"MOVIMIENTO AL SOCIALISMO","votos":72,"votosPorcentaje":0.42,"listas":[{"idLista":"3017","nombreLista":"A- IZQUIERDA ANTICAPITALISTA","votos":72,"votosPorcentaje":100.0}]},{"idAgrupacion":"95","idAgrupacionTelegrama":"95","nombreAgrupacion":"FRENTE PATRIOTA FEDERAL","votos":63,"votosPorcentaje":0.37,"listas":[{"idLista":"3021","nombreLista":"A- PRIMERO LA PATRIA","votos":63,"votosPorcentaje":100.0}]},{"idAgrupacion":"94","idAgrupacionTelegrama":"94","nombreAgrupacion":"PROYECTO JOVEN","votos":61,"votosPorcentaje":0.35,"listas":[{"idLista":"3023","nombreLista":"B- PATRIA UNIDA","votos":29,"votosPorcentaje":47.54},{"idLista":"3022","nombreLista":"A- COALICION PAZ DEMOCRACIA SOBERANIA","votos":26,"votosPorcentaje":42.62},{"idLista":"3024","nombreLista":"C- TODEX","votos":6,"votosPorcentaje":9.83}]},{"idAgrupacion":"131","idAgrupacionTelegrama":"131","nombreAgrupacion":"FRENTE LIBER.AR","votos":57,"votosPorcentaje":0.33,"listas":[{"idLista":"3003","nombreLista":"B- RECONQUISTA","votos":40,"votosPorcentaje":70.17},{"idLista":"3002","nombreLista":"A- DEMOS","votos":16,"votosPorcentaje":28.07},{"idLista":"3004","nombreLista":"C- ANTICORRUPCIÓN","votos":1,"votosPorcentaje":1.75}]},{"idAgrupacion":"92","idAgrupacionTelegrama":"92","nombreAgrupacion":"POLITICA OBRERA","votos":41,"votosPorcentaje":0.24,"listas":[{"idLista":"3020","nombreLista":"A- UNIDAD OBRERA","votos":41,"votosPorcentaje":100.0}]},{"idAgrupacion":"20","idAgrupacionTelegrama":"20","nombreAgrupacion":"UNION DEL CENTRO DEMOCRATICO","votos":27,"votosPorcentaje":0.15,"listas":[{"idLista":"3018","nombreLista":"A- APERTURA LIBERAL ARGENTINA","votos":27,"votosPorcentaje":100.0}]},{"idAgrupacion":"57","idAgrupacionTelegrama":"57","nombreAgrupacion":"MOVIMIENTO DE ACCION VECINAL","votos":20,"votosPorcentaje":0.11,"listas":[{"idLista":"3025","nombreLista":"A- COMPROMISO VECINAL","votos":20,"votosPorcentaje":100.0}]}],"valoresTotalizadosOtros":{"votosNulos":161,"votosNulosPorcentaje":0.93,"votosEnBlanco":1231,"votosEnBlancoPorcentaje":7.17,"votosRecurridosComandoImpugnados":45,"votosRecurridosComandoImpugnadosPorcentaje":0.26}}