{"fechaTotalizacion":"Aug 14, 2023, 5:27:40 AM","estadoRecuento":{"mesasEsperadas":29,"mesasTotalizadas":29,"mesasTotalizadasPorcentaje":100.0,"cantidadElectores":9871,"cantidadVotantes":6687,"participacionPorcentaje":67.74},"valoresTotalizadosPositivos":[{"idAgrupacion":"134","idAgrupacionTelegrama":"134","nombreAgrupacion":"UNION POR LA PATRIA","votos":2660,"votosPorcentaje":40.05,"listas":[{"idLista":"3005","nombreLista":"A- CELESTE Y BLANCA","votos":2131,"votosPorcentaje":80.11},{"idLista":"3006","nombreLista":"B- JUSTA Y SOBERANA","votos":529,"votosPorcentaje":19.88}]},{"idAgrupacion":"135","idAgrupacionTelegrama":"135","nombreAgrupacion":"LA LIBERTAD AVANZA","votos":1959,"votosPorcentaje":29.49,"listas":[{"idLista":"3016","nombreLista":"A- LIBERTAD POR SIEMPRE","votos":1959,"votosPorcentaje":100.0}]},{"idAgrupacion":"132","idAgrupacionTelegrama":"132","nombreAgrupacion":"JUNTOS POR EL CAMBIO","votos":935,"votosPorcentaje":14.07,"listas":[{"idLista":"3007","nombreLista":"A- EL CAMBIO DE NUESTRAS VIDAS","votos":515,"votosPorcentaje":55.08},{"idLista":"3008","nombreLista":"B- LA FUERZA DEL CAMBIO","votos":420,"votosPorcentaje":44.91}]},{"idAgrupacion":"136","idAgrupacionTelegrama":"136","nombreAgrupacion":"FRENTE DE IZQUIERDA Y DE TRABAJADORES - UNIDAD","votos":211,"votosPorcentaje":3.17,"listas":[{"idLista":"3009","nombreLista":"A- UNIR Y FORTALECER LA IZQUIERDA","votos":161,"votosPorcentaje":76.3},{"idLista":"3010","nombreLista":"B- UNIDAD DE LUCHADORES Y LA IZQUIERDA","votos":50,"votosPorcentaje":23.69}]},{"idAgrupacion":"137","idAgrupacionTelegrama":"137","nombreAgrupacion":"PRINCIPIOS Y VALORES","votos":106,"votosPorcentaje":1.59,"listas":[{"idLista":"3011","nombreLista":"1A- TIERRA, TECHO  Y TRABAJO","votos":106,"votosPorcentaje":100.0}]},{"idAgrupacion":"133","idAgrupacionTelegrama":"133","nombreAgrupacion":"HACEMOS POR NUESTRO PAIS","votos":60,"votosPorcentaje":0.9,"listas":[{"idLista":"3001","nombreLista":"A- HACEMOS","votos":60,"votosPorcentaje":100.0}]},{"idAgrupacion":"40","idAgrupacionTelegrama":"40","nombreAgrupacion":"MOVIMIENTO LIBRES DEL SUR","votos":32,"votosPorcentaje":0.48,"listas":[{"idLista":"3019","nombreLista":"A- AZUL Y ROJO","votos":32,"votosPorcentaje":100.0}]},{"idAgrupacion":"95","idAgrupacionTelegrama":"95","nombreAgrupacion":"FRENTE PATRIOTA FEDERAL","votos":29,"votosPorcentaje":0.43,"listas":[{"idLista":"3021","nombreLista":"A- PRIMERO LA PATRIA","votos":29,"votosPorcentaje":100.0}]},{"idAgrupacion":"94","idAgrupacionTelegrama":"94","nombreAgrupacion":"PROYECTO JOVEN","votos":29,"votosPorcentaje":0.43,"listas":[{"idLista":"3023","nombreLista":"B- PATRIA UNIDA","votos":13,"votosPorcentaje":44.82},{"idLista":"3022","nombreLista":"A- COALICION PAZ DEMOCRACIA SOBERANIA","votos":10,"votosPorcentaje":34.48},{"idLista":"3024","nombreLista":"C- TODEX","votos":6,"votosPorcentaje":20.68}]},{"idAgrupacion":"131","idAgrupacionTelegrama":"131","nombreAgrupacion":"FRENTE LIBER.AR","votos":28,"votosPorcentaje":0.42,"listas":[{"idLista":"3003","nombreLista":"B- RECONQUISTA","votos":17,"votosPorcentaje":60.71},{"idLista":"3002","nombreLista":"A- DEMOS","votos":11,"votosPorcentaje":39.28},{"idLista":"3004","nombreLista":"C- ANTICORRUPCIÓN","votos":0,"votosPorcentaje":0.0}]},{"idAgrupacion":"13","idAgrupacionTelegrama":"13","nombreAgrupacion":"MOVIMIENTO AL SOCIALISMO","votos":24,"votosPorcentaje":0.36,"listas":[{"idLista":"3017","nombreLista":"A- IZQUIERDA ANTICAPITALISTA","votos":24,"votosPorcentaje":100.0}]},{"idAgrupacion":"90","idAgrupacionTelegrama":"90","nombreAgrupacion":"MOVIMIENTO IZQUIERDA JUVENTUD Y DIGNIDAD","votos":20,"votosPorcentaje":0.3,"listas":[{"idLista":"3027","nombreLista":"B- CONFEDERAL","votos":12,"votosPorcentaje":60.0},{"idLista":"3026","nombreLista":"A- DIGNIDAD","votos":8,"votosPorcentaje":40.0}]},{"idAgrupacion":"92","idAgrupacionTelegrama":"92","nombreAgrupacion":"POLITICA OBRERA","votos":16,"votosPorcentaje":0.24,"listas":[{"idLista":"3020","nombreLista":"A- UNIDAD OBRERA","votos":16,"votosPorcentaje":100.0}]},{"idAgrupacion":"57","idAgrupacionTelegrama":"57","nombreAgrupacion":"MOVIMIENTO DE ACCION VECINAL","votos":10,"votosPorcentaje":0.15,"listas":[{"idLista":"3025","nombreLista":"A- COMPROMISO VECINAL","votos":10,"votosPorcentaje":100.0}]},{"idAgrupacion":"20","idAgrupacionTelegrama":"20","nombreAgrupacion":"UNION DEL CENTRO DEMOCRATICO","votos":6,"votosPorcentaje":0.09,"listas":[{"idLista":"3018","nombreLista":"A- APERTURA LIBERAL ARGENTINA","votos":6,"votosPorcentaje":100.0}]}],"valoresTotalizadosOtros":{"votosNulos":12,"votosNulosPorcentaje":0.17,"votosEnBlanco":516,"votosEnBlancoPorcentaje":7.71,"votosRecurridosComandoImpugnados":34,"votosRecurridosComandoImpugnadosPorcentaje":0.5}}