{"fechaTotalizacion":"Aug 14, 2023, 5:27:40 AM","estadoRecuento":{"mesasEsperadas":129,"mesasTotalizadas":125,"mesasTotalizadasPorcentaje":96.89,"cantidadElectores":43624,"cantidadVotantes":27944,"participacionPorcentaje":64.05},"valoresTotalizadosPositivos":[{"idAgrupacion":"134","idAgrupacionTelegrama":"134","nombreAgrupacion":"UNION POR LA PATRIA","votos":12631,"votosPorcentaje":45.52,"listas":[{"idLista":"3005","nombreLista":"A- CELESTE Y BLANCA","votos":10279,"votosPorcentaje":81.37},{"idLista":"3006","nombreLista":"B- JUSTA Y SOBERANA","votos":2352,"votosPorcentaje":18.62}]},{"idAgrupacion":"135","idAgrupacionTelegrama":"135","nombreAgrupacion":"LA LIBERTAD AVANZA","votos":6882,"votosPorcentaje":24.8,"listas":[{"idLista":"3016","nombreLista":"A- LIBERTAD POR SIEMPRE","votos":6882,"votosPorcentaje":100.0}]},{"idAgrupacion":"132","idAgrupacionTelegrama":"132","nombreAgrupacion":"JUNTOS POR EL CAMBIO","votos":3476,"votosPorcentaje":12.52,"listas":[{"idLista":"3007","nombreLista":"A- EL CAMBIO DE NUESTRAS VIDAS","votos":1942,"votosPorcentaje":55.86},{"idLista":"3008","nombreLista":"B- LA FUERZA DEL CAMBIO","votos":1534,"votosPorcentaje":44.13}]},{"idAgrupacion":"136","idAgrupacionTelegrama":"136","nombreAgrupacion":"FRENTE DE IZQUIERDA Y DE TRABAJADORES - UNIDAD","votos":1005,"votosPorcentaje":3.62,"listas":[{"idLista":"3009","nombreLista":"A- UNIR Y FORTALECER LA IZQUIERDA","votos":653,"votosPorcentaje":64.97},{"idLista":"3010","nombreLista":"B- UNIDAD DE LUCHADORES Y LA IZQUIERDA","votos":352,"votosPorcentaje":35.02}]},{"idAgrupacion":"133","idAgrupacionTelegrama":"133","nombreAgrupacion":"HACEMOS POR NUESTRO PAIS","votos":276,"votosPorcentaje":0.99,"listas":[{"idLista":"3001","nombreLista":"A- HACEMOS","votos":276,"votosPorcentaje":100.0}]},{"idAgrupacion":"137","idAgrupacionTelegrama":"137","nombreAgrupacion":"PRINCIPIOS Y VALORES","votos":258,"votosPorcentaje":0.92,"listas":[{"idLista":"3011","nombreLista":"1A- TIERRA, TECHO  Y TRABAJO","votos":258,"votosPorcentaje":100.0}]},{"idAgrupacion":"40","idAgrupacionTelegrama":"40","nombreAgrupacion":"MOVIMIENTO LIBRES DEL SUR","votos":223,"votosPorcentaje":0.8,"listas":[{"idLista":"3019","nombreLista":"A- AZUL Y ROJO","votos":223,"votosPorcentaje":100.0}]},{"idAgrupacion":"13","idAgrupacionTelegrama":"13","nombreAgrupacion":"MOVIMIENTO AL SOCIALISMO","votos":120,"votosPorcentaje":0.43,"listas":[{"idLista":"3017","nombreLista":"A- IZQUIERDA ANTICAPITALISTA","votos":120,"votosPorcentaje":100.0}]},{"idAgrupacion":"131","idAgrupacionTelegrama":"131","nombreAgrupacion":"FRENTE LIBER.AR","votos":112,"votosPorcentaje":0.4,"listas":[{"idLista":"3003","nombreLista":"B- RECONQUISTA","votos":78,"votosPorcentaje":69.64},{"idLista":"3002","nombreLista":"A- DEMOS","votos":29,"votosPorcentaje":25.89},{"idLista":"3004","nombreLista":"C- ANTICORRUPCIÓN","votos":5,"votosPorcentaje":4.46}]},{"idAgrupacion":"90","idAgrupacionTelegrama":"90","nombreAgrupacion":"MOVIMIENTO IZQUIERDA JUVENTUD Y DIGNIDAD","votos":100,"votosPorcentaje":0.36,"listas":[{"idLista":"3027","nombreLista":"B- CONFEDERAL","votos":58,"votosPorcentaje":57.99},{"idLista":"3026","nombreLista":"A- DIGNIDAD","votos":42,"votosPorcentaje":42.0}]},{"idAgrupacion":"94","idAgrupacionTelegrama":"94","nombreAgrupacion":"PROYECTO JOVEN","votos":92,"votosPorcentaje":0.33,"listas":[{"idLista":"3023","nombreLista":"B- PATRIA UNIDA","votos":44,"votosPorcentaje":47.82},{"idLista":"3022","nombreLista":"A- COALICION PAZ DEMOCRACIA SOBERANIA","votos":36,"votosPorcentaje":39.13},{"idLista":"3024","nombreLista":"C- TODEX","votos":12,"votosPorcentaje":13.04}]},{"idAgrupacion":"95","idAgrupacionTelegrama":"95","nombreAgrupacion":"FRENTE PATRIOTA FEDERAL","votos":87,"votosPorcentaje":0.31,"listas":[{"idLista":"3021","nombreLista":"A- PRIMERO LA PATRIA","votos":87,"votosPorcentaje":100.0}]},{"idAgrupacion":"92","idAgrupacionTelegrama":"92","nombreAgrupacion":"POLITICA OBRERA","votos":72,"votosPorcentaje":0.25,"listas":[{"idLista":"3020","nombreLista":"A- UNIDAD OBRERA","votos":72,"votosPorcentaje":100.0}]},{"idAgrupacion":"20","idAgrupacionTelegrama":"20","nombreAgrupacion":"UNION DEL CENTRO DEMOCRATICO","votos":49,"votosPorcentaje":0.17,"listas":[{"idLista":"3018","nombreLista":"A- APERTURA LIBERAL ARGENTINA","votos":49,"votosPorcentaje":100.0}]},{"idAgrupacion":"57","idAgrupacionTelegrama":"57","nombreAgrupacion":"MOVIMIENTO DE ACCION VECINAL","votos":31,"votosPorcentaje":0.11,"listas":[{"idLista":"3025","nombreLista":"A- COMPROMISO VECINAL","votos":31,"votosPorcentaje":100.0}]}],"valoresTotalizadosOtros":{"votosNulos":175,"votosNulosPorcentaje":0.62,"votosEnBlanco":2331,"votosEnBlancoPorcentaje":8.34,"votosRecurridosComandoImpugnados":24,"votosRecurridosComandoImpugnadosPorcentaje":0.08}}