{"fechaTotalizacion":"Aug 14, 2023, 5:27:40 AM","estadoRecuento":{"mesasEsperadas":55,"mesasTotalizadas":54,"mesasTotalizadasPorcentaje":98.18,"cantidadElectores":18587,"cantidadVotantes":13299,"participacionPorcentaje":71.55},"valoresTotalizadosPositivos":[{"idAgrupacion":"134","idAgrupacionTelegrama":"134","nombreAgrupacion":"UNION POR LA PATRIA","votos":5474,"votosPorcentaje":41.38,"listas":[{"idLista":"3005","nombreLista":"A- CELESTE Y BLANCA","votos":4355,"votosPorcentaje":79.55},{"idLista":"3006","nombreLista":"B- JUSTA Y SOBERANA","votos":1119,"votosPorcentaje":20.44}]},{"idAgrupacion":"135","idAgrupacionTelegrama":"135","nombreAgrupacion":"LA LIBERTAD AVANZA","votos":3246,"votosPorcentaje":24.54,"listas":[{"idLista":"3016","nombreLista":"A- LIBERTAD POR SIEMPRE","votos":3246,"votosPorcentaje":100.0}]},{"idAgrupacion":"132","idAgrupacionTelegrama":"132","nombreAgrupacion":"JUNTOS POR EL CAMBIO","votos":2185,"votosPorcentaje":16.51,"listas":[{"idLista":"3007","nombreLista":"A- EL CAMBIO DE NUESTRAS VIDAS","votos":1159,"votosPorcentaje":53.04},{"idLista":"3008","nombreLista":"B- LA FUERZA DEL CAMBIO","votos":1026,"votosPorcentaje":46.95}]},{"idAgrupacion":"136","idAgrupacionTelegrama":"136","nombreAgrupacion":"FRENTE DE IZQUIERDA Y DE TRABAJADORES - UNIDAD","votos":558,"votosPorcentaje":4.21,"listas":[{"idLista":"3009","nombreLista":"A- UNIR Y FORTALECER LA IZQUIERDA","votos":365,"votosPorcentaje":65.41},{"idLista":"3010","nombreLista":"B- UNIDAD DE LUCHADORES Y LA IZQUIERDA","votos":193,"votosPorcentaje":34.58}]},{"idAgrupacion":"137","idAgrupacionTelegrama":"137","nombreAgrupacion":"PRINCIPIOS Y VALORES","votos":141,"votosPorcentaje":1.06,"listas":[{"idLista":"3011","nombreLista":"1A- TIERRA, TECHO  Y TRABAJO","votos":141,"votosPorcentaje":100.0}]},{"idAgrupacion":"133","idAgrupacionTelegrama":"133","nombreAgrupacion":"HACEMOS POR NUESTRO PAIS","votos":137,"votosPorcentaje":1.03,"listas":[{"idLista":"3001","nombreLista":"A- HACEMOS","votos":137,"votosPorcentaje":100.0}]},{"idAgrupacion":"40","idAgrupacionTelegrama":"40","nombreAgrupacion":"MOVIMIENTO LIBRES DEL SUR","votos":87,"votosPorcentaje":0.65,"listas":[{"idLista":"3019","nombreLista":"A- AZUL Y ROJO","votos":87,"votosPorcentaje":100.0}]},{"idAgrupacion":"90","idAgrupacionTelegrama":"90","nombreAgrupacion":"MOVIMIENTO IZQUIERDA JUVENTUD Y DIGNIDAD","votos":68,"votosPorcentaje":0.51,"listas":[{"idLista":"3027","nombreLista":"B- CONFEDERAL","votos":38,"votosPorcentaje":55.88},{"idLista":"3026","nombreLista":"A- DIGNIDAD","votos":30,"votosPorcentaje":44.11}]},{"idAgrupacion":"131","idAgrupacionTelegrama":"131","nombreAgrupacion":"FRENTE LIBER.AR","votos":65,"votosPorcentaje":0.49,"listas":[{"idLista":"3003","nombreLista":"B- RECONQUISTA","votos":36,"votosPorcentaje":55.38},{"idLista":"3002","nombreLista":"A- DEMOS","votos":27,"votosPorcentaje":41.53},{"idLista":"3004","nombreLista":"C- ANTICORRUPCIÓN","votos":2,"votosPorcentaje":3.07}]},{"idAgrupacion":"94","idAgrupacionTelegrama":"94","nombreAgrupacion":"PROYECTO JOVEN","votos":59,"votosPorcentaje":0.44,"listas":[{"idLista":"3023","nombreLista":"B- PATRIA UNIDA","votos":36,"votosPorcentaje":61.01},{"idLista":"3022","nombreLista":"A- COALICION PAZ DEMOCRACIA SOBERANIA","votos":14,"votosPorcentaje":23.72},{"idLista":"3024","nombreLista":"C- TODEX","votos":9,"votosPorcentaje":15.25}]},{"idAgrupacion":"13","idAgrupacionTelegrama":"13","nombreAgrupacion":"MOVIMIENTO AL SOCIALISMO","votos":56,"votosPorcentaje":0.42,"listas":[{"idLista":"3017","nombreLista":"A- IZQUIERDA ANTICAPITALISTA","votos":56,"votosPorcentaje":100.0}]},{"idAgrupacion":"95","idAgrupacionTelegrama":"95","nombreAgrupacion":"FRENTE PATRIOTA FEDERAL","votos":54,"votosPorcentaje":0.4,"listas":[{"idLista":"3021","nombreLista":"A- PRIMERO LA PATRIA","votos":54,"votosPorcentaje":100.0}]},{"idAgrupacion":"92","idAgrupacionTelegrama":"92","nombreAgrupacion":"POLITICA OBRERA","votos":53,"votosPorcentaje":0.4,"listas":[{"idLista":"3020","nombreLista":"A- UNIDAD OBRERA","votos":53,"votosPorcentaje":100.0}]},{"idAgrupacion":"20","idAgrupacionTelegrama":"20","nombreAgrupacion":"UNION DEL CENTRO DEMOCRATICO","votos":15,"votosPorcentaje":0.11,"listas":[{"idLista":"3018","nombreLista":"A- APERTURA LIBERAL ARGENTINA","votos":15,"votosPorcentaje":100.0}]},{"idAgrupacion":"57","idAgrupacionTelegrama":"57","nombreAgrupacion":"MOVIMIENTO DE ACCION VECINAL","votos":7,"votosPorcentaje":0.05,"listas":[{"idLista":"3025","nombreLista":"A- COMPROMISO VECINAL","votos":7,"votosPorcentaje":100.0}]}],"valoresTotalizadosOtros":{"votosNulos":26,"votosNulosPorcentaje":0.19,"votosEnBlanco":1022,"votosEnBlancoPorcentaje":7.68,"votosRecurridosComandoImpugnados":46,"votosRecurridosComandoImpugnadosPorcentaje":0.34}}