{"fechaTotalizacion":"Aug 14, 2023, 5:27:40 AM","estadoRecuento":{"mesasEsperadas":97,"mesasTotalizadas":93,"mesasTotalizadasPorcentaje":95.87,"cantidadElectores":32443,"cantidadVotantes":22737,"participacionPorcentaje":70.08},"valoresTotalizadosPositivos":[{"idAgrupacion":"134","idAgrupacionTelegrama":"134","nombreAgrupacion":"UNION POR LA PATRIA","votos":8528,"votosPorcentaje":37.89,"listas":[{"idLista":"3005","nombreLista":"A- CELESTE Y BLANCA","votos":6696,"votosPorcentaje":78.51},{"idLista":"3006","nombreLista":"B- JUSTA Y SOBERANA","votos":1832,"votosPorcentaje":21.48}]},{"idAgrupacion":"135","idAgrupacionTelegrama":"135","nombreAgrupacion":"LA LIBERTAD AVANZA","votos":6129,"votosPorcentaje":27.23,"listas":[{"idLista":"3016","nombreLista":"A- LIBERTAD POR SIEMPRE","votos":6129,"votosPorcentaje":100.0}]},{"idAgrupacion":"132","idAgrupacionTelegrama":"132","nombreAgrupacion":"JUNTOS POR EL CAMBIO","votos":4054,"votosPorcentaje":18.01,"listas":[{"idLista":"3008","nombreLista":"B- LA FUERZA DEL CAMBIO","votos":2080,"votosPorcentaje":51.3},{"idLista":"3007","nombreLista":"A- EL CAMBIO DE NUESTRAS VIDAS","votos":1974,"votosPorcentaje":48.69}]},{"idAgrupacion":"136","idAgrupacionTelegrama":"136","nombreAgrupacion":"FRENTE DE IZQUIERDA Y DE TRABAJADORES - UNIDAD","votos":1024,"votosPorcentaje":4.55,"listas":[{"idLista":"3009","nombreLista":"A- UNIR Y FORTALECER LA IZQUIERDA","votos":687,"votosPorcentaje":67.08},{"idLista":"3010","nombreLista":"B- UNIDAD DE LUCHADORES Y LA IZQUIERDA","votos":337,"votosPorcentaje":32.91}]},{"idAgrupacion":"137","idAgrupacionTelegrama":"137","nombreAgrupacion":"PRINCIPIOS Y VALORES","votos":312,"votosPorcentaje":1.38,"listas":[{"idLista":"3011","nombreLista":"1A- TIERRA, TECHO  Y TRABAJO","votos":312,"votosPorcentaje":100.0}]},{"idAgrupacion":"133","idAgrupacionTelegrama":"133","nombreAgrupacion":"HACEMOS POR NUESTRO PAIS","votos":260,"votosPorcentaje":1.15,"listas":[{"idLista":"3001","nombreLista":"A- HACEMOS","votos":260,"votosPorcentaje":100.0}]},{"idAgrupacion":"13","idAgrupacionTelegrama":"13","nombreAgrupacion":"MOVIMIENTO AL SOCIALISMO","votos":109,"votosPorcentaje":0.48,"listas":[{"idLista":"3017","nombreLista":"A- IZQUIERDA ANTICAPITALISTA","votos":109,"votosPorcentaje":100.0}]},{"idAgrupacion":"90","idAgrupacionTelegrama":"90","nombreAgrupacion":"MOVIMIENTO IZQUIERDA JUVENTUD Y DIGNIDAD","votos":108,"votosPorcentaje":0.47,"listas":[{"idLista":"3027","nombreLista":"B- CONFEDERAL","votos":71,"votosPorcentaje":65.74},{"idLista":"3026","nombreLista":"A- DIGNIDAD","votos":37,"votosPorcentaje":34.25}]},{"idAgrupacion":"40","idAgrupacionTelegrama":"40","nombreAgrupacion":"MOVIMIENTO LIBRES DEL SUR","votos":98,"votosPorcentaje":0.43,"listas":[{"idLista":"3019","nombreLista":"A- AZUL Y ROJO","votos":98,"votosPorcentaje":100.0}]},{"idAgrupacion":"94","idAgrupacionTelegrama":"94","nombreAgrupacion":"PROYECTO JOVEN","votos":79,"votosPorcentaje":0.35,"listas":[{"idLista":"3022","nombreLista":"A- COALICION PAZ DEMOCRACIA SOBERANIA","votos":35,"votosPorcentaje":44.3},{"idLista":"3023","nombreLista":"B- PATRIA UNIDA","votos":29,"votosPorcentaje":36.7},{"idLista":"3024","nombreLista":"C- TODEX","votos":15,"votosPorcentaje":18.98}]},{"idAgrupacion":"92","idAgrupacionTelegrama":"92","nombreAgrupacion":"POLITICA OBRERA","votos":76,"votosPorcentaje":0.33,"listas":[{"idLista":"3020","nombreLista":"A- UNIDAD OBRERA","votos":76,"votosPorcentaje":100.0}]},{"idAgrupacion":"131","idAgrupacionTelegrama":"131","nombreAgrupacion":"FRENTE LIBER.AR","votos":68,"votosPorcentaje":0.3,"listas":[{"idLista":"3003","nombreLista":"B- RECONQUISTA","votos":46,"votosPorcentaje":67.64},{"idLista":"3002","nombreLista":"A- DEMOS","votos":18,"votosPorcentaje":26.47},{"idLista":"3004","nombreLista":"C- ANTICORRUPCIÓN","votos":4,"votosPorcentaje":5.88}]},{"idAgrupacion":"95","idAgrupacionTelegrama":"95","nombreAgrupacion":"FRENTE PATRIOTA FEDERAL","votos":60,"votosPorcentaje":0.26,"listas":[{"idLista":"3021","nombreLista":"A- PRIMERO LA PATRIA","votos":60,"votosPorcentaje":100.0}]},{"idAgrupacion":"20","idAgrupacionTelegrama":"20","nombreAgrupacion":"UNION DEL CENTRO DEMOCRATICO","votos":36,"votosPorcentaje":0.15,"listas":[{"idLista":"3018","nombreLista":"A- APERTURA LIBERAL ARGENTINA","votos":36,"votosPorcentaje":100.0}]},{"idAgrupacion":"57","idAgrupacionTelegrama":"57","nombreAgrupacion":"MOVIMIENTO DE ACCION VECINAL","votos":15,"votosPorcentaje":0.06,"listas":[{"idLista":"3025","nombreLista":"A- COMPROMISO VECINAL","votos":15,"votosPorcentaje":100.0}]}],"valoresTotalizadosOtros":{"votosNulos":206,"votosNulosPorcentaje":0.9,"votosEnBlanco":1547,"votosEnBlancoPorcentaje":6.8,"votosRecurridosComandoImpugnados":28,"votosRecurridosComandoImpugnadosPorcentaje":0.12}}