{"fechaTotalizacion":"Aug 14, 2023, 5:27:40 AM","estadoRecuento":{"mesasEsperadas":316,"mesasTotalizadas":297,"mesasTotalizadasPorcentaje":93.98,"cantidadElectores":103933,"cantidadVotantes":71046,"participacionPorcentaje":68.35},"valoresTotalizadosPositivos":[{"idAgrupacion":"134","idAgrupacionTelegrama":"134","nombreAgrupacion":"UNION POR LA PATRIA","votos":27211,"votosPorcentaje":38.56,"listas":[{"idLista":"3005","nombreLista":"A- CELESTE Y BLANCA","votos":21524,"votosPorcentaje":79.1},{"idLista":"3006","nombreLista":"B- JUSTA Y SOBERANA","votos":5687,"votosPorcentaje":20.89}]},{"idAgrupacion":"135","idAgrupacionTelegrama":"135","nombreAgrupacion":"LA LIBERTAD AVANZA","votos":17723,"votosPorcentaje":25.11,"listas":[{"idLista":"3016","nombreLista":"A- LIBERTAD POR SIEMPRE","votos":17723,"votosPorcentaje":100.0}]},{"idAgrupacion":"132","idAgrupacionTelegrama":"132","nombreAgrupacion":"JUNTOS POR EL CAMBIO","votos":15036,"votosPorcentaje":21.3,"listas":[{"idLista":"3008","nombreLista":"B- LA FUERZA DEL CAMBIO","votos":7744,"votosPorcentaje":51.5},{"idLista":"3007","nombreLista":"A- EL CAMBIO DE NUESTRAS VIDAS","votos":7292,"votosPorcentaje":48.49}]},{"idAgrupacion":"136","idAgrupacionTelegrama":"136","nombreAgrupacion":"FRENTE DE IZQUIERDA Y DE TRABAJADORES - UNIDAD","votos":2895,"votosPorcentaje":4.1,"listas":[{"idLista":"3009","nombreLista":"A- UNIR Y FORTALECER LA IZQUIERDA","votos":2122,"votosPorcentaje":73.29},{"idLista":"3010","nombreLista":"B- UNIDAD DE LUCHADORES Y LA IZQUIERDA","votos":773,"votosPorcentaje":26.7}]},{"idAgrupacion":"137","idAgrupacionTelegrama":"137","nombreAgrupacion":"PRINCIPIOS Y VALORES","votos":799,"votosPorcentaje":1.13,"listas":[{"idLista":"3011","nombreLista":"1A- TIERRA, TECHO  Y TRABAJO","votos":799,"votosPorcentaje":100.0}]},{"idAgrupacion":"133","idAgrupacionTelegrama":"133","nombreAgrupacion":"HACEMOS POR NUESTRO PAIS","votos":762,"votosPorcentaje":1.07,"listas":[{"idLista":"3001","nombreLista":"A- HACEMOS","votos":762,"votosPorcentaje":100.0}]},{"idAgrupacion":"40","idAgrupacionTelegrama":"40","nombreAgrupacion":"MOVIMIENTO LIBRES DEL SUR","votos":349,"votosPorcentaje":0.49,"listas":[{"idLista":"3019","nombreLista":"A- AZUL Y ROJO","votos":349,"votosPorcentaje":100.0}]},{"idAgrupacion":"13","idAgrupacionTelegrama":"13","nombreAgrupacion":"MOVIMIENTO AL SOCIALISMO","votos":345,"votosPorcentaje":0.48,"listas":[{"idLista":"3017","nombreLista":"A- IZQUIERDA ANTICAPITALISTA","votos":345,"votosPorcentaje":100.0}]},{"idAgrupacion":"90","idAgrupacionTelegrama":"90","nombreAgrupacion":"MOVIMIENTO IZQUIERDA JUVENTUD Y DIGNIDAD","votos":291,"votosPorcentaje":0.41,"listas":[{"idLista":"3027","nombreLista":"B- CONFEDERAL","votos":192,"votosPorcentaje":65.97},{"idLista":"3026","nombreLista":"A- DIGNIDAD","votos":99,"votosPorcentaje":34.02}]},{"idAgrupacion":"94","idAgrupacionTelegrama":"94","nombreAgrupacion":"PROYECTO JOVEN","votos":227,"votosPorcentaje":0.32,"listas":[{"idLista":"3023","nombreLista":"B- PATRIA UNIDA","votos":92,"votosPorcentaje":40.52},{"idLista":"3022","nombreLista":"A- COALICION PAZ DEMOCRACIA SOBERANIA","votos":76,"votosPorcentaje":33.48},{"idLista":"3024","nombreLista":"C- TODEX","votos":59,"votosPorcentaje":25.99}]},{"idAgrupacion":"131","idAgrupacionTelegrama":"131","nombreAgrupacion":"FRENTE LIBER.AR","votos":210,"votosPorcentaje":0.29,"listas":[{"idLista":"3003","nombreLista":"B- RECONQUISTA","votos":126,"votosPorcentaje":60.0},{"idLista":"3002","nombreLista":"A- DEMOS","votos":78,"votosPorcentaje":37.14},{"idLista":"3004","nombreLista":"C- ANTICORRUPCIÓN","votos":6,"votosPorcentaje":2.85}]},{"idAgrupacion":"92","idAgrupacionTelegrama":"92","nombreAgrupacion":"POLITICA OBRERA","votos":189,"votosPorcentaje":0.26,"listas":[{"idLista":"3020","nombreLista":"A- UNIDAD OBRERA","votos":189,"votosPorcentaje":100.0}]},{"idAgrupacion":"95","idAgrupacionTelegrama":"95","nombreAgrupacion":"FRENTE PATRIOTA FEDERAL","votos":158,"votosPorcentaje":0.22,"listas":[{"idLista":"3021","nombreLista":"A- PRIMERO LA PATRIA","votos":158,"votosPorcentaje":100.0}]},{"idAgrupacion":"20","idAgrupacionTelegrama":"20","nombreAgrupacion":"UNION DEL CENTRO DEMOCRATICO","votos":84,"votosPorcentaje":0.11,"listas":[{"idLista":"3018","nombreLista":"A- APERTURA LIBERAL ARGENTINA","votos":84,"votosPorcentaje":100.0}]},{"idAgrupacion":"57","idAgrupacionTelegrama":"57","nombreAgrupacion":"MOVIMIENTO DE ACCION VECINAL","votos":33,"votosPorcentaje":0.04,"listas":[{"idLista":"3025","nombreLista":"A- COMPROMISO VECINAL","votos":33,"votosPorcentaje":100.0}]}],"valoresTotalizadosOtros":{"votosNulos":379,"votosNulosPorcentaje":0.53,"votosEnBlanco":4253,"votosEnBlancoPorcentaje":5.98,"votosRecurridosComandoImpugnados":102,"votosRecurridosComandoImpugnadosPorcentaje":0.14}}