{"fechaTotalizacion":"Aug 14, 2023, 5:27:40 AM","estadoRecuento":{"mesasEsperadas":144,"mesasTotalizadas":141,"mesasTotalizadasPorcentaje":97.91,"cantidadElectores":49206,"cantidadVotantes":32025,"participacionPorcentaje":65.08},"valoresTotalizadosPositivos":[{"idAgrupacion":"134","idAgrupacionTelegrama":"134","nombreAgrupacion":"UNION POR LA PATRIA","votos":13198,"votosPorcentaje":41.51,"listas":[{"idLista":"3005","nombreLista":"A- CELESTE Y BLANCA","votos":10585,"votosPorcentaje":80.2},{"idLista":"3006","nombreLista":"B- JUSTA Y SOBERANA","votos":2613,"votosPorcentaje":19.79}]},{"idAgrupacion":"135","idAgrupacionTelegrama":"135","nombreAgrupacion":"LA LIBERTAD AVANZA","votos":7935,"votosPorcentaje":24.95,"listas":[{"idLista":"3016","nombreLista":"A- LIBERTAD POR SIEMPRE","votos":7935,"votosPorcentaje":100.0}]},{"idAgrupacion":"132","idAgrupacionTelegrama":"132","nombreAgrupacion":"JUNTOS POR EL CAMBIO","votos":4878,"votosPorcentaje":15.34,"listas":[{"idLista":"3007","nombreLista":"A- EL CAMBIO DE NUESTRAS VIDAS","votos":2687,"votosPorcentaje":55.08},{"idLista":"3008","nombreLista":"B- LA FUERZA DEL CAMBIO","votos":2191,"votosPorcentaje":44.91}]},{"idAgrupacion":"136","idAgrupacionTelegrama":"136","nombreAgrupacion":"FRENTE DE IZQUIERDA Y DE TRABAJADORES - UNIDAD","votos":1277,"votosPorcentaje":4.01,"listas":[{"idLista":"3009","nombreLista":"A- UNIR Y FORTALECER LA IZQUIERDA","votos":878,"votosPorcentaje":68.75},{"idLista":"3010","nombreLista":"B- UNIDAD DE LUCHADORES Y LA IZQUIERDA","votos":399,"votosPorcentaje":31.24}]},{"idAgrupacion":"137","idAgrupacionTelegrama":"137","nombreAgrupacion":"PRINCIPIOS Y VALORES","votos":353,"votosPorcentaje":1.11,"listas":[{"idLista":"3011","nombreLista":"1A- TIERRA, TECHO  Y TRABAJO","votos":353,"votosPorcentaje":100.0}]},{"idAgrupacion":"133","idAgrupacionTelegrama":"133","nombreAgrupacion":"HACEMOS POR NUESTRO PAIS","votos":297,"votosPorcentaje":0.93,"listas":[{"idLista":"3001","nombreLista":"A- HACEMOS","votos":297,"votosPorcentaje":100.0}]},{"idAgrupacion":"90","idAgrupacionTelegrama":"90","nombreAgrupacion":"MOVIMIENTO IZQUIERDA JUVENTUD Y DIGNIDAD","votos":182,"votosPorcentaje":0.57,"listas":[{"idLista":"3027","nombreLista":"B- CONFEDERAL","votos":110,"votosPorcentaje":60.43},{"idLista":"3026","nombreLista":"A- DIGNIDAD","votos":72,"votosPorcentaje":39.56}]},{"idAgrupacion":"131","idAgrupacionTelegrama":"131","nombreAgrupacion":"FRENTE LIBER.AR","votos":174,"votosPorcentaje":0.54,"listas":[{"idLista":"3003","nombreLista":"B- RECONQUISTA","votos":107,"votosPorcentaje":61.49},{"idLista":"3002","nombreLista":"A- DEMOS","votos":62,"votosPorcentaje":35.63},{"idLista":"3004","nombreLista":"C- ANTICORRUPCIÓN","votos":5,"votosPorcentaje":2.87}]},{"idAgrupacion":"40","idAgrupacionTelegrama":"40","nombreAgrupacion":"MOVIMIENTO LIBRES DEL SUR","votos":156,"votosPorcentaje":0.49,"listas":[{"idLista":"3019","nombreLista":"A- AZUL Y ROJO","votos":156,"votosPorcentaje":100.0}]},{"idAgrupacion":"94","idAgrupacionTelegrama":"94","nombreAgrupacion":"PROYECTO JOVEN","votos":129,"votosPorcentaje":0.4,"listas":[{"idLista":"3023","nombreLista":"B- PATRIA UNIDA","votos":58,"votosPorcentaje":44.96},{"idLista":"3022","nombreLista":"A- COALICION PAZ DEMOCRACIA SOBERANIA","votos":55,"votosPorcentaje":42.63},{"idLista":"3024","nombreLista":"C- TODEX","votos":16,"votosPorcentaje":12.4}]},{"idAgrupacion":"13","idAgrupacionTelegrama":"13","nombreAgrupacion":"MOVIMIENTO AL SOCIALISMO","votos":126,"votosPorcentaje":0.39,"listas":[{"idLista":"3017","nombreLista":"A- IZQUIERDA ANTICAPITALISTA","votos":126,"votosPorcentaje":100.0}]},{"idAgrupacion":"95","idAgrupacionTelegrama":"95","nombreAgrupacion":"FRENTE PATRIOTA FEDERAL","votos":123,"votosPorcentaje":0.38,"listas":[{"idLista":"3021","nombreLista":"A- PRIMERO LA PATRIA","votos":123,"votosPorcentaje":100.0}]},{"idAgrupacion":"92","idAgrupacionTelegrama":"92","nombreAgrupacion":"POLITICA OBRERA","votos":88,"votosPorcentaje":0.27,"listas":[{"idLista":"3020","nombreLista":"A- UNIDAD OBRERA","votos":88,"votosPorcentaje":100.0}]},{"idAgrupacion":"20","idAgrupacionTelegrama":"20","nombreAgrupacion":"UNION DEL CENTRO DEMOCRATICO","votos":50,"votosPorcentaje":0.15,"listas":[{"idLista":"3018","nombreLista":"A- APERTURA LIBERAL ARGENTINA","votos":50,"votosPorcentaje":100.0}]},{"idAgrupacion":"57","idAgrupacionTelegrama":"57","nombreAgrupacion":"MOVIMIENTO DE ACCION VECINAL","votos":41,"votosPorcentaje":0.12,"listas":[{"idLista":"3025","nombreLista":"A- COMPROMISO VECINAL","votos":41,"votosPorcentaje":100.0}]}],"valoresTotalizadosOtros":{"votosNulos":143,"votosNulosPorcentaje":0.44,"votosEnBlanco":2784,"votosEnBlancoPorcentaje":8.69,"votosRecurridosComandoImpugnados":91,"votosRecurridosComandoImpugnadosPorcentaje":0.28}}