{"fechaTotalizacion":"Aug 14, 2023, 5:27:40 AM","estadoRecuento":{"mesasEsperadas":96,"mesasTotalizadas":94,"mesasTotalizadasPorcentaje":97.91,"cantidadElectores":32909,"cantidadVotantes":23341,"participacionPorcentaje":70.92},"valoresTotalizadosPositivos":[{"idAgrupacion":"134","idAgrupacionTelegrama":"134","nombreAgrupacion":"UNION POR LA PATRIA","votos":7299,"votosPorcentaje":31.7,"listas":[{"idLista":"3005","nombreLista":"A- CELESTE Y BLANCA","votos":5264,"votosPorcentaje":72.11},{"idLista":"3006","nombreLista":"B- JUSTA Y SOBERANA","votos":2035,"votosPorcentaje":27.88}]},{"idAgrupacion":"132","idAgrupacionTelegrama":"132","nombreAgrupacion":"JUNTOS POR EL CAMBIO","votos":6928,"votosPorcentaje":30.09,"listas":[{"idLista":"3008","nombreLista":"B- LA FUERZA DEL CAMBIO","votos":3884,"votosPorcentaje":56.06},{"idLista":"3007","nombreLista":"A- EL CAMBIO DE NUESTRAS VIDAS","votos":3044,"votosPorcentaje":43.93}]},{"idAgrupacion":"135","idAgrupacionTelegrama":"135","nombreAgrupacion":"LA LIBERTAD AVANZA","votos":5459,"votosPorcentaje":23.71,"listas":[{"idLista":"3016","nombreLista":"A- LIBERTAD POR SIEMPRE","votos":5459,"votosPorcentaje":100.0}]},{"idAgrupacion":"136","idAgrupacionTelegrama":"136","nombreAgrupacion":"FRENTE DE IZQUIERDA Y DE TRABAJADORES - UNIDAD","votos":1009,"votosPorcentaje":4.38,"listas":[{"idLista":"3009","nombreLista":"A- UNIR Y FORTALECER LA IZQUIERDA","votos":733,"votosPorcentaje":72.64},{"idLista":"3010","nombreLista":"B- UNIDAD DE LUCHADORES Y LA IZQUIERDA","votos":276,"votosPorcentaje":27.35}]},{"idAgrupacion":"133","idAgrupacionTelegrama":"133","nombreAgrupacion":"HACEMOS POR NUESTRO PAIS","votos":307,"votosPorcentaje":1.33,"listas":[{"idLista":"3001","nombreLista":"A- HACEMOS","votos":307,"votosPorcentaje":100.0}]},{"idAgrupacion":"137","idAgrupacionTelegrama":"137","nombreAgrupacion":"PRINCIPIOS Y VALORES","votos":293,"votosPorcentaje":1.27,"listas":[{"idLista":"3011","nombreLista":"1A- TIERRA, TECHO  Y TRABAJO","votos":293,"votosPorcentaje":100.0}]},{"idAgrupacion":"90","idAgrupacionTelegrama":"90","nombreAgrupacion":"MOVIMIENTO IZQUIERDA JUVENTUD Y DIGNIDAD","votos":114,"votosPorcentaje":0.49,"listas":[{"idLista":"3027","nombreLista":"B- CONFEDERAL","votos":76,"votosPorcentaje":66.66},{"idLista":"3026","nombreLista":"A- DIGNIDAD","votos":38,"votosPorcentaje":33.33}]},{"idAgrupacion":"13","idAgrupacionTelegrama":"13","nombreAgrupacion":"MOVIMIENTO AL SOCIALISMO","votos":113,"votosPorcentaje":0.49,"listas":[{"idLista":"3017","nombreLista":"A- IZQUIERDA ANTICAPITALISTA","votos":113,"votosPorcentaje":100.0}]},{"idAgrupacion":"40","idAgrupacionTelegrama":"40","nombreAgrupacion":"MOVIMIENTO LIBRES DEL SUR","votos":99,"votosPorcentaje":0.43,"listas":[{"idLista":"3019","nombreLista":"A- AZUL Y ROJO","votos":99,"votosPorcentaje":100.0}]},{"idAgrupacion":"95","idAgrupacionTelegrama":"95","nombreAgrupacion":"FRENTE PATRIOTA FEDERAL","votos":57,"votosPorcentaje":0.24,"listas":[{"idLista":"3021","nombreLista":"A- PRIMERO LA PATRIA","votos":57,"votosPorcentaje":100.0}]},{"idAgrupacion":"92","idAgrupacionTelegrama":"92","nombreAgrupacion":"POLITICA OBRERA","votos":54,"votosPorcentaje":0.23,"listas":[{"idLista":"3020","nombreLista":"A- UNIDAD OBRERA","votos":54,"votosPorcentaje":100.0}]},{"idAgrupacion":"57","idAgrupacionTelegrama":"57","nombreAgrupacion":"MOVIMIENTO DE ACCION VECINAL","votos":38,"votosPorcentaje":0.16,"listas":[{"idLista":"3025","nombreLista":"A- COMPROMISO VECINAL","votos":38,"votosPorcentaje":100.0}]},{"idAgrupacion":"94","idAgrupacionTelegrama":"94","nombreAgrupacion":"PROYECTO JOVEN","votos":32,"votosPorcentaje":0.13,"listas":[{"idLista":"3023","nombreLista":"B- PATRIA UNIDA","votos":20,"votosPorcentaje":62.5},{"idLista":"3024","nombreLista":"C- TODEX","votos":9,"votosPorcentaje":28.12},{"idLista":"3022","nombreLista":"A- COALICION PAZ DEMOCRACIA SOBERANIA","votos":3,"votosPorcentaje":9.37}]},{"idAgrupacion":"131","idAgrupacionTelegrama":"131","nombreAgrupacion":"FRENTE LIBER.AR","votos":22,"votosPorcentaje":0.09,"listas":[{"idLista":"3003","nombreLista":"B- RECONQUISTA","votos":11,"votosPorcentaje":50.0},{"idLista":"3002","nombreLista":"A- DEMOS","votos":10,"votosPorcentaje":45.45},{"idLista":"3004","nombreLista":"C- ANTICORRUPCIÓN","votos":1,"votosPorcentaje":4.54}]},{"idAgrupacion":"20","idAgrupacionTelegrama":"20","nombreAgrupacion":"UNION DEL CENTRO DEMOCRATICO","votos":12,"votosPorcentaje":0.05,"listas":[{"idLista":"3018","nombreLista":"A- APERTURA LIBERAL ARGENTINA","votos":12,"votosPorcentaje":100.0}]}],"valoresTotalizadosOtros":{"votosNulos":273,"votosNulosPorcentaje":1.16,"votosEnBlanco":1185,"votosEnBlancoPorcentaje":5.07,"votosRecurridosComandoImpugnados":47,"votosRecurridosComandoImpugnadosPorcentaje":0.2}}