{"fechaTotalizacion":"Aug 14, 2023, 5:27:40 AM","estadoRecuento":{"mesasEsperadas":108,"mesasTotalizadas":101,"mesasTotalizadasPorcentaje":93.51,"cantidadElectores":35105,"cantidadVotantes":24363,"participacionPorcentaje":69.4},"valoresTotalizadosPositivos":[{"idAgrupacion":"134","idAgrupacionTelegrama":"134","nombreAgrupacion":"UNION POR LA PATRIA","votos":8743,"votosPorcentaje":35.99,"listas":[{"idLista":"3005","nombreLista":"A- CELESTE Y BLANCA","votos":6343,"votosPorcentaje":72.54},{"idLista":"3006","nombreLista":"B- JUSTA Y SOBERANA","votos":2400,"votosPorcentaje":27.45}]},{"idAgrupacion":"135","idAgrupacionTelegrama":"135","nombreAgrupacion":"LA LIBERTAD AVANZA","votos":6209,"votosPorcentaje":25.55,"listas":[{"idLista":"3016","nombreLista":"A- LIBERTAD POR SIEMPRE","votos":6209,"votosPorcentaje":100.0}]},{"idAgrupacion":"132","idAgrupacionTelegrama":"132","nombreAgrupacion":"JUNTOS POR EL CAMBIO","votos":4908,"votosPorcentaje":20.2,"listas":[{"idLista":"3008","nombreLista":"B- LA FUERZA DEL CAMBIO","votos":2543,"votosPorcentaje":51.81},{"idLista":"3007","nombreLista":"A- EL CAMBIO DE NUESTRAS VIDAS","votos":2365,"votosPorcentaje":48.18}]},{"idAgrupacion":"136","idAgrupacionTelegrama":"136","nombreAgrupacion":"FRENTE DE IZQUIERDA Y DE TRABAJADORES - UNIDAD","votos":1045,"votosPorcentaje":4.3,"listas":[{"idLista":"3009","nombreLista":"A- UNIR Y FORTALECER LA IZQUIERDA","votos":724,"votosPorcentaje":69.28},{"idLista":"3010","nombreLista":"B- UNIDAD DE LUCHADORES Y LA IZQUIERDA","votos":321,"votosPorcentaje":30.71}]},{"idAgrupacion":"133","idAgrupacionTelegrama":"133","nombreAgrupacion":"HACEMOS POR NUESTRO PAIS","votos":281,"votosPorcentaje":1.15,"listas":[{"idLista":"3001","nombreLista":"A- HACEMOS","votos":281,"votosPorcentaje":100.0}]},{"idAgrupacion":"137","idAgrupacionTelegrama":"137","nombreAgrupacion":"PRINCIPIOS Y VALORES","votos":248,"votosPorcentaje":1.02,"listas":[{"idLista":"3011","nombreLista":"1A- TIERRA, TECHO  Y TRABAJO","votos":248,"votosPorcentaje":100.0}]},{"idAgrupacion":"40","idAgrupacionTelegrama":"40","nombreAgrupacion":"MOVIMIENTO LIBRES DEL SUR","votos":206,"votosPorcentaje":0.84,"listas":[{"idLista":"3019","nombreLista":"A- AZUL Y ROJO","votos":206,"votosPorcentaje":100.0}]},{"idAgrupacion":"94","idAgrupacionTelegrama":"94","nombreAgrupacion":"PROYECTO JOVEN","votos":119,"votosPorcentaje":0.48,"listas":[{"idLista":"3022","nombreLista":"A- COALICION PAZ DEMOCRACIA SOBERANIA","votos":59,"votosPorcentaje":49.57},{"idLista":"3023","nombreLista":"B- PATRIA UNIDA","votos":33,"votosPorcentaje":27.73},{"idLista":"3024","nombreLista":"C- TODEX","votos":27,"votosPorcentaje":22.68}]},{"idAgrupacion":"13","idAgrupacionTelegrama":"13","nombreAgrupacion":"MOVIMIENTO AL SOCIALISMO","votos":117,"votosPorcentaje":0.48,"listas":[{"idLista":"3017","nombreLista":"A- IZQUIERDA ANTICAPITALISTA","votos":117,"votosPorcentaje":100.0}]},{"idAgrupacion":"90","idAgrupacionTelegrama":"90","nombreAgrupacion":"MOVIMIENTO IZQUIERDA JUVENTUD Y DIGNIDAD","votos":109,"votosPorcentaje":0.44,"listas":[{"idLista":"3027","nombreLista":"B- CONFEDERAL","votos":73,"votosPorcentaje":66.97},{"idLista":"3026","nombreLista":"A- DIGNIDAD","votos":36,"votosPorcentaje":33.02}]},{"idAgrupacion":"92","idAgrupacionTelegrama":"92","nombreAgrupacion":"POLITICA OBRERA","votos":96,"votosPorcentaje":0.39,"listas":[{"idLista":"3020","nombreLista":"A- UNIDAD OBRERA","votos":96,"votosPorcentaje":100.0}]},{"idAgrupacion":"131","idAgrupacionTelegrama":"131","nombreAgrupacion":"FRENTE LIBER.AR","votos":86,"votosPorcentaje":0.35,"listas":[{"idLista":"3003","nombreLista":"B- RECONQUISTA","votos":60,"votosPorcentaje":69.76},{"idLista":"3002","nombreLista":"A- DEMOS","votos":26,"votosPorcentaje":30.23},{"idLista":"3004","nombreLista":"C- ANTICORRUPCIÓN","votos":0,"votosPorcentaje":0.0}]},{"idAgrupacion":"95","idAgrupacionTelegrama":"95","nombreAgrupacion":"FRENTE PATRIOTA FEDERAL","votos":84,"votosPorcentaje":0.34,"listas":[{"idLista":"3021","nombreLista":"A- PRIMERO LA PATRIA","votos":84,"votosPorcentaje":100.0}]},{"idAgrupacion":"57","idAgrupacionTelegrama":"57","nombreAgrupacion":"MOVIMIENTO DE ACCION VECINAL","votos":70,"votosPorcentaje":0.28,"listas":[{"idLista":"3025","nombreLista":"A- COMPROMISO VECINAL","votos":70,"votosPorcentaje":100.0}]},{"idAgrupacion":"20","idAgrupacionTelegrama":"20","nombreAgrupacion":"UNION DEL CENTRO DEMOCRATICO","votos":34,"votosPorcentaje":0.13,"listas":[{"idLista":"3018","nombreLista":"A- APERTURA LIBERAL ARGENTINA","votos":34,"votosPorcentaje":100.0}]}],"valoresTotalizadosOtros":{"votosNulos":66,"votosNulosPorcentaje":0.27,"votosEnBlanco":1937,"votosEnBlancoPorcentaje":7.95,"votosRecurridosComandoImpugnados":5,"votosRecurridosComandoImpugnadosPorcentaje":0.02}}