{"fechaTotalizacion":"Aug 14, 2023, 5:27:40 AM","estadoRecuento":{"mesasEsperadas":273,"mesasTotalizadas":267,"mesasTotalizadasPorcentaje":97.8,"cantidadElectores":93122,"cantidadVotantes":64456,"participacionPorcentaje":69.21},"valoresTotalizadosPositivos":[{"idAgrupacion":"134","idAgrupacionTelegrama":"134","nombreAgrupacion":"UNION POR LA PATRIA","votos":23761,"votosPorcentaje":37.38,"listas":[{"idLista":"3005","nombreLista":"A- CELESTE Y BLANCA","votos":17302,"votosPorcentaje":72.81},{"idLista":"3006","nombreLista":"B- JUSTA Y SOBERANA","votos":6459,"votosPorcentaje":27.18}]},{"idAgrupacion":"135","idAgrupacionTelegrama":"135","nombreAgrupacion":"LA LIBERTAD AVANZA","votos":15946,"votosPorcentaje":25.08,"listas":[{"idLista":"3016","nombreLista":"A- LIBERTAD POR SIEMPRE","votos":15946,"votosPorcentaje":100.0}]},{"idAgrupacion":"132","idAgrupacionTelegrama":"132","nombreAgrupacion":"JUNTOS POR EL CAMBIO","votos":13499,"votosPorcentaje":21.23,"listas":[{"idLista":"3008","nombreLista":"B- LA FUERZA DEL CAMBIO","votos":7039,"votosPorcentaje":52.14},{"idLista":"3007","nombreLista":"A- EL CAMBIO DE NUESTRAS VIDAS","votos":6460,"votosPorcentaje":47.85}]},{"idAgrupacion":"136","idAgrupacionTelegrama":"136","nombreAgrupacion":"FRENTE DE IZQUIERDA Y DE TRABAJADORES - UNIDAD","votos":2929,"votosPorcentaje":4.6,"listas":[{"idLista":"3009","nombreLista":"A- UNIR Y FORTALECER LA IZQUIERDA","votos":2125,"votosPorcentaje":72.55},{"idLista":"3010","nombreLista":"B- UNIDAD DE LUCHADORES Y LA IZQUIERDA","votos":804,"votosPorcentaje":27.44}]},{"idAgrupacion":"137","idAgrupacionTelegrama":"137","nombreAgrupacion":"PRINCIPIOS Y VALORES","votos":801,"votosPorcentaje":1.26,"listas":[{"idLista":"3011","nombreLista":"1A- TIERRA, TECHO  Y TRABAJO","votos":801,"votosPorcentaje":100.0}]},{"idAgrupacion":"133","idAgrupacionTelegrama":"133","nombreAgrupacion":"HACEMOS POR NUESTRO PAIS","votos":760,"votosPorcentaje":1.19,"listas":[{"idLista":"3001","nombreLista":"A- HACEMOS","votos":760,"votosPorcentaje":100.0}]},{"idAgrupacion":"13","idAgrupacionTelegrama":"13","nombreAgrupacion":"MOVIMIENTO AL SOCIALISMO","votos":331,"votosPorcentaje":0.52,"listas":[{"idLista":"3017","nombreLista":"A- IZQUIERDA ANTICAPITALISTA","votos":331,"votosPorcentaje":100.0}]},{"idAgrupacion":"40","idAgrupacionTelegrama":"40","nombreAgrupacion":"MOVIMIENTO LIBRES DEL SUR","votos":296,"votosPorcentaje":0.46,"listas":[{"idLista":"3019","nombreLista":"A- AZUL Y ROJO","votos":296,"votosPorcentaje":100.0}]},{"idAgrupacion":"90","idAgrupacionTelegrama":"90","nombreAgrupacion":"MOVIMIENTO IZQUIERDA JUVENTUD Y DIGNIDAD","votos":268,"votosPorcentaje":0.42,"listas":[{"idLista":"3027","nombreLista":"B- CONFEDERAL","votos":178,"votosPorcentaje":66.41},{"idLista":"3026","nombreLista":"A- DIGNIDAD","votos":90,"votosPorcentaje":33.58}]},{"idAgrupacion":"94","idAgrupacionTelegrama":"94","nombreAgrupacion":"PROYECTO JOVEN","votos":256,"votosPorcentaje":0.4,"listas":[{"idLista":"3023","nombreLista":"B- PATRIA UNIDA","votos":179,"votosPorcentaje":69.92},{"idLista":"3024","nombreLista":"C- TODEX","votos":65,"votosPorcentaje":25.39},{"idLista":"3022","nombreLista":"A- COALICION PAZ DEMOCRACIA SOBERANIA","votos":12,"votosPorcentaje":4.68}]},{"idAgrupacion":"95","idAgrupacionTelegrama":"95","nombreAgrupacion":"FRENTE PATRIOTA FEDERAL","votos":192,"votosPorcentaje":0.3,"listas":[{"idLista":"3021","nombreLista":"A- PRIMERO LA PATRIA","votos":192,"votosPorcentaje":100.0}]},{"idAgrupacion":"131","idAgrupacionTelegrama":"131","nombreAgrupacion":"FRENTE LIBER.AR","votos":159,"votosPorcentaje":0.25,"listas":[{"idLista":"3003","nombreLista":"B- RECONQUISTA","votos":83,"votosPorcentaje":52.2},{"idLista":"3002","nombreLista":"A- DEMOS","votos":57,"votosPorcentaje":35.84},{"idLista":"3004","nombreLista":"C- ANTICORRUPCIÓN","votos":19,"votosPorcentaje":11.94}]},{"idAgrupacion":"92","idAgrupacionTelegrama":"92","nombreAgrupacion":"POLITICA OBRERA","votos":154,"votosPorcentaje":0.24,"listas":[{"idLista":"3020","nombreLista":"A- UNIDAD OBRERA","votos":154,"votosPorcentaje":100.0}]},{"idAgrupacion":"57","idAgrupacionTelegrama":"57","nombreAgrupacion":"MOVIMIENTO DE ACCION VECINAL","votos":120,"votosPorcentaje":0.18,"listas":[{"idLista":"3025","nombreLista":"A- COMPROMISO VECINAL","votos":120,"votosPorcentaje":100.0}]},{"idAgrupacion":"20","idAgrupacionTelegrama":"20","nombreAgrupacion":"UNION DEL CENTRO DEMOCRATICO","votos":70,"votosPorcentaje":0.11,"listas":[{"idLista":"3018","nombreLista":"A- APERTURA LIBERAL ARGENTINA","votos":70,"votosPorcentaje":100.0}]}],"valoresTotalizadosOtros":{"votosNulos":728,"votosNulosPorcentaje":1.12,"votosEnBlanco":4020,"votosEnBlancoPorcentaje":6.23,"votosRecurridosComandoImpugnados":166,"votosRecurridosComandoImpugnadosPorcentaje":0.25}}