{"fechaTotalizacion":"Aug 14, 2023, 5:27:40 AM","estadoRecuento":{"mesasEsperadas":152,"mesasTotalizadas":148,"mesasTotalizadasPorcentaje":97.36,"cantidadElectores":51714,"cantidadVotantes":34595,"participacionPorcentaje":66.89},"valoresTotalizadosPositivos":[{"idAgrupacion":"134","idAgrupacionTelegrama":"134","nombreAgrupacion":"UNION POR LA PATRIA","votos":13229,"votosPorcentaje":38.54,"listas":[{"idLista":"3005","nombreLista":"A- CELESTE Y BLANCA","votos":9893,"votosPorcentaje":74.78},{"idLista":"3006","nombreLista":"B- JUSTA Y SOBERANA","votos":3336,"votosPorcentaje":25.21}]},{"idAgrupacion":"135","idAgrupacionTelegrama":"135","nombreAgrupacion":"LA LIBERTAD AVANZA","votos":8648,"votosPorcentaje":25.19,"listas":[{"idLista":"3016","nombreLista":"A- LIBERTAD POR SIEMPRE","votos":8648,"votosPorcentaje":100.0}]},{"idAgrupacion":"132","idAgrupacionTelegrama":"132","nombreAgrupacion":"JUNTOS POR EL CAMBIO","votos":6869,"votosPorcentaje":20.01,"listas":[{"idLista":"3008","nombreLista":"B- LA FUERZA DEL CAMBIO","votos":3536,"votosPorcentaje":51.47},{"idLista":"3007","nombreLista":"A- EL CAMBIO DE NUESTRAS VIDAS","votos":3333,"votosPorcentaje":48.52}]},{"idAgrupacion":"136","idAgrupacionTelegrama":"136","nombreAgrupacion":"FRENTE DE IZQUIERDA Y DE TRABAJADORES - UNIDAD","votos":1517,"votosPorcentaje":4.41,"listas":[{"idLista":"3009","nombreLista":"A- UNIR Y FORTALECER LA IZQUIERDA","votos":998,"votosPorcentaje":65.78},{"idLista":"3010","nombreLista":"B- UNIDAD DE LUCHADORES Y LA IZQUIERDA","votos":519,"votosPorcentaje":34.21}]},{"idAgrupacion":"133","idAgrupacionTelegrama":"133","nombreAgrupacion":"HACEMOS POR NUESTRO PAIS","votos":419,"votosPorcentaje":1.22,"listas":[{"idLista":"3001","nombreLista":"A- HACEMOS","votos":419,"votosPorcentaje":100.0}]},{"idAgrupacion":"137","idAgrupacionTelegrama":"137","nombreAgrupacion":"PRINCIPIOS Y VALORES","votos":329,"votosPorcentaje":0.95,"listas":[{"idLista":"3011","nombreLista":"1A- TIERRA, TECHO  Y TRABAJO","votos":329,"votosPorcentaje":100.0}]},{"idAgrupacion":"13","idAgrupacionTelegrama":"13","nombreAgrupacion":"MOVIMIENTO AL SOCIALISMO","votos":173,"votosPorcentaje":0.5,"listas":[{"idLista":"3017","nombreLista":"A- IZQUIERDA ANTICAPITALISTA","votos":173,"votosPorcentaje":100.0}]},{"idAgrupacion":"90","idAgrupacionTelegrama":"90","nombreAgrupacion":"MOVIMIENTO IZQUIERDA JUVENTUD Y DIGNIDAD","votos":171,"votosPorcentaje":0.49,"listas":[{"idLista":"3027","nombreLista":"B- CONFEDERAL","votos":123,"votosPorcentaje":71.92},{"idLista":"3026","nombreLista":"A- DIGNIDAD","votos":48,"votosPorcentaje":28.07}]},{"idAgrupacion":"40","idAgrupacionTelegrama":"40","nombreAgrupacion":"MOVIMIENTO LIBRES DEL SUR","votos":168,"votosPorcentaje":0.48,"listas":[{"idLista":"3019","nombreLista":"A- AZUL Y ROJO","votos":168,"votosPorcentaje":100.0}]},{"idAgrupacion":"131","idAgrupacionTelegrama":"131","nombreAgrupacion":"FRENTE LIBER.AR","votos":100,"votosPorcentaje":0.29,"listas":[{"idLista":"3003","nombreLista":"B- RECONQUISTA","votos":65,"votosPorcentaje":65.0},{"idLista":"3002","nombreLista":"A- DEMOS","votos":30,"votosPorcentaje":30.0},{"idLista":"3004","nombreLista":"C- ANTICORRUPCIÓN","votos":5,"votosPorcentaje":5.0}]},{"idAgrupacion":"92","idAgrupacionTelegrama":"92","nombreAgrupacion":"POLITICA OBRERA","votos":99,"votosPorcentaje":0.28,"listas":[{"idLista":"3020","nombreLista":"A- UNIDAD OBRERA","votos":99,"votosPorcentaje":100.0}]},{"idAgrupacion":"94","idAgrupacionTelegrama":"94","nombreAgrupacion":"PROYECTO JOVEN","votos":95,"votosPorcentaje":0.27,"listas":[{"idLista":"3023","nombreLista":"B- PATRIA UNIDA","votos":61,"votosPorcentaje":64.21},{"idLista":"3024","nombreLista":"C- TODEX","votos":29,"votosPorcentaje":30.52},{"idLista":"3022","nombreLista":"A- COALICION PAZ DEMOCRACIA SOBERANIA","votos":5,"votosPorcentaje":5.26}]},{"idAgrupacion":"57","idAgrupacionTelegrama":"57","nombreAgrupacion":"MOVIMIENTO DE ACCION VECINAL","votos":92,"votosPorcentaje":0.26,"listas":[{"idLista":"3025","nombreLista":"A- COMPROMISO VECINAL","votos":92,"votosPorcentaje":100.0}]},{"idAgrupacion":"95","idAgrupacionTelegrama":"95","nombreAgrupacion":"FRENTE PATRIOTA FEDERAL","votos":85,"votosPorcentaje":0.24,"listas":[{"idLista":"3021","nombreLista":"A- PRIMERO LA PATRIA","votos":85,"votosPorcentaje":100.0}]},{"idAgrupacion":"20","idAgrupacionTelegrama":"20","nombreAgrupacion":"UNION DEL CENTRO DEMOCRATICO","votos":54,"votosPorcentaje":0.15,"listas":[{"idLista":"3018","nombreLista":"A- APERTURA LIBERAL ARGENTINA","votos":54,"votosPorcentaje":100.0}]}],"valoresTotalizadosOtros":{"votosNulos":264,"votosNulosPorcentaje":0.76,"votosEnBlanco":2276,"votosEnBlancoPorcentaje":6.57,"votosRecurridosComandoImpugnados":7,"votosRecurridosComandoImpugnadosPorcentaje":0.02}}