{"fechaTotalizacion":"Aug 14, 2023, 5:27:40 AM","estadoRecuento":{"mesasEsperadas":96,"mesasTotalizadas":92,"mesasTotalizadasPorcentaje":95.83,"cantidadElectores":31998,"cantidadVotantes":22424,"participacionPorcentaje":70.07},"valoresTotalizadosPositivos":[{"idAgrupacion":"134","idAgrupacionTelegrama":"134","nombreAgrupacion":"UNION POR LA PATRIA","votos":8854,"votosPorcentaje":40.01,"listas":[{"idLista":"3005","nombreLista":"A- CELESTE Y BLANCA","votos":6814,"votosPorcentaje":76.95},{"idLista":"3006","nombreLista":"B- JUSTA Y SOBERANA","votos":2040,"votosPorcentaje":23.04}]},{"idAgrupacion":"135","idAgrupacionTelegrama":"135","nombreAgrupacion":"LA LIBERTAD AVANZA","votos":5761,"votosPorcentaje":26.03,"listas":[{"idLista":"3016","nombreLista":"A- LIBERTAD POR SIEMPRE","votos":5761,"votosPorcentaje":100.0}]},{"idAgrupacion":"132","idAgrupacionTelegrama":"132","nombreAgrupacion":"JUNTOS POR EL CAMBIO","votos":3810,"votosPorcentaje":17.21,"listas":[{"idLista":"3007","nombreLista":"A- EL CAMBIO DE NUESTRAS VIDAS","votos":1990,"votosPorcentaje":52.23},{"idLista":"3008","nombreLista":"B- LA FUERZA DEL CAMBIO","votos":1820,"votosPorcentaje":47.76}]},{"idAgrupacion":"136","idAgrupacionTelegrama":"136","nombreAgrupacion":"FRENTE DE IZQUIERDA Y DE TRABAJADORES - UNIDAD","votos":835,"votosPorcentaje":3.77,"listas":[{"idLista":"3009","nombreLista":"A- UNIR Y FORTALECER LA IZQUIERDA","votos":562,"votosPorcentaje":67.3},{"idLista":"3010","nombreLista":"B- UNIDAD DE LUCHADORES Y LA IZQUIERDA","votos":273,"votosPorcentaje":32.69}]},{"idAgrupacion":"133","idAgrupacionTelegrama":"133","nombreAgrupacion":"HACEMOS POR NUESTRO PAIS","votos":337,"votosPorcentaje":1.52,"listas":[{"idLista":"3001","nombreLista":"A- HACEMOS","votos":337,"votosPorcentaje":100.0}]},{"idAgrupacion":"137","idAgrupacionTelegrama":"137","nombreAgrupacion":"PRINCIPIOS Y VALORES","votos":205,"votosPorcentaje":0.92,"listas":[{"idLista":"3011","nombreLista":"1A- TIERRA, TECHO  Y TRABAJO","votos":205,"votosPorcentaje":100.0}]},{"idAgrupacion":"40","idAgrupacionTelegrama":"40","nombreAgrupacion":"MOVIMIENTO LIBRES DEL SUR","votos":138,"votosPorcentaje":0.62,"listas":[{"idLista":"3019","nombreLista":"A- AZUL Y ROJO","votos":138,"votosPorcentaje":100.0}]},{"idAgrupacion":"90","idAgrupacionTelegrama":"90","nombreAgrupacion":"MOVIMIENTO IZQUIERDA JUVENTUD Y DIGNIDAD","votos":129,"votosPorcentaje":0.58,"listas":[{"idLista":"3027","nombreLista":"B- CONFEDERAL","votos":94,"votosPorcentaje":72.86},{"idLista":"3026","nombreLista":"A- DIGNIDAD","votos":35,"votosPorcentaje":27.13}]},{"idAgrupacion":"13","idAgrupacionTelegrama":"13","nombreAgrupacion":"MOVIMIENTO AL SOCIALISMO","votos":107,"votosPorcentaje":0.48,"listas":[{"idLista":"3017","nombreLista":"A- IZQUIERDA ANTICAPITALISTA","votos":107,"votosPorcentaje":100.0}]},{"idAgrupacion":"95","idAgrupacionTelegrama":"95","nombreAgrupacion":"FRENTE PATRIOTA FEDERAL","votos":88,"votosPorcentaje":0.39,"listas":[{"idLista":"3021","nombreLista":"A- PRIMERO LA PATRIA","votos":88,"votosPorcentaje":100.0}]},{"idAgrupacion":"57","idAgrupacionTelegrama":"57","nombreAgrupacion":"MOVIMIENTO DE ACCION VECINAL","votos":63,"votosPorcentaje":0.28,"listas":[{"idLista":"3025","nombreLista":"A- COMPROMISO VECINAL","votos":63,"votosPorcentaje":100.0}]},{"idAgrupacion":"94","idAgrupacionTelegrama":"94","nombreAgrupacion":"PROYECTO JOVEN","votos":61,"votosPorcentaje":0.27,"listas":[{"idLista":"3023","nombreLista":"B- PATRIA UNIDA","votos":39,"votosPorcentaje":63.93},{"idLista":"3024","nombreLista":"C- TODEX","votos":19,"votosPorcentaje":31.14},{"idLista":"3022","nombreLista":"A- COALICION PAZ DEMOCRACIA SOBERANIA","votos":3,"votosPorcentaje":4.91}]},{"idAgrupacion":"92","idAgrupacionTelegrama":"92","nombreAgrupacion":"POLITICA OBRERA","votos":55,"votosPorcentaje":0.24,"listas":[{"idLista":"3020","nombreLista":"A- UNIDAD OBRERA","votos":55,"votosPorcentaje":100.0}]},{"idAgrupacion":"131","idAgrupacionTelegrama":"131","nombreAgrupacion":"FRENTE LIBER.AR","votos":40,"votosPorcentaje":0.18,"listas":[{"idLista":"3003","nombreLista":"B- RECONQUISTA","votos":34,"votosPorcentaje":85.0},{"idLista":"3002","nombreLista":"A- DEMOS","votos":6,"votosPorcentaje":15.0},{"idLista":"3004","nombreLista":"C- ANTICORRUPCIÓN","votos":0,"votosPorcentaje":0.0}]},{"idAgrupacion":"20","idAgrupacionTelegrama":"20","nombreAgrupacion":"UNION DEL CENTRO DEMOCRATICO","votos":26,"votosPorcentaje":0.11,"listas":[{"idLista":"3018","nombreLista":"A- APERTURA LIBERAL ARGENTINA","votos":26,"votosPorcentaje":100.0}]}],"valoresTotalizadosOtros":{"votosNulos":255,"votosNulosPorcentaje":1.13,"votosEnBlanco":1620,"votosEnBlancoPorcentaje":7.22,"votosRecurridosComandoImpugnados":40,"votosRecurridosComandoImpugnadosPorcentaje":0.17}}