{"fechaTotalizacion":"Aug 14, 2023, 5:27:40 AM","estadoRecuento":{"mesasEsperadas":48,"mesasTotalizadas":48,"mesasTotalizadasPorcentaje":100.0,"cantidadElectores":16519,"cantidadVotantes":11946,"participacionPorcentaje":72.31},"valoresTotalizadosPositivos":[{"idAgrupacion":"134","idAgrupacionTelegrama":"134","nombreAgrupacion":"UNION POR LA PATRIA","votos":4891,"votosPorcentaje":41.2,"listas":[{"idLista":"3005","nombreLista":"A- CELESTE Y BLANCA","votos":3820,"votosPorcentaje":78.1},{"idLista":"3006","nombreLista":"B- JUSTA Y SOBERANA","votos":1071,"votosPorcentaje":21.89}]},{"idAgrupacion":"135","idAgrupacionTelegrama":"135","nombreAgrupacion":"LA LIBERTAD AVANZA","votos":2809,"votosPorcentaje":23.66,"listas":[{"idLista":"3016","nombreLista":"A- LIBERTAD POR SIEMPRE","votos":2809,"votosPorcentaje":100.0}]},{"idAgrupacion":"132","idAgrupacionTelegrama":"132","nombreAgrupacion":"JUNTOS POR EL CAMBIO","votos":2164,"votosPorcentaje":18.22,"listas":[{"idLista":"3008","nombreLista":"B- LA FUERZA DEL CAMBIO","votos":1137,"votosPorcentaje":52.54},{"idLista":"3007","nombreLista":"A- EL CAMBIO DE NUESTRAS VIDAS","votos":1027,"votosPorcentaje":47.45}]},{"idAgrupacion":"136","idAgrupacionTelegrama":"136","nombreAgrupacion":"FRENTE DE IZQUIERDA Y DE TRABAJADORES - UNIDAD","votos":474,"votosPorcentaje":3.99,"listas":[{"idLista":"3009","nombreLista":"A- UNIR Y FORTALECER LA IZQUIERDA","votos":343,"votosPorcentaje":72.36},{"idLista":"3010","nombreLista":"B- UNIDAD DE LUCHADORES Y LA IZQUIERDA","votos":131,"votosPorcentaje":27.63}]},{"idAgrupacion":"137","idAgrupacionTelegrama":"137","nombreAgrupacion":"PRINCIPIOS Y VALORES","votos":188,"votosPorcentaje":1.58,"listas":[{"idLista":"3011","nombreLista":"1A- TIERRA, TECHO  Y TRABAJO","votos":188,"votosPorcentaje":100.0}]},{"idAgrupacion":"133","idAgrupacionTelegrama":"133","nombreAgrupacion":"HACEMOS POR NUESTRO PAIS","votos":126,"votosPorcentaje":1.06,"listas":[{"idLista":"3001","nombreLista":"A- HACEMOS","votos":126,"votosPorcentaje":100.0}]},{"idAgrupacion":"40","idAgrupacionTelegrama":"40","nombreAgrupacion":"MOVIMIENTO LIBRES DEL SUR","votos":57,"votosPorcentaje":0.48,"listas":[{"idLista":"3019","nombreLista":"A- AZUL Y ROJO","votos":57,"votosPorcentaje":100.0}]},{"idAgrupacion":"90","idAgrupacionTelegrama":"90","nombreAgrupacion":"MOVIMIENTO IZQUIERDA JUVENTUD Y DIGNIDAD","votos":53,"votosPorcentaje":0.44,"listas":[{"idLista":"3027","nombreLista":"B- CONFEDERAL","votos":40,"votosPorcentaje":75.47},{"idLista":"3026","nombreLista":"A- DIGNIDAD","votos":13,"votosPorcentaje":24.52}]},{"idAgrupacion":"13","idAgrupacionTelegrama":"13","nombreAgrupacion":"MOVIMIENTO AL SOCIALISMO","votos":52,"votosPorcentaje":0.43,"listas":[{"idLista":"3017","nombreLista":"A- IZQUIERDA ANTICAPITALISTA","votos":52,"votosPorcentaje":100.0}]},{"idAgrupacion":"94","idAgrupacionTelegrama":"94","nombreAgrupacion":"PROYECTO JOVEN","votos":34,"votosPorcentaje":0.28,"listas":[{"idLista":"3024","nombreLista":"C- TODEX","votos":21,"votosPorcentaje":61.76},{"idLista":"3023","nombreLista":"B- PATRIA UNIDA","votos":13,"votosPorcentaje":38.23},{"idLista":"3022","nombreLista":"A- COALICION PAZ DEMOCRACIA SOBERANIA","votos":0,"votosPorcentaje":0.0}]},{"idAgrupacion":"95","idAgrupacionTelegrama":"95","nombreAgrupacion":"FRENTE PATRIOTA FEDERAL","votos":33,"votosPorcentaje":0.27,"listas":[{"idLista":"3021","nombreLista":"A- PRIMERO LA PATRIA","votos":33,"votosPorcentaje":100.0}]},{"idAgrupacion":"57","idAgrupacionTelegrama":"57","nombreAgrupacion":"MOVIMIENTO DE ACCION VECINAL","votos":31,"votosPorcentaje":0.26,"listas":[{"idLista":"3025","nombreLista":"A- COMPROMISO VECINAL","votos":31,"votosPorcentaje":100.0}]},{"idAgrupacion":"131","idAgrupacionTelegrama":"131","nombreAgrupacion":"FRENTE LIBER.AR","votos":27,"votosPorcentaje":0.22,"listas":[{"idLista":"3003","nombreLista":"B- RECONQUISTA","votos":17,"votosPorcentaje":62.96},{"idLista":"3002","nombreLista":"A- DEMOS","votos":10,"votosPorcentaje":37.03},{"idLista":"3004","nombreLista":"C- ANTICORRUPCIÓN","votos":0,"votosPorcentaje":0.0}]},{"idAgrupacion":"92","idAgrupacionTelegrama":"92","nombreAgrupacion":"POLITICA OBRERA","votos":27,"votosPorcentaje":0.22,"listas":[{"idLista":"3020","nombreLista":"A- UNIDAD OBRERA","votos":27,"votosPorcentaje":100.0}]},{"idAgrupacion":"20","idAgrupacionTelegrama":"20","nombreAgrupacion":"UNION DEL CENTRO DEMOCRATICO","votos":11,"votosPorcentaje":0.09,"listas":[{"idLista":"3018","nombreLista":"A- APERTURA LIBERAL ARGENTINA","votos":11,"votosPorcentaje":100.0}]}],"valoresTotalizadosOtros":{"votosNulos":70,"votosNulosPorcentaje":0.58,"votosEnBlanco":894,"votosEnBlancoPorcentaje":7.48,"votosRecurridosComandoImpugnados":5,"votosRecurridosComandoImpugnadosPorcentaje":0.04}}