{"fechaTotalizacion":"Aug 14, 2023, 5:27:40 AM","estadoRecuento":{"mesasEsperadas":163,"mesasTotalizadas":155,"mesasTotalizadasPorcentaje":95.09,"cantidadElectores":54146,"cantidadVotantes":37006,"participacionPorcentaje":68.34},"valoresTotalizadosPositivos":[{"idAgrupacion":"134","idAgrupacionTelegrama":"134","nombreAgrupacion":"UNION POR LA PATRIA","votos":15625,"votosPorcentaje":42.84,"listas":[{"idLista":"3005","nombreLista":"A- CELESTE Y BLANCA","votos":11978,"votosPorcentaje":76.65},{"idLista":"3006","nombreLista":"B- JUSTA Y SOBERANA","votos":3647,"votosPorcentaje":23.34}]},{"idAgrupacion":"135","idAgrupacionTelegrama":"135","nombreAgrupacion":"LA LIBERTAD AVANZA","votos":8901,"votosPorcentaje":24.4,"listas":[{"idLista":"3016","nombreLista":"A- LIBERTAD POR SIEMPRE","votos":8901,"votosPorcentaje":100.0}]},{"idAgrupacion":"132","idAgrupacionTelegrama":"132","nombreAgrupacion":"JUNTOS POR EL CAMBIO","votos":6050,"votosPorcentaje":16.58,"listas":[{"idLista":"3007","nombreLista":"A- EL CAMBIO DE NUESTRAS VIDAS","votos":3193,"votosPorcentaje":52.77},{"idLista":"3008","nombreLista":"B- LA FUERZA DEL CAMBIO","votos":2857,"votosPorcentaje":47.22}]},{"idAgrupacion":"136","idAgrupacionTelegrama":"136","nombreAgrupacion":"FRENTE DE IZQUIERDA Y DE TRABAJADORES - UNIDAD","votos":1583,"votosPorcentaje":4.34,"listas":[{"idLista":"3009","nombreLista":"A- UNIR Y FORTALECER LA IZQUIERDA","votos":1119,"votosPorcentaje":70.68},{"idLista":"3010","nombreLista":"B- UNIDAD DE LUCHADORES Y LA IZQUIERDA","votos":464,"votosPorcentaje":29.31}]},{"idAgrupacion":"133","idAgrupacionTelegrama":"133","nombreAgrupacion":"HACEMOS POR NUESTRO PAIS","votos":433,"votosPorcentaje":1.18,"listas":[{"idLista":"3001","nombreLista":"A- HACEMOS","votos":433,"votosPorcentaje":100.0}]},{"idAgrupacion":"137","idAgrupacionTelegrama":"137","nombreAgrupacion":"PRINCIPIOS Y VALORES","votos":337,"votosPorcentaje":0.92,"listas":[{"idLista":"3011","nombreLista":"1A- TIERRA, TECHO  Y TRABAJO","votos":337,"votosPorcentaje":100.0}]},{"idAgrupacion":"40","idAgrupacionTelegrama":"40","nombreAgrupacion":"MOVIMIENTO LIBRES DEL SUR","votos":249,"votosPorcentaje":0.68,"listas":[{"idLista":"3019","nombreLista":"A- AZUL Y ROJO","votos":249,"votosPorcentaje":100.0}]},{"idAgrupacion":"13","idAgrupacionTelegrama":"13","nombreAgrupacion":"MOVIMIENTO AL SOCIALISMO","votos":190,"votosPorcentaje":0.52,"listas":[{"idLista":"3017","nombreLista":"A- IZQUIERDA ANTICAPITALISTA","votos":190,"votosPorcentaje":100.0}]},{"idAgrupacion":"90","idAgrupacionTelegrama":"90","nombreAgrupacion":"MOVIMIENTO IZQUIERDA JUVENTUD Y DIGNIDAD","votos":190,"votosPorcentaje":0.52,"listas":[{"idLista":"3027","nombreLista":"B- CONFEDERAL","votos":127,"votosPorcentaje":66.84},{"idLista":"3026","nombreLista":"A- DIGNIDAD","votos":63,"votosPorcentaje":33.15}]},{"idAgrupacion":"95","idAgrupacionTelegrama":"95","nombreAgrupacion":"FRENTE PATRIOTA FEDERAL","votos":136,"votosPorcentaje":0.37,"listas":[{"idLista":"3021","nombreLista":"A- PRIMERO LA PATRIA","votos":136,"votosPorcentaje":100.0}]},{"idAgrupacion":"94","idAgrupacionTelegrama":"94","nombreAgrupacion":"PROYECTO JOVEN","votos":116,"votosPorcentaje":0.31,"listas":[{"idLista":"3023","nombreLista":"B- PATRIA UNIDA","votos":57,"votosPorcentaje":49.13},{"idLista":"3024","nombreLista":"C- TODEX","votos":46,"votosPorcentaje":39.65},{"idLista":"3022","nombreLista":"A- COALICION PAZ DEMOCRACIA SOBERANIA","votos":13,"votosPorcentaje":11.2}]},{"idAgrupacion":"92","idAgrupacionTelegrama":"92","nombreAgrupacion":"POLITICA OBRERA","votos":82,"votosPorcentaje":0.22,"listas":[{"idLista":"3020","nombreLista":"A- UNIDAD OBRERA","votos":82,"votosPorcentaje":100.0}]},{"idAgrupacion":"131","idAgrupacionTelegrama":"131","nombreAgrupacion":"FRENTE LIBER.AR","votos":75,"votosPorcentaje":0.2,"listas":[{"idLista":"3003","nombreLista":"B- RECONQUISTA","votos":57,"votosPorcentaje":76.0},{"idLista":"3002","nombreLista":"A- DEMOS","votos":12,"votosPorcentaje":16.0},{"idLista":"3004","nombreLista":"C- ANTICORRUPCIÓN","votos":6,"votosPorcentaje":8.0}]},{"idAgrupacion":"57","idAgrupacionTelegrama":"57","nombreAgrupacion":"MOVIMIENTO DE ACCION VECINAL","votos":70,"votosPorcentaje":0.19,"listas":[{"idLista":"3025","nombreLista":"A- COMPROMISO VECINAL","votos":70,"votosPorcentaje":100.0}]},{"idAgrupacion":"20","idAgrupacionTelegrama":"20","nombreAgrupacion":"UNION DEL CENTRO DEMOCRATICO","votos":32,"votosPorcentaje":0.08,"listas":[{"idLista":"3018","nombreLista":"A- APERTURA LIBERAL ARGENTINA","votos":32,"votosPorcentaje":100.0}]}],"valoresTotalizadosOtros":{"votosNulos":423,"votosNulosPorcentaje":1.14,"votosEnBlanco":2402,"votosEnBlancoPorcentaje":6.49,"votosRecurridosComandoImpugnados":112,"votosRecurridosComandoImpugnadosPorcentaje":0.3}}