{"fechaTotalizacion":"Aug 14, 2023, 5:27:40 AM","estadoRecuento":{"mesasEsperadas":89,"mesasTotalizadas":86,"mesasTotalizadasPorcentaje":96.62,"cantidadElectores":29867,"cantidadVotantes":22197,"participacionPorcentaje":74.31},"valoresTotalizadosPositivos":[{"idAgrupacion":"134","idAgrupacionTelegrama":"134","nombreAgrupacion":"UNION POR LA PATRIA","votos":7225,"votosPorcentaje":33.03,"listas":[{"idLista":"3005","nombreLista":"A- CELESTE Y BLANCA","votos":5210,"votosPorcentaje":72.11},{"idLista":"3006","nombreLista":"B- JUSTA Y SOBERANA","votos":2015,"votosPorcentaje":27.88}]},{"idAgrupacion":"132","idAgrupacionTelegrama":"132","nombreAgrupacion":"JUNTOS POR EL CAMBIO","votos":6220,"votosPorcentaje":28.43,"listas":[{"idLista":"3008","nombreLista":"B- LA FUERZA DEL CAMBIO","votos":3374,"votosPorcentaje":54.24},{"idLista":"3007","nombreLista":"A- EL CAMBIO DE NUESTRAS VIDAS","votos":2846,"votosPorcentaje":45.75}]},{"idAgrupacion":"135","idAgrupacionTelegrama":"135","nombreAgrupacion":"LA LIBERTAD AVANZA","votos":5226,"votosPorcentaje":23.89,"listas":[{"idLista":"3016","nombreLista":"A- LIBERTAD POR SIEMPRE","votos":5226,"votosPorcentaje":100.0}]},{"idAgrupacion":"136","idAgrupacionTelegrama":"136","nombreAgrupacion":"FRENTE DE IZQUIERDA Y DE TRABAJADORES - UNIDAD","votos":1056,"votosPorcentaje":4.82,"listas":[{"idLista":"3009","nombreLista":"A- UNIR Y FORTALECER LA IZQUIERDA","votos":808,"votosPorcentaje":76.51},{"idLista":"3010","nombreLista":"B- UNIDAD DE LUCHADORES Y LA IZQUIERDA","votos":248,"votosPorcentaje":23.48}]},{"idAgrupacion":"133","idAgrupacionTelegrama":"133","nombreAgrupacion":"HACEMOS POR NUESTRO PAIS","votos":307,"votosPorcentaje":1.4,"listas":[{"idLista":"3001","nombreLista":"A- HACEMOS","votos":307,"votosPorcentaje":100.0}]},{"idAgrupacion":"137","idAgrupacionTelegrama":"137","nombreAgrupacion":"PRINCIPIOS Y VALORES","votos":230,"votosPorcentaje":1.05,"listas":[{"idLista":"3011","nombreLista":"1A- TIERRA, TECHO  Y TRABAJO","votos":230,"votosPorcentaje":100.0}]},{"idAgrupacion":"13","idAgrupacionTelegrama":"13","nombreAgrupacion":"MOVIMIENTO AL SOCIALISMO","votos":113,"votosPorcentaje":0.51,"listas":[{"idLista":"3017","nombreLista":"A- IZQUIERDA ANTICAPITALISTA","votos":113,"votosPorcentaje":100.0}]},{"idAgrupacion":"90","idAgrupacionTelegrama":"90","nombreAgrupacion":"MOVIMIENTO IZQUIERDA JUVENTUD Y DIGNIDAD","votos":112,"votosPorcentaje":0.51,"listas":[{"idLista":"3027","nombreLista":"B- CONFEDERAL","votos":87,"votosPorcentaje":77.67},{"idLista":"3026","nombreLista":"A- DIGNIDAD","votos":25,"votosPorcentaje":22.32}]},{"idAgrupacion":"40","idAgrupacionTelegrama":"40","nombreAgrupacion":"MOVIMIENTO LIBRES DEL SUR","votos":96,"votosPorcentaje":0.43,"listas":[{"idLista":"3019","nombreLista":"A- AZUL Y ROJO","votos":96,"votosPorcentaje":100.0}]},{"idAgrupacion":"95","idAgrupacionTelegrama":"95","nombreAgrupacion":"FRENTE PATRIOTA FEDERAL","votos":57,"votosPorcentaje":0.26,"listas":[{"idLista":"3021","nombreLista":"A- PRIMERO LA PATRIA","votos":57,"votosPorcentaje":100.0}]},{"idAgrupacion":"94","idAgrupacionTelegrama":"94","nombreAgrupacion":"PROYECTO JOVEN","votos":45,"votosPorcentaje":0.2,"listas":[{"idLista":"3023","nombreLista":"B- PATRIA UNIDA","votos":23,"votosPorcentaje":51.11},{"idLista":"3024","nombreLista":"C- TODEX","votos":15,"votosPorcentaje":33.33},{"idLista":"3022","nombreLista":"A- COALICION PAZ DEMOCRACIA SOBERANIA","votos":7,"votosPorcentaje":15.55}]},{"idAgrupacion":"92","idAgrupacionTelegrama":"92","nombreAgrupacion":"POLITICA OBRERA","votos":44,"votosPorcentaje":0.2,"listas":[{"idLista":"3020","nombreLista":"A- UNIDAD OBRERA","votos":44,"votosPorcentaje":100.0}]},{"idAgrupacion":"57","idAgrupacionTelegrama":"57","nombreAgrupacion":"MOVIMIENTO DE ACCION VECINAL","votos":41,"votosPorcentaje":0.18,"listas":[{"idLista":"3025","nombreLista":"A- COMPROMISO VECINAL","votos":41,"votosPorcentaje":100.0}]},{"idAgrupacion":"131","idAgrupacionTelegrama":"131","nombreAgrupacion":"FRENTE LIBER.AR","votos":30,"votosPorcentaje":0.13,"listas":[{"idLista":"3003","nombreLista":"B- RECONQUISTA","votos":23,"votosPorcentaje":76.66},{"idLista":"3002","nombreLista":"A- DEMOS","votos":6,"votosPorcentaje":20.0},{"idLista":"3004","nombreLista":"C- ANTICORRUPCIÓN","votos":1,"votosPorcentaje":3.33}]},{"idAgrupacion":"20","idAgrupacionTelegrama":"20","nombreAgrupacion":"UNION DEL CENTRO DEMOCRATICO","votos":18,"votosPorcentaje":0.08,"listas":[{"idLista":"3018","nombreLista":"A- APERTURA LIBERAL ARGENTINA","votos":18,"votosPorcentaje":100.0}]}],"valoresTotalizadosOtros":{"votosNulos":270,"votosNulosPorcentaje":1.21,"votosEnBlanco":1052,"votosEnBlancoPorcentaje":4.73,"votosRecurridosComandoImpugnados":55,"votosRecurridosComandoImpugnadosPorcentaje":0.24}}