{"fechaTotalizacion":"Aug 14, 2023, 5:27:40 AM","estadoRecuento":{"mesasEsperadas":66,"mesasTotalizadas":66,"mesasTotalizadasPorcentaje":100.0,"cantidadElectores":22930,"cantidadVotantes":17035,"participacionPorcentaje":74.29},"valoresTotalizadosPositivos":[{"idAgrupacion":"132","idAgrupacionTelegrama":"132","nombreAgrupacion":"JUNTOS POR EL CAMBIO","votos":8634,"votosPorcentaje":51.23,"listas":[{"idLista":"3008","nombreLista":"B- LA FUERZA DEL CAMBIO","votos":5233,"votosPorcentaje":60.6},{"idLista":"3007","nombreLista":"A- EL CAMBIO DE NUESTRAS VIDAS","votos":3401,"votosPorcentaje":39.39}]},{"idAgrupacion":"134","idAgrupacionTelegrama":"134","nombreAgrupacion":"UNION POR LA PATRIA","votos":3438,"votosPorcentaje":20.39,"listas":[{"idLista":"3005","nombreLista":"A- CELESTE Y BLANCA","votos":2332,"votosPorcentaje":67.83},{"idLista":"3006","nombreLista":"B- JUSTA Y SOBERANA","votos":1106,"votosPorcentaje":32.16}]},{"idAgrupacion":"135","idAgrupacionTelegrama":"135","nombreAgrupacion":"LA LIBERTAD AVANZA","votos":3016,"votosPorcentaje":17.89,"listas":[{"idLista":"3016","nombreLista":"A- LIBERTAD POR SIEMPRE","votos":3016,"votosPorcentaje":100.0}]},{"idAgrupacion":"136","idAgrupacionTelegrama":"136","nombreAgrupacion":"FRENTE DE IZQUIERDA Y DE TRABAJADORES - UNIDAD","votos":564,"votosPorcentaje":3.34,"listas":[{"idLista":"3009","nombreLista":"A- UNIR Y FORTALECER LA IZQUIERDA","votos":451,"votosPorcentaje":79.96},{"idLista":"3010","nombreLista":"B- UNIDAD DE LUCHADORES Y LA IZQUIERDA","votos":113,"votosPorcentaje":20.03}]},{"idAgrupacion":"133","idAgrupacionTelegrama":"133","nombreAgrupacion":"HACEMOS POR NUESTRO PAIS","votos":257,"votosPorcentaje":1.52,"listas":[{"idLista":"3001","nombreLista":"A- HACEMOS","votos":257,"votosPorcentaje":100.0}]},{"idAgrupacion":"137","idAgrupacionTelegrama":"137","nombreAgrupacion":"PRINCIPIOS Y VALORES","votos":161,"votosPorcentaje":0.95,"listas":[{"idLista":"3011","nombreLista":"1A- TIERRA, TECHO  Y TRABAJO","votos":161,"votosPorcentaje":100.0}]},{"idAgrupacion":"13","idAgrupacionTelegrama":"13","nombreAgrupacion":"MOVIMIENTO AL SOCIALISMO","votos":85,"votosPorcentaje":0.5,"listas":[{"idLista":"3017","nombreLista":"A- IZQUIERDA ANTICAPITALISTA","votos":85,"votosPorcentaje":100.0}]},{"idAgrupacion":"90","idAgrupacionTelegrama":"90","nombreAgrupacion":"MOVIMIENTO IZQUIERDA JUVENTUD Y DIGNIDAD","votos":62,"votosPorcentaje":0.36,"listas":[{"idLista":"3027","nombreLista":"B- CONFEDERAL","votos":55,"votosPorcentaje":88.7},{"idLista":"3026","nombreLista":"A- DIGNIDAD","votos":7,"votosPorcentaje":11.29}]},{"idAgrupacion":"131","idAgrupacionTelegrama":"131","nombreAgrupacion":"FRENTE LIBER.AR","votos":52,"votosPorcentaje":0.3,"listas":[{"idLista":"3004","nombreLista":"C- ANTICORRUPCIÓN","votos":47,"votosPorcentaje":90.38},{"idLista":"3003","nombreLista":"B- RECONQUISTA","votos":5,"votosPorcentaje":9.61},{"idLista":"3002","nombreLista":"A- DEMOS","votos":0,"votosPorcentaje":0.0}]},{"idAgrupacion":"40","idAgrupacionTelegrama":"40","nombreAgrupacion":"MOVIMIENTO LIBRES DEL SUR","votos":39,"votosPorcentaje":0.23,"listas":[{"idLista":"3019","nombreLista":"A- AZUL Y ROJO","votos":39,"votosPorcentaje":100.0}]},{"idAgrupacion":"95","idAgrupacionTelegrama":"95","nombreAgrupacion":"FRENTE PATRIOTA FEDERAL","votos":19,"votosPorcentaje":0.11,"listas":[{"idLista":"3021","nombreLista":"A- PRIMERO LA PATRIA","votos":19,"votosPorcentaje":100.0}]},{"idAgrupacion":"92","idAgrupacionTelegrama":"92","nombreAgrupacion":"POLITICA OBRERA","votos":15,"votosPorcentaje":0.08,"listas":[{"idLista":"3020","nombreLista":"A- UNIDAD OBRERA","votos":15,"votosPorcentaje":100.0}]},{"idAgrupacion":"57","idAgrupacionTelegrama":"57","nombreAgrupacion":"MOVIMIENTO DE ACCION VECINAL","votos":14,"votosPorcentaje":0.08,"listas":[{"idLista":"3025","nombreLista":"A- COMPROMISO VECINAL","votos":14,"votosPorcentaje":100.0}]},{"idAgrupacion":"94","idAgrupacionTelegrama":"94","nombreAgrupacion":"PROYECTO JOVEN","votos":8,"votosPorcentaje":0.04,"listas":[{"idLista":"3023","nombreLista":"B- PATRIA UNIDA","votos":5,"votosPorcentaje":62.5},{"idLista":"3024","nombreLista":"C- TODEX","votos":2,"votosPorcentaje":25.0},{"idLista":"3022","nombreLista":"A- COALICION PAZ DEMOCRACIA SOBERANIA","votos":1,"votosPorcentaje":12.5}]},{"idAgrupacion":"20","idAgrupacionTelegrama":"20","nombreAgrupacion":"UNION DEL CENTRO DEMOCRATICO","votos":7,"votosPorcentaje":0.04,"listas":[{"idLista":"3018","nombreLista":"A- APERTURA LIBERAL ARGENTINA","votos":7,"votosPorcentaje":100.0}]}],"valoresTotalizadosOtros":{"votosNulos":161,"votosNulosPorcentaje":0.94,"votosEnBlanco":482,"votosEnBlancoPorcentaje":2.82,"votosRecurridosComandoImpugnados":21,"votosRecurridosComandoImpugnadosPorcentaje":0.12}}