{"fechaTotalizacion":"Aug 14, 2023, 5:27:40 AM","estadoRecuento":{"mesasEsperadas":46,"mesasTotalizadas":46,"mesasTotalizadasPorcentaje":100.0,"cantidadElectores":16026,"cantidadVotantes":10916,"participacionPorcentaje":68.11},"valoresTotalizadosPositivos":[{"idAgrupacion":"134","idAgrupacionTelegrama":"134","nombreAgrupacion":"UNION POR LA PATRIA","votos":4342,"votosPorcentaje":40.16,"listas":[{"idLista":"3005","nombreLista":"A- CELESTE Y BLANCA","votos":3225,"votosPorcentaje":74.27},{"idLista":"3006","nombreLista":"B- JUSTA Y SOBERANA","votos":1117,"votosPorcentaje":25.72}]},{"idAgrupacion":"135","idAgrupacionTelegrama":"135","nombreAgrupacion":"LA LIBERTAD AVANZA","votos":2804,"votosPorcentaje":25.93,"listas":[{"idLista":"3016","nombreLista":"A- LIBERTAD POR SIEMPRE","votos":2804,"votosPorcentaje":100.0}]},{"idAgrupacion":"132","idAgrupacionTelegrama":"132","nombreAgrupacion":"JUNTOS POR EL CAMBIO","votos":1634,"votosPorcentaje":15.11,"listas":[{"idLista":"3008","nombreLista":"B- LA FUERZA DEL CAMBIO","votos":876,"votosPorcentaje":53.61},{"idLista":"3007","nombreLista":"A- EL CAMBIO DE NUESTRAS VIDAS","votos":758,"votosPorcentaje":46.38}]},{"idAgrupacion":"136","idAgrupacionTelegrama":"136","nombreAgrupacion":"FRENTE DE IZQUIERDA Y DE TRABAJADORES - UNIDAD","votos":465,"votosPorcentaje":4.3,"listas":[{"idLista":"3009","nombreLista":"A- UNIR Y FORTALECER LA IZQUIERDA","votos":263,"votosPorcentaje":56.55},{"idLista":"3010","nombreLista":"B- UNIDAD DE LUCHADORES Y LA IZQUIERDA","votos":202,"votosPorcentaje":43.44}]},{"idAgrupacion":"137","idAgrupacionTelegrama":"137","nombreAgrupacion":"PRINCIPIOS Y VALORES","votos":134,"votosPorcentaje":1.23,"listas":[{"idLista":"3011","nombreLista":"1A- TIERRA, TECHO  Y TRABAJO","votos":134,"votosPorcentaje":100.0}]},{"idAgrupacion":"133","idAgrupacionTelegrama":"133","nombreAgrupacion":"HACEMOS POR NUESTRO PAIS","votos":118,"votosPorcentaje":1.09,"listas":[{"idLista":"3001","nombreLista":"A- HACEMOS","votos":118,"votosPorcentaje":100.0}]},{"idAgrupacion":"40","idAgrupacionTelegrama":"40","nombreAgrupacion":"MOVIMIENTO LIBRES DEL SUR","votos":95,"votosPorcentaje":0.87,"listas":[{"idLista":"3019","nombreLista":"A- AZUL Y ROJO","votos":95,"votosPorcentaje":100.0}]},{"idAgrupacion":"95","idAgrupacionTelegrama":"95","nombreAgrupacion":"FRENTE PATRIOTA FEDERAL","votos":48,"votosPorcentaje":0.44,"listas":[{"idLista":"3021","nombreLista":"A- PRIMERO LA PATRIA","votos":48,"votosPorcentaje":100.0}]},{"idAgrupacion":"13","idAgrupacionTelegrama":"13","nombreAgrupacion":"MOVIMIENTO AL SOCIALISMO","votos":47,"votosPorcentaje":0.43,"listas":[{"idLista":"3017","nombreLista":"A- IZQUIERDA ANTICAPITALISTA","votos":47,"votosPorcentaje":100.0}]},{"idAgrupacion":"94","idAgrupacionTelegrama":"94","nombreAgrupacion":"PROYECTO JOVEN","votos":41,"votosPorcentaje":0.37,"listas":[{"idLista":"3023","nombreLista":"B- PATRIA UNIDA","votos":25,"votosPorcentaje":60.97},{"idLista":"3024","nombreLista":"C- TODEX","votos":10,"votosPorcentaje":24.39},{"idLista":"3022","nombreLista":"A- COALICION PAZ DEMOCRACIA SOBERANIA","votos":6,"votosPorcentaje":14.63}]},{"idAgrupacion":"131","idAgrupacionTelegrama":"131","nombreAgrupacion":"FRENTE LIBER.AR","votos":40,"votosPorcentaje":0.37,"listas":[{"idLista":"3003","nombreLista":"B- RECONQUISTA","votos":30,"votosPorcentaje":75.0},{"idLista":"3002","nombreLista":"A- DEMOS","votos":7,"votosPorcentaje":17.5},{"idLista":"3004","nombreLista":"C- ANTICORRUPCIÓN","votos":3,"votosPorcentaje":7.5}]},{"idAgrupacion":"92","idAgrupacionTelegrama":"92","nombreAgrupacion":"POLITICA OBRERA","votos":36,"votosPorcentaje":0.33,"listas":[{"idLista":"3020","nombreLista":"A- UNIDAD OBRERA","votos":36,"votosPorcentaje":100.0}]},{"idAgrupacion":"57","idAgrupacionTelegrama":"57","nombreAgrupacion":"MOVIMIENTO DE ACCION VECINAL","votos":32,"votosPorcentaje":0.29,"listas":[{"idLista":"3025","nombreLista":"A- COMPROMISO VECINAL","votos":32,"votosPorcentaje":100.0}]},{"idAgrupacion":"90","idAgrupacionTelegrama":"90","nombreAgrupacion":"MOVIMIENTO IZQUIERDA JUVENTUD Y DIGNIDAD","votos":29,"votosPorcentaje":0.26,"listas":[{"idLista":"3027","nombreLista":"B- CONFEDERAL","votos":17,"votosPorcentaje":58.62},{"idLista":"3026","nombreLista":"A- DIGNIDAD","votos":12,"votosPorcentaje":41.37}]},{"idAgrupacion":"20","idAgrupacionTelegrama":"20","nombreAgrupacion":"UNION DEL CENTRO DEMOCRATICO","votos":17,"votosPorcentaje":0.15,"listas":[{"idLista":"3018","nombreLista":"A- APERTURA LIBERAL ARGENTINA","votos":17,"votosPorcentaje":100.0}]}],"valoresTotalizadosOtros":{"votosNulos":85,"votosNulosPorcentaje":0.77,"votosEnBlanco":928,"votosEnBlancoPorcentaje":8.5,"votosRecurridosComandoImpugnados":21,"votosRecurridosComandoImpugnadosPorcentaje":0.19}}