{"fechaTotalizacion":"Aug 14, 2023, 5:27:40 AM","estadoRecuento":{"mesasEsperadas":170,"mesasTotalizadas":168,"mesasTotalizadasPorcentaje":98.82,"cantidadElectores":58610,"cantidadVotantes":41174,"participacionPorcentaje":70.25},"valoresTotalizadosPositivos":[{"idAgrupacion":"134","idAgrupacionTelegrama":"134","nombreAgrupacion":"UNION POR LA PATRIA","votos":15079,"votosPorcentaje":37.14,"listas":[{"idLista":"3005","nombreLista":"A- CELESTE Y BLANCA","votos":10920,"votosPorcentaje":72.41},{"idLista":"3006","nombreLista":"B- JUSTA Y SOBERANA","votos":4159,"votosPorcentaje":27.58}]},{"idAgrupacion":"135","idAgrupacionTelegrama":"135","nombreAgrupacion":"LA LIBERTAD AVANZA","votos":10172,"votosPorcentaje":25.05,"listas":[{"idLista":"3016","nombreLista":"A- LIBERTAD POR SIEMPRE","votos":10172,"votosPorcentaje":100.0}]},{"idAgrupacion":"132","idAgrupacionTelegrama":"132","nombreAgrupacion":"JUNTOS POR EL CAMBIO","votos":8613,"votosPorcentaje":21.21,"listas":[{"idLista":"3008","nombreLista":"B- LA FUERZA DEL CAMBIO","votos":4500,"votosPorcentaje":52.24},{"idLista":"3007","nombreLista":"A- EL CAMBIO DE NUESTRAS VIDAS","votos":4113,"votosPorcentaje":47.75}]},{"idAgrupacion":"136","idAgrupacionTelegrama":"136","nombreAgrupacion":"FRENTE DE IZQUIERDA Y DE TRABAJADORES - UNIDAD","votos":1931,"votosPorcentaje":4.75,"listas":[{"idLista":"3009","nombreLista":"A- UNIR Y FORTALECER LA IZQUIERDA","votos":1343,"votosPorcentaje":69.54},{"idLista":"3010","nombreLista":"B- UNIDAD DE LUCHADORES Y LA IZQUIERDA","votos":588,"votosPorcentaje":30.45}]},{"idAgrupacion":"137","idAgrupacionTelegrama":"137","nombreAgrupacion":"PRINCIPIOS Y VALORES","votos":481,"votosPorcentaje":1.18,"listas":[{"idLista":"3011","nombreLista":"1A- TIERRA, TECHO  Y TRABAJO","votos":481,"votosPorcentaje":100.0}]},{"idAgrupacion":"133","idAgrupacionTelegrama":"133","nombreAgrupacion":"HACEMOS POR NUESTRO PAIS","votos":423,"votosPorcentaje":1.04,"listas":[{"idLista":"3001","nombreLista":"A- HACEMOS","votos":423,"votosPorcentaje":100.0}]},{"idAgrupacion":"13","idAgrupacionTelegrama":"13","nombreAgrupacion":"MOVIMIENTO AL SOCIALISMO","votos":220,"votosPorcentaje":0.54,"listas":[{"idLista":"3017","nombreLista":"A- IZQUIERDA ANTICAPITALISTA","votos":220,"votosPorcentaje":100.0}]},{"idAgrupacion":"40","idAgrupacionTelegrama":"40","nombreAgrupacion":"MOVIMIENTO LIBRES DEL SUR","votos":197,"votosPorcentaje":0.48,"listas":[{"idLista":"3019","nombreLista":"A- AZUL Y ROJO","votos":197,"votosPorcentaje":100.0}]},{"idAgrupacion":"90","idAgrupacionTelegrama":"90","nombreAgrupacion":"MOVIMIENTO IZQUIERDA JUVENTUD Y DIGNIDAD","votos":172,"votosPorcentaje":0.42,"listas":[{"idLista":"3027","nombreLista":"B- CONFEDERAL","votos":114,"votosPorcentaje":66.27},{"idLista":"3026","nombreLista":"A- DIGNIDAD","votos":58,"votosPorcentaje":33.72}]},{"idAgrupacion":"95","idAgrupacionTelegrama":"95","nombreAgrupacion":"FRENTE PATRIOTA FEDERAL","votos":130,"votosPorcentaje":0.32,"listas":[{"idLista":"3021","nombreLista":"A- PRIMERO LA PATRIA","votos":130,"votosPorcentaje":100.0}]},{"idAgrupacion":"94","idAgrupacionTelegrama":"94","nombreAgrupacion":"PROYECTO JOVEN","votos":128,"votosPorcentaje":0.31,"listas":[{"idLista":"3023","nombreLista":"B- PATRIA UNIDA","votos":80,"votosPorcentaje":62.5},{"idLista":"3024","nombreLista":"C- TODEX","votos":39,"votosPorcentaje":30.46},{"idLista":"3022","nombreLista":"A- COALICION PAZ DEMOCRACIA SOBERANIA","votos":9,"votosPorcentaje":7.03}]},{"idAgrupacion":"131","idAgrupacionTelegrama":"131","nombreAgrupacion":"FRENTE LIBER.AR","votos":124,"votosPorcentaje":0.3,"listas":[{"idLista":"3003","nombreLista":"B- RECONQUISTA","votos":67,"votosPorcentaje":54.03},{"idLista":"3002","nombreLista":"A- DEMOS","votos":48,"votosPorcentaje":38.7},{"idLista":"3004","nombreLista":"C- ANTICORRUPCIÓN","votos":9,"votosPorcentaje":7.25}]},{"idAgrupacion":"57","idAgrupacionTelegrama":"57","nombreAgrupacion":"MOVIMIENTO DE ACCION VECINAL","votos":113,"votosPorcentaje":0.27,"listas":[{"idLista":"3025","nombreLista":"A- COMPROMISO VECINAL","votos":113,"votosPorcentaje":100.0}]},{"idAgrupacion":"92","idAgrupacionTelegrama":"92","nombreAgrupacion":"POLITICA OBRERA","votos":109,"votosPorcentaje":0.26,"listas":[{"idLista":"3020","nombreLista":"A- UNIDAD OBRERA","votos":109,"votosPorcentaje":100.0}]},{"idAgrupacion":"20","idAgrupacionTelegrama":"20","nombreAgrupacion":"UNION DEL CENTRO DEMOCRATICO","votos":57,"votosPorcentaje":0.14,"listas":[{"idLista":"3018","nombreLista":"A- APERTURA LIBERAL ARGENTINA","votos":57,"votosPorcentaje":100.0}]}],"valoresTotalizadosOtros":{"votosNulos":524,"votosNulosPorcentaje":1.27,"votosEnBlanco":2644,"votosEnBlancoPorcentaje":6.42,"votosRecurridosComandoImpugnados":57,"votosRecurridosComandoImpugnadosPorcentaje":0.13}}