{"fechaTotalizacion":"Aug 14, 2023, 5:27:40 AM","estadoRecuento":{"mesasEsperadas":73,"mesasTotalizadas":72,"mesasTotalizadasPorcentaje":98.63,"cantidadElectores":24912,"cantidadVotantes":17814,"participacionPorcentaje":71.5},"valoresTotalizadosPositivos":[{"idAgrupacion":"134","idAgrupacionTelegrama":"134","nombreAgrupacion":"UNION POR LA PATRIA","votos":6590,"votosPorcentaje":37.42,"listas":[{"idLista":"3005","nombreLista":"A- CELESTE Y BLANCA","votos":4683,"votosPorcentaje":71.06},{"idLista":"3006","nombreLista":"B- JUSTA Y SOBERANA","votos":1907,"votosPorcentaje":28.93}]},{"idAgrupacion":"132","idAgrupacionTelegrama":"132","nombreAgrupacion":"JUNTOS POR EL CAMBIO","votos":5381,"votosPorcentaje":30.56,"listas":[{"idLista":"3008","nombreLista":"B- LA FUERZA DEL CAMBIO","votos":3645,"votosPorcentaje":67.73},{"idLista":"3007","nombreLista":"A- EL CAMBIO DE NUESTRAS VIDAS","votos":1736,"votosPorcentaje":32.26}]},{"idAgrupacion":"135","idAgrupacionTelegrama":"135","nombreAgrupacion":"LA LIBERTAD AVANZA","votos":3432,"votosPorcentaje":19.49,"listas":[{"idLista":"3016","nombreLista":"A- LIBERTAD POR SIEMPRE","votos":3432,"votosPorcentaje":100.0}]},{"idAgrupacion":"136","idAgrupacionTelegrama":"136","nombreAgrupacion":"FRENTE DE IZQUIERDA Y DE TRABAJADORES - UNIDAD","votos":742,"votosPorcentaje":4.21,"listas":[{"idLista":"3009","nombreLista":"A- UNIR Y FORTALECER LA IZQUIERDA","votos":539,"votosPorcentaje":72.64},{"idLista":"3010","nombreLista":"B- UNIDAD DE LUCHADORES Y LA IZQUIERDA","votos":203,"votosPorcentaje":27.35}]},{"idAgrupacion":"133","idAgrupacionTelegrama":"133","nombreAgrupacion":"HACEMOS POR NUESTRO PAIS","votos":212,"votosPorcentaje":1.2,"listas":[{"idLista":"3001","nombreLista":"A- HACEMOS","votos":212,"votosPorcentaje":100.0}]},{"idAgrupacion":"137","idAgrupacionTelegrama":"137","nombreAgrupacion":"PRINCIPIOS Y VALORES","votos":177,"votosPorcentaje":1.0,"listas":[{"idLista":"3011","nombreLista":"1A- TIERRA, TECHO  Y TRABAJO","votos":177,"votosPorcentaje":100.0}]},{"idAgrupacion":"13","idAgrupacionTelegrama":"13","nombreAgrupacion":"MOVIMIENTO AL SOCIALISMO","votos":76,"votosPorcentaje":0.43,"listas":[{"idLista":"3017","nombreLista":"A- IZQUIERDA ANTICAPITALISTA","votos":76,"votosPorcentaje":100.0}]},{"idAgrupacion":"90","idAgrupacionTelegrama":"90","nombreAgrupacion":"MOVIMIENTO IZQUIERDA JUVENTUD Y DIGNIDAD","votos":72,"votosPorcentaje":0.4,"listas":[{"idLista":"3027","nombreLista":"B- CONFEDERAL","votos":61,"votosPorcentaje":84.72},{"idLista":"3026","nombreLista":"A- DIGNIDAD","votos":11,"votosPorcentaje":15.27}]},{"idAgrupacion":"40","idAgrupacionTelegrama":"40","nombreAgrupacion":"MOVIMIENTO LIBRES DEL SUR","votos":63,"votosPorcentaje":0.35,"listas":[{"idLista":"3019","nombreLista":"A- AZUL Y ROJO","votos":63,"votosPorcentaje":100.0}]},{"idAgrupacion":"92","idAgrupacionTelegrama":"92","nombreAgrupacion":"POLITICA OBRERA","votos":42,"votosPorcentaje":0.23,"listas":[{"idLista":"3020","nombreLista":"A- UNIDAD OBRERA","votos":42,"votosPorcentaje":100.0}]},{"idAgrupacion":"131","idAgrupacionTelegrama":"131","nombreAgrupacion":"FRENTE LIBER.AR","votos":35,"votosPorcentaje":0.19,"listas":[{"idLista":"3003","nombreLista":"B- RECONQUISTA","votos":25,"votosPorcentaje":71.42},{"idLista":"3002","nombreLista":"A- DEMOS","votos":10,"votosPorcentaje":28.57},{"idLista":"3004","nombreLista":"C- ANTICORRUPCIÓN","votos":0,"votosPorcentaje":0.0}]},{"idAgrupacion":"95","idAgrupacionTelegrama":"95","nombreAgrupacion":"FRENTE PATRIOTA FEDERAL","votos":35,"votosPorcentaje":0.19,"listas":[{"idLista":"3021","nombreLista":"A- PRIMERO LA PATRIA","votos":35,"votosPorcentaje":100.0}]},{"idAgrupacion":"94","idAgrupacionTelegrama":"94","nombreAgrupacion":"PROYECTO JOVEN","votos":30,"votosPorcentaje":0.17,"listas":[{"idLista":"3022","nombreLista":"A- COALICION PAZ DEMOCRACIA SOBERANIA","votos":14,"votosPorcentaje":46.66},{"idLista":"3023","nombreLista":"B- PATRIA UNIDA","votos":14,"votosPorcentaje":46.66},{"idLista":"3024","nombreLista":"C- TODEX","votos":2,"votosPorcentaje":6.66}]},{"idAgrupacion":"57","idAgrupacionTelegrama":"57","nombreAgrupacion":"MOVIMIENTO DE ACCION VECINAL","votos":15,"votosPorcentaje":0.08,"listas":[{"idLista":"3025","nombreLista":"A- COMPROMISO VECINAL","votos":15,"votosPorcentaje":100.0}]},{"idAgrupacion":"20","idAgrupacionTelegrama":"20","nombreAgrupacion":"UNION DEL CENTRO DEMOCRATICO","votos":11,"votosPorcentaje":0.06,"listas":[{"idLista":"3018","nombreLista":"A- APERTURA LIBERAL ARGENTINA","votos":11,"votosPorcentaje":100.0}]}],"valoresTotalizadosOtros":{"votosNulos":176,"votosNulosPorcentaje":0.98,"votosEnBlanco":694,"votosEnBlancoPorcentaje":3.89,"votosRecurridosComandoImpugnados":31,"votosRecurridosComandoImpugnadosPorcentaje":0.17}}