{"fechaTotalizacion":"Aug 14, 2023, 5:27:40 AM","estadoRecuento":{"mesasEsperadas":162,"mesasTotalizadas":155,"mesasTotalizadasPorcentaje":95.67,"cantidadElectores":54177,"cantidadVotantes":37149,"participacionPorcentaje":68.56},"valoresTotalizadosPositivos":[{"idAgrupacion":"134","idAgrupacionTelegrama":"134","nombreAgrupacion":"UNION POR LA PATRIA","votos":15038,"votosPorcentaje":40.85,"listas":[{"idLista":"3005","nombreLista":"A- CELESTE Y BLANCA","votos":10928,"votosPorcentaje":72.66},{"idLista":"3006","nombreLista":"B- JUSTA Y SOBERANA","votos":4110,"votosPorcentaje":27.33}]},{"idAgrupacion":"132","idAgrupacionTelegrama":"132","nombreAgrupacion":"JUNTOS POR EL CAMBIO","votos":8875,"votosPorcentaje":24.11,"listas":[{"idLista":"3008","nombreLista":"B- LA FUERZA DEL CAMBIO","votos":6126,"votosPorcentaje":69.02},{"idLista":"3007","nombreLista":"A- EL CAMBIO DE NUESTRAS VIDAS","votos":2749,"votosPorcentaje":30.97}]},{"idAgrupacion":"135","idAgrupacionTelegrama":"135","nombreAgrupacion":"LA LIBERTAD AVANZA","votos":7752,"votosPorcentaje":21.05,"listas":[{"idLista":"3016","nombreLista":"A- LIBERTAD POR SIEMPRE","votos":7752,"votosPorcentaje":100.0}]},{"idAgrupacion":"136","idAgrupacionTelegrama":"136","nombreAgrupacion":"FRENTE DE IZQUIERDA Y DE TRABAJADORES - UNIDAD","votos":1439,"votosPorcentaje":3.9,"listas":[{"idLista":"3009","nombreLista":"A- UNIR Y FORTALECER LA IZQUIERDA","votos":986,"votosPorcentaje":68.51},{"idLista":"3010","nombreLista":"B- UNIDAD DE LUCHADORES Y LA IZQUIERDA","votos":453,"votosPorcentaje":31.48}]},{"idAgrupacion":"40","idAgrupacionTelegrama":"40","nombreAgrupacion":"MOVIMIENTO LIBRES DEL SUR","votos":388,"votosPorcentaje":1.05,"listas":[{"idLista":"3019","nombreLista":"A- AZUL Y ROJO","votos":388,"votosPorcentaje":100.0}]},{"idAgrupacion":"137","idAgrupacionTelegrama":"137","nombreAgrupacion":"PRINCIPIOS Y VALORES","votos":356,"votosPorcentaje":0.96,"listas":[{"idLista":"3011","nombreLista":"1A- TIERRA, TECHO  Y TRABAJO","votos":356,"votosPorcentaje":100.0}]},{"idAgrupacion":"133","idAgrupacionTelegrama":"133","nombreAgrupacion":"HACEMOS POR NUESTRO PAIS","votos":260,"votosPorcentaje":0.7,"listas":[{"idLista":"3001","nombreLista":"A- HACEMOS","votos":260,"votosPorcentaje":100.0}]},{"idAgrupacion":"90","idAgrupacionTelegrama":"90","nombreAgrupacion":"MOVIMIENTO IZQUIERDA JUVENTUD Y DIGNIDAD","votos":196,"votosPorcentaje":0.53,"listas":[{"idLista":"3027","nombreLista":"B- CONFEDERAL","votos":146,"votosPorcentaje":74.48},{"idLista":"3026","nombreLista":"A- DIGNIDAD","votos":50,"votosPorcentaje":25.51}]},{"idAgrupacion":"13","idAgrupacionTelegrama":"13","nombreAgrupacion":"MOVIMIENTO AL SOCIALISMO","votos":162,"votosPorcentaje":0.44,"listas":[{"idLista":"3017","nombreLista":"A- IZQUIERDA ANTICAPITALISTA","votos":162,"votosPorcentaje":100.0}]},{"idAgrupacion":"92","idAgrupacionTelegrama":"92","nombreAgrupacion":"POLITICA OBRERA","votos":101,"votosPorcentaje":0.27,"listas":[{"idLista":"3020","nombreLista":"A- UNIDAD OBRERA","votos":101,"votosPorcentaje":100.0}]},{"idAgrupacion":"94","idAgrupacionTelegrama":"94","nombreAgrupacion":"PROYECTO JOVEN","votos":79,"votosPorcentaje":0.21,"listas":[{"idLista":"3023","nombreLista":"B- PATRIA UNIDA","votos":32,"votosPorcentaje":40.5},{"idLista":"3022","nombreLista":"A- COALICION PAZ DEMOCRACIA SOBERANIA","votos":30,"votosPorcentaje":37.97},{"idLista":"3024","nombreLista":"C- TODEX","votos":17,"votosPorcentaje":21.51}]},{"idAgrupacion":"131","idAgrupacionTelegrama":"131","nombreAgrupacion":"FRENTE LIBER.AR","votos":72,"votosPorcentaje":0.19,"listas":[{"idLista":"3003","nombreLista":"B- RECONQUISTA","votos":36,"votosPorcentaje":50.0},{"idLista":"3002","nombreLista":"A- DEMOS","votos":34,"votosPorcentaje":47.22},{"idLista":"3004","nombreLista":"C- ANTICORRUPCIÓN","votos":2,"votosPorcentaje":2.77}]},{"idAgrupacion":"95","idAgrupacionTelegrama":"95","nombreAgrupacion":"FRENTE PATRIOTA FEDERAL","votos":56,"votosPorcentaje":0.15,"listas":[{"idLista":"3021","nombreLista":"A- PRIMERO LA PATRIA","votos":56,"votosPorcentaje":100.0}]},{"idAgrupacion":"20","idAgrupacionTelegrama":"20","nombreAgrupacion":"UNION DEL CENTRO DEMOCRATICO","votos":47,"votosPorcentaje":0.12,"listas":[{"idLista":"3018","nombreLista":"A- APERTURA LIBERAL ARGENTINA","votos":47,"votosPorcentaje":100.0}]},{"idAgrupacion":"57","idAgrupacionTelegrama":"57","nombreAgrupacion":"MOVIMIENTO DE ACCION VECINAL","votos":27,"votosPorcentaje":0.07,"listas":[{"idLista":"3025","nombreLista":"A- COMPROMISO VECINAL","votos":27,"votosPorcentaje":100.0}]}],"valoresTotalizadosOtros":{"votosNulos":266,"votosNulosPorcentaje":0.71,"votosEnBlanco":1962,"votosEnBlancoPorcentaje":5.28,"votosRecurridosComandoImpugnados":73,"votosRecurridosComandoImpugnadosPorcentaje":0.19}}