{"fechaTotalizacion":"Aug 14, 2023, 5:27:40 AM","estadoRecuento":{"mesasEsperadas":98,"mesasTotalizadas":96,"mesasTotalizadasPorcentaje":97.95,"cantidadElectores":33315,"cantidadVotantes":23780,"participacionPorcentaje":71.37},"valoresTotalizadosPositivos":[{"idAgrupacion":"134","idAgrupacionTelegrama":"134","nombreAgrupacion":"UNION POR LA PATRIA","votos":8163,"votosPorcentaje":34.63,"listas":[{"idLista":"3005","nombreLista":"A- CELESTE Y BLANCA","votos":6020,"votosPorcentaje":73.74},{"idLista":"3006","nombreLista":"B- JUSTA Y SOBERANA","votos":2143,"votosPorcentaje":26.25}]},{"idAgrupacion":"132","idAgrupacionTelegrama":"132","nombreAgrupacion":"JUNTOS POR EL CAMBIO","votos":6715,"votosPorcentaje":28.49,"listas":[{"idLista":"3008","nombreLista":"B- LA FUERZA DEL CAMBIO","votos":4508,"votosPorcentaje":67.13},{"idLista":"3007","nombreLista":"A- EL CAMBIO DE NUESTRAS VIDAS","votos":2207,"votosPorcentaje":32.86}]},{"idAgrupacion":"135","idAgrupacionTelegrama":"135","nombreAgrupacion":"LA LIBERTAD AVANZA","votos":5243,"votosPorcentaje":22.24,"listas":[{"idLista":"3016","nombreLista":"A- LIBERTAD POR SIEMPRE","votos":5243,"votosPorcentaje":100.0}]},{"idAgrupacion":"136","idAgrupacionTelegrama":"136","nombreAgrupacion":"FRENTE DE IZQUIERDA Y DE TRABAJADORES - UNIDAD","votos":1060,"votosPorcentaje":4.49,"listas":[{"idLista":"3009","nombreLista":"A- UNIR Y FORTALECER LA IZQUIERDA","votos":835,"votosPorcentaje":78.77},{"idLista":"3010","nombreLista":"B- UNIDAD DE LUCHADORES Y LA IZQUIERDA","votos":225,"votosPorcentaje":21.22}]},{"idAgrupacion":"133","idAgrupacionTelegrama":"133","nombreAgrupacion":"HACEMOS POR NUESTRO PAIS","votos":260,"votosPorcentaje":1.1,"listas":[{"idLista":"3001","nombreLista":"A- HACEMOS","votos":260,"votosPorcentaje":100.0}]},{"idAgrupacion":"137","idAgrupacionTelegrama":"137","nombreAgrupacion":"PRINCIPIOS Y VALORES","votos":250,"votosPorcentaje":1.06,"listas":[{"idLista":"3011","nombreLista":"1A- TIERRA, TECHO  Y TRABAJO","votos":250,"votosPorcentaje":100.0}]},{"idAgrupacion":"90","idAgrupacionTelegrama":"90","nombreAgrupacion":"MOVIMIENTO IZQUIERDA JUVENTUD Y DIGNIDAD","votos":107,"votosPorcentaje":0.45,"listas":[{"idLista":"3027","nombreLista":"B- CONFEDERAL","votos":71,"votosPorcentaje":66.35},{"idLista":"3026","nombreLista":"A- DIGNIDAD","votos":36,"votosPorcentaje":33.64}]},{"idAgrupacion":"13","idAgrupacionTelegrama":"13","nombreAgrupacion":"MOVIMIENTO AL SOCIALISMO","votos":100,"votosPorcentaje":0.42,"listas":[{"idLista":"3017","nombreLista":"A- IZQUIERDA ANTICAPITALISTA","votos":100,"votosPorcentaje":100.0}]},{"idAgrupacion":"40","idAgrupacionTelegrama":"40","nombreAgrupacion":"MOVIMIENTO LIBRES DEL SUR","votos":81,"votosPorcentaje":0.34,"listas":[{"idLista":"3019","nombreLista":"A- AZUL Y ROJO","votos":81,"votosPorcentaje":100.0}]},{"idAgrupacion":"92","idAgrupacionTelegrama":"92","nombreAgrupacion":"POLITICA OBRERA","votos":71,"votosPorcentaje":0.3,"listas":[{"idLista":"3020","nombreLista":"A- UNIDAD OBRERA","votos":71,"votosPorcentaje":100.0}]},{"idAgrupacion":"94","idAgrupacionTelegrama":"94","nombreAgrupacion":"PROYECTO JOVEN","votos":64,"votosPorcentaje":0.27,"listas":[{"idLista":"3023","nombreLista":"B- PATRIA UNIDA","votos":31,"votosPorcentaje":48.43},{"idLista":"3022","nombreLista":"A- COALICION PAZ DEMOCRACIA SOBERANIA","votos":21,"votosPorcentaje":32.81},{"idLista":"3024","nombreLista":"C- TODEX","votos":12,"votosPorcentaje":18.75}]},{"idAgrupacion":"131","idAgrupacionTelegrama":"131","nombreAgrupacion":"FRENTE LIBER.AR","votos":44,"votosPorcentaje":0.18,"listas":[{"idLista":"3003","nombreLista":"B- RECONQUISTA","votos":24,"votosPorcentaje":54.54},{"idLista":"3002","nombreLista":"A- DEMOS","votos":17,"votosPorcentaje":38.63},{"idLista":"3004","nombreLista":"C- ANTICORRUPCIÓN","votos":3,"votosPorcentaje":6.81}]},{"idAgrupacion":"95","idAgrupacionTelegrama":"95","nombreAgrupacion":"FRENTE PATRIOTA FEDERAL","votos":37,"votosPorcentaje":0.15,"listas":[{"idLista":"3021","nombreLista":"A- PRIMERO LA PATRIA","votos":37,"votosPorcentaje":100.0}]},{"idAgrupacion":"20","idAgrupacionTelegrama":"20","nombreAgrupacion":"UNION DEL CENTRO DEMOCRATICO","votos":20,"votosPorcentaje":0.08,"listas":[{"idLista":"3018","nombreLista":"A- APERTURA LIBERAL ARGENTINA","votos":20,"votosPorcentaje":100.0}]},{"idAgrupacion":"57","idAgrupacionTelegrama":"57","nombreAgrupacion":"MOVIMIENTO DE ACCION VECINAL","votos":18,"votosPorcentaje":0.07,"listas":[{"idLista":"3025","nombreLista":"A- COMPROMISO VECINAL","votos":18,"votosPorcentaje":100.0}]}],"valoresTotalizadosOtros":{"votosNulos":149,"votosNulosPorcentaje":0.62,"votosEnBlanco":1333,"votosEnBlancoPorcentaje":5.6,"votosRecurridosComandoImpugnados":65,"votosRecurridosComandoImpugnadosPorcentaje":0.27}}