{"fechaTotalizacion":"Aug 14, 2023, 5:27:40 AM","estadoRecuento":{"mesasEsperadas":97,"mesasTotalizadas":95,"mesasTotalizadasPorcentaje":97.93,"cantidadElectores":33076,"cantidadVotantes":23984,"participacionPorcentaje":72.51},"valoresTotalizadosPositivos":[{"idAgrupacion":"132","idAgrupacionTelegrama":"132","nombreAgrupacion":"JUNTOS POR EL CAMBIO","votos":8738,"votosPorcentaje":36.72,"listas":[{"idLista":"3008","nombreLista":"B- LA FUERZA DEL CAMBIO","votos":5876,"votosPorcentaje":67.24},{"idLista":"3007","nombreLista":"A- EL CAMBIO DE NUESTRAS VIDAS","votos":2862,"votosPorcentaje":32.75}]},{"idAgrupacion":"134","idAgrupacionTelegrama":"134","nombreAgrupacion":"UNION POR LA PATRIA","votos":7464,"votosPorcentaje":31.37,"listas":[{"idLista":"3005","nombreLista":"A- CELESTE Y BLANCA","votos":5285,"votosPorcentaje":70.8},{"idLista":"3006","nombreLista":"B- JUSTA Y SOBERANA","votos":2179,"votosPorcentaje":29.19}]},{"idAgrupacion":"135","idAgrupacionTelegrama":"135","nombreAgrupacion":"LA LIBERTAD AVANZA","votos":4609,"votosPorcentaje":19.37,"listas":[{"idLista":"3016","nombreLista":"A- LIBERTAD POR SIEMPRE","votos":4609,"votosPorcentaje":100.0}]},{"idAgrupacion":"136","idAgrupacionTelegrama":"136","nombreAgrupacion":"FRENTE DE IZQUIERDA Y DE TRABAJADORES - UNIDAD","votos":1000,"votosPorcentaje":4.2,"listas":[{"idLista":"3009","nombreLista":"A- UNIR Y FORTALECER LA IZQUIERDA","votos":751,"votosPorcentaje":75.09},{"idLista":"3010","nombreLista":"B- UNIDAD DE LUCHADORES Y LA IZQUIERDA","votos":249,"votosPorcentaje":24.89}]},{"idAgrupacion":"133","idAgrupacionTelegrama":"133","nombreAgrupacion":"HACEMOS POR NUESTRO PAIS","votos":269,"votosPorcentaje":1.13,"listas":[{"idLista":"3001","nombreLista":"A- HACEMOS","votos":269,"votosPorcentaje":100.0}]},{"idAgrupacion":"137","idAgrupacionTelegrama":"137","nombreAgrupacion":"PRINCIPIOS Y VALORES","votos":252,"votosPorcentaje":1.05,"listas":[{"idLista":"3011","nombreLista":"1A- TIERRA, TECHO  Y TRABAJO","votos":252,"votosPorcentaje":100.0}]},{"idAgrupacion":"13","idAgrupacionTelegrama":"13","nombreAgrupacion":"MOVIMIENTO AL SOCIALISMO","votos":111,"votosPorcentaje":0.46,"listas":[{"idLista":"3017","nombreLista":"A- IZQUIERDA ANTICAPITALISTA","votos":111,"votosPorcentaje":100.0}]},{"idAgrupacion":"90","idAgrupacionTelegrama":"90","nombreAgrupacion":"MOVIMIENTO IZQUIERDA JUVENTUD Y DIGNIDAD","votos":107,"votosPorcentaje":0.44,"listas":[{"idLista":"3027","nombreLista":"B- CONFEDERAL","votos":81,"votosPorcentaje":75.7},{"idLista":"3026","nombreLista":"A- DIGNIDAD","votos":26,"votosPorcentaje":24.29}]},{"idAgrupacion":"40","idAgrupacionTelegrama":"40","nombreAgrupacion":"MOVIMIENTO LIBRES DEL SUR","votos":71,"votosPorcentaje":0.29,"listas":[{"idLista":"3019","nombreLista":"A- AZUL Y ROJO","votos":71,"votosPorcentaje":100.0}]},{"idAgrupacion":"92","idAgrupacionTelegrama":"92","nombreAgrupacion":"POLITICA OBRERA","votos":56,"votosPorcentaje":0.23,"listas":[{"idLista":"3020","nombreLista":"A- UNIDAD OBRERA","votos":56,"votosPorcentaje":100.0}]},{"idAgrupacion":"94","idAgrupacionTelegrama":"94","nombreAgrupacion":"PROYECTO JOVEN","votos":52,"votosPorcentaje":0.21,"listas":[{"idLista":"3022","nombreLista":"A- COALICION PAZ DEMOCRACIA SOBERANIA","votos":32,"votosPorcentaje":61.53},{"idLista":"3023","nombreLista":"B- PATRIA UNIDA","votos":16,"votosPorcentaje":30.76},{"idLista":"3024","nombreLista":"C- TODEX","votos":4,"votosPorcentaje":7.69}]},{"idAgrupacion":"95","idAgrupacionTelegrama":"95","nombreAgrupacion":"FRENTE PATRIOTA FEDERAL","votos":41,"votosPorcentaje":0.17,"listas":[{"idLista":"3021","nombreLista":"A- PRIMERO LA PATRIA","votos":41,"votosPorcentaje":100.0}]},{"idAgrupacion":"131","idAgrupacionTelegrama":"131","nombreAgrupacion":"FRENTE LIBER.AR","votos":39,"votosPorcentaje":0.16,"listas":[{"idLista":"3003","nombreLista":"B- RECONQUISTA","votos":28,"votosPorcentaje":71.79},{"idLista":"3002","nombreLista":"A- DEMOS","votos":10,"votosPorcentaje":25.64},{"idLista":"3004","nombreLista":"C- ANTICORRUPCIÓN","votos":1,"votosPorcentaje":2.56}]},{"idAgrupacion":"20","idAgrupacionTelegrama":"20","nombreAgrupacion":"UNION DEL CENTRO DEMOCRATICO","votos":17,"votosPorcentaje":0.07,"listas":[{"idLista":"3018","nombreLista":"A- APERTURA LIBERAL ARGENTINA","votos":17,"votosPorcentaje":100.0}]},{"idAgrupacion":"57","idAgrupacionTelegrama":"57","nombreAgrupacion":"MOVIMIENTO DE ACCION VECINAL","votos":6,"votosPorcentaje":0.02,"listas":[{"idLista":"3025","nombreLista":"A- COMPROMISO VECINAL","votos":6,"votosPorcentaje":100.0}]}],"valoresTotalizadosOtros":{"votosNulos":136,"votosNulosPorcentaje":0.56,"votosEnBlanco":958,"votosEnBlancoPorcentaje":3.99,"votosRecurridosComandoImpugnados":58,"votosRecurridosComandoImpugnadosPorcentaje":0.24}}