{"fechaTotalizacion":"Aug 14, 2023, 5:27:40 AM","estadoRecuento":{"mesasEsperadas":22,"mesasTotalizadas":21,"mesasTotalizadasPorcentaje":95.45,"cantidadElectores":7109,"cantidadVotantes":5224,"participacionPorcentaje":73.48},"valoresTotalizadosPositivos":[{"idAgrupacion":"132","idAgrupacionTelegrama":"132","nombreAgrupacion":"JUNTOS POR EL CAMBIO","votos":1994,"votosPorcentaje":38.28,"listas":[{"idLista":"3008","nombreLista":"B- LA FUERZA DEL CAMBIO","votos":1310,"votosPorcentaje":65.69},{"idLista":"3007","nombreLista":"A- EL CAMBIO DE NUESTRAS VIDAS","votos":684,"votosPorcentaje":34.3}]},{"idAgrupacion":"134","idAgrupacionTelegrama":"134","nombreAgrupacion":"UNION POR LA PATRIA","votos":1598,"votosPorcentaje":30.68,"listas":[{"idLista":"3005","nombreLista":"A- CELESTE Y BLANCA","votos":1104,"votosPorcentaje":69.08},{"idLista":"3006","nombreLista":"B- JUSTA Y SOBERANA","votos":494,"votosPorcentaje":30.91}]},{"idAgrupacion":"135","idAgrupacionTelegrama":"135","nombreAgrupacion":"LA LIBERTAD AVANZA","votos":875,"votosPorcentaje":16.8,"listas":[{"idLista":"3016","nombreLista":"A- LIBERTAD POR SIEMPRE","votos":875,"votosPorcentaje":100.0}]},{"idAgrupacion":"136","idAgrupacionTelegrama":"136","nombreAgrupacion":"FRENTE DE IZQUIERDA Y DE TRABAJADORES - UNIDAD","votos":229,"votosPorcentaje":4.39,"listas":[{"idLista":"3009","nombreLista":"A- UNIR Y FORTALECER LA IZQUIERDA","votos":173,"votosPorcentaje":75.54},{"idLista":"3010","nombreLista":"B- UNIDAD DE LUCHADORES Y LA IZQUIERDA","votos":56,"votosPorcentaje":24.45}]},{"idAgrupacion":"137","idAgrupacionTelegrama":"137","nombreAgrupacion":"PRINCIPIOS Y VALORES","votos":56,"votosPorcentaje":1.07,"listas":[{"idLista":"3011","nombreLista":"1A- TIERRA, TECHO  Y TRABAJO","votos":56,"votosPorcentaje":100.0}]},{"idAgrupacion":"133","idAgrupacionTelegrama":"133","nombreAgrupacion":"HACEMOS POR NUESTRO PAIS","votos":53,"votosPorcentaje":1.01,"listas":[{"idLista":"3001","nombreLista":"A- HACEMOS","votos":53,"votosPorcentaje":100.0}]},{"idAgrupacion":"90","idAgrupacionTelegrama":"90","nombreAgrupacion":"MOVIMIENTO IZQUIERDA JUVENTUD Y DIGNIDAD","votos":32,"votosPorcentaje":0.61,"listas":[{"idLista":"3027","nombreLista":"B- CONFEDERAL","votos":25,"votosPorcentaje":78.12},{"idLista":"3026","nombreLista":"A- DIGNIDAD","votos":7,"votosPorcentaje":21.87}]},{"idAgrupacion":"13","idAgrupacionTelegrama":"13","nombreAgrupacion":"MOVIMIENTO AL SOCIALISMO","votos":27,"votosPorcentaje":0.51,"listas":[{"idLista":"3017","nombreLista":"A- IZQUIERDA ANTICAPITALISTA","votos":27,"votosPorcentaje":100.0}]},{"idAgrupacion":"40","idAgrupacionTelegrama":"40","nombreAgrupacion":"MOVIMIENTO LIBRES DEL SUR","votos":18,"votosPorcentaje":0.34,"listas":[{"idLista":"3019","nombreLista":"A- AZUL Y ROJO","votos":18,"votosPorcentaje":100.0}]},{"idAgrupacion":"94","idAgrupacionTelegrama":"94","nombreAgrupacion":"PROYECTO JOVEN","votos":15,"votosPorcentaje":0.28,"listas":[{"idLista":"3022","nombreLista":"A- COALICION PAZ DEMOCRACIA SOBERANIA","votos":11,"votosPorcentaje":73.33},{"idLista":"3024","nombreLista":"C- TODEX","votos":3,"votosPorcentaje":20.0},{"idLista":"3023","nombreLista":"B- PATRIA UNIDA","votos":1,"votosPorcentaje":6.66}]},{"idAgrupacion":"92","idAgrupacionTelegrama":"92","nombreAgrupacion":"POLITICA OBRERA","votos":11,"votosPorcentaje":0.21,"listas":[{"idLista":"3020","nombreLista":"A- UNIDAD OBRERA","votos":11,"votosPorcentaje":100.0}]},{"idAgrupacion":"95","idAgrupacionTelegrama":"95","nombreAgrupacion":"FRENTE PATRIOTA FEDERAL","votos":10,"votosPorcentaje":0.19,"listas":[{"idLista":"3021","nombreLista":"A- PRIMERO LA PATRIA","votos":10,"votosPorcentaje":100.0}]},{"idAgrupacion":"57","idAgrupacionTelegrama":"57","nombreAgrupacion":"MOVIMIENTO DE ACCION VECINAL","votos":5,"votosPorcentaje":0.09,"listas":[{"idLista":"3025","nombreLista":"A- COMPROMISO VECINAL","votos":5,"votosPorcentaje":100.0}]},{"idAgrupacion":"20","idAgrupacionTelegrama":"20","nombreAgrupacion":"UNION DEL CENTRO DEMOCRATICO","votos":4,"votosPorcentaje":0.07,"listas":[{"idLista":"3018","nombreLista":"A- APERTURA LIBERAL ARGENTINA","votos":4,"votosPorcentaje":100.0}]},{"idAgrupacion":"131","idAgrupacionTelegrama":"131","nombreAgrupacion":"FRENTE LIBER.AR","votos":2,"votosPorcentaje":0.03,"listas":[{"idLista":"3003","nombreLista":"B- RECONQUISTA","votos":2,"votosPorcentaje":100.0},{"idLista":"3002","nombreLista":"A- DEMOS","votos":0,"votosPorcentaje":0.0},{"idLista":"3004","nombreLista":"C- ANTICORRUPCIÓN","votos":0,"votosPorcentaje":0.0}]}],"valoresTotalizadosOtros":{"votosNulos":15,"votosNulosPorcentaje":0.28,"votosEnBlanco":279,"votosEnBlancoPorcentaje":5.34,"votosRecurridosComandoImpugnados":1,"votosRecurridosComandoImpugnadosPorcentaje":0.01}}