{"fechaTotalizacion":"Aug 14, 2023, 5:27:40 AM","estadoRecuento":{"mesasEsperadas":36,"mesasTotalizadas":35,"mesasTotalizadasPorcentaje":97.22,"cantidadElectores":12027,"cantidadVotantes":8879,"participacionPorcentaje":73.82},"valoresTotalizadosPositivos":[{"idAgrupacion":"132","idAgrupacionTelegrama":"132","nombreAgrupacion":"JUNTOS POR EL CAMBIO","votos":3302,"votosPorcentaje":37.55,"listas":[{"idLista":"3008","nombreLista":"B- LA FUERZA DEL CAMBIO","votos":2240,"votosPorcentaje":67.83},{"idLista":"3007","nombreLista":"A- EL CAMBIO DE NUESTRAS VIDAS","votos":1062,"votosPorcentaje":32.16}]},{"idAgrupacion":"134","idAgrupacionTelegrama":"134","nombreAgrupacion":"UNION POR LA PATRIA","votos":2699,"votosPorcentaje":30.69,"listas":[{"idLista":"3005","nombreLista":"A- CELESTE Y BLANCA","votos":1905,"votosPorcentaje":70.58},{"idLista":"3006","nombreLista":"B- JUSTA Y SOBERANA","votos":794,"votosPorcentaje":29.41}]},{"idAgrupacion":"135","idAgrupacionTelegrama":"135","nombreAgrupacion":"LA LIBERTAD AVANZA","votos":1754,"votosPorcentaje":19.94,"listas":[{"idLista":"3016","nombreLista":"A- LIBERTAD POR SIEMPRE","votos":1754,"votosPorcentaje":100.0}]},{"idAgrupacion":"136","idAgrupacionTelegrama":"136","nombreAgrupacion":"FRENTE DE IZQUIERDA Y DE TRABAJADORES - UNIDAD","votos":343,"votosPorcentaje":3.9,"listas":[{"idLista":"3009","nombreLista":"A- UNIR Y FORTALECER LA IZQUIERDA","votos":264,"votosPorcentaje":76.96},{"idLista":"3010","nombreLista":"B- UNIDAD DE LUCHADORES Y LA IZQUIERDA","votos":79,"votosPorcentaje":23.03}]},{"idAgrupacion":"137","idAgrupacionTelegrama":"137","nombreAgrupacion":"PRINCIPIOS Y VALORES","votos":111,"votosPorcentaje":1.26,"listas":[{"idLista":"3011","nombreLista":"1A- TIERRA, TECHO  Y TRABAJO","votos":111,"votosPorcentaje":100.0}]},{"idAgrupacion":"133","idAgrupacionTelegrama":"133","nombreAgrupacion":"HACEMOS POR NUESTRO PAIS","votos":107,"votosPorcentaje":1.21,"listas":[{"idLista":"3001","nombreLista":"A- HACEMOS","votos":107,"votosPorcentaje":100.0}]},{"idAgrupacion":"90","idAgrupacionTelegrama":"90","nombreAgrupacion":"MOVIMIENTO IZQUIERDA JUVENTUD Y DIGNIDAD","votos":45,"votosPorcentaje":0.51,"listas":[{"idLista":"3027","nombreLista":"B- CONFEDERAL","votos":40,"votosPorcentaje":88.88},{"idLista":"3026","nombreLista":"A- DIGNIDAD","votos":5,"votosPorcentaje":11.11}]},{"idAgrupacion":"13","idAgrupacionTelegrama":"13","nombreAgrupacion":"MOVIMIENTO AL SOCIALISMO","votos":38,"votosPorcentaje":0.43,"listas":[{"idLista":"3017","nombreLista":"A- IZQUIERDA ANTICAPITALISTA","votos":38,"votosPorcentaje":100.0}]},{"idAgrupacion":"40","idAgrupacionTelegrama":"40","nombreAgrupacion":"MOVIMIENTO LIBRES DEL SUR","votos":28,"votosPorcentaje":0.31,"listas":[{"idLista":"3019","nombreLista":"A- AZUL Y ROJO","votos":28,"votosPorcentaje":100.0}]},{"idAgrupacion":"94","idAgrupacionTelegrama":"94","nombreAgrupacion":"PROYECTO JOVEN","votos":16,"votosPorcentaje":0.18,"listas":[{"idLista":"3023","nombreLista":"B- PATRIA UNIDA","votos":12,"votosPorcentaje":75.0},{"idLista":"3022","nombreLista":"A- COALICION PAZ DEMOCRACIA SOBERANIA","votos":4,"votosPorcentaje":25.0},{"idLista":"3024","nombreLista":"C- TODEX","votos":0,"votosPorcentaje":0.0}]},{"idAgrupacion":"92","idAgrupacionTelegrama":"92","nombreAgrupacion":"POLITICA OBRERA","votos":13,"votosPorcentaje":0.14,"listas":[{"idLista":"3020","nombreLista":"A- UNIDAD OBRERA","votos":13,"votosPorcentaje":100.0}]},{"idAgrupacion":"95","idAgrupacionTelegrama":"95","nombreAgrupacion":"FRENTE PATRIOTA FEDERAL","votos":7,"votosPorcentaje":0.07,"listas":[{"idLista":"3021","nombreLista":"A- PRIMERO LA PATRIA","votos":7,"votosPorcentaje":100.0}]},{"idAgrupacion":"131","idAgrupacionTelegrama":"131","nombreAgrupacion":"FRENTE LIBER.AR","votos":6,"votosPorcentaje":0.06,"listas":[{"idLista":"3003","nombreLista":"B- RECONQUISTA","votos":6,"votosPorcentaje":100.0},{"idLista":"3002","nombreLista":"A- DEMOS","votos":0,"votosPorcentaje":0.0},{"idLista":"3004","nombreLista":"C- ANTICORRUPCIÓN","votos":0,"votosPorcentaje":0.0}]},{"idAgrupacion":"20","idAgrupacionTelegrama":"20","nombreAgrupacion":"UNION DEL CENTRO DEMOCRATICO","votos":6,"votosPorcentaje":0.06,"listas":[{"idLista":"3018","nombreLista":"A- APERTURA LIBERAL ARGENTINA","votos":6,"votosPorcentaje":100.0}]},{"idAgrupacion":"57","idAgrupacionTelegrama":"57","nombreAgrupacion":"MOVIMIENTO DE ACCION VECINAL","votos":5,"votosPorcentaje":0.05,"listas":[{"idLista":"3025","nombreLista":"A- COMPROMISO VECINAL","votos":5,"votosPorcentaje":100.0}]}],"valoresTotalizadosOtros":{"votosNulos":82,"votosNulosPorcentaje":0.92,"votosEnBlanco":312,"votosEnBlancoPorcentaje":3.51,"votosRecurridosComandoImpugnados":5,"votosRecurridosComandoImpugnadosPorcentaje":0.05}}