{"fechaTotalizacion":"Aug 14, 2023, 5:27:40 AM","estadoRecuento":{"mesasEsperadas":48,"mesasTotalizadas":47,"mesasTotalizadasPorcentaje":97.91,"cantidadElectores":16303,"cantidadVotantes":11733,"participacionPorcentaje":71.96},"valoresTotalizadosPositivos":[{"idAgrupacion":"132","idAgrupacionTelegrama":"132","nombreAgrupacion":"JUNTOS POR EL CAMBIO","votos":4235,"votosPorcentaje":36.34,"listas":[{"idLista":"3008","nombreLista":"B- LA FUERZA DEL CAMBIO","votos":2779,"votosPorcentaje":65.61},{"idLista":"3007","nombreLista":"A- EL CAMBIO DE NUESTRAS VIDAS","votos":1456,"votosPorcentaje":34.38}]},{"idAgrupacion":"134","idAgrupacionTelegrama":"134","nombreAgrupacion":"UNION POR LA PATRIA","votos":3525,"votosPorcentaje":30.25,"listas":[{"idLista":"3005","nombreLista":"A- CELESTE Y BLANCA","votos":2523,"votosPorcentaje":71.57},{"idLista":"3006","nombreLista":"B- JUSTA Y SOBERANA","votos":1002,"votosPorcentaje":28.42}]},{"idAgrupacion":"135","idAgrupacionTelegrama":"135","nombreAgrupacion":"LA LIBERTAD AVANZA","votos":2264,"votosPorcentaje":19.43,"listas":[{"idLista":"3016","nombreLista":"A- LIBERTAD POR SIEMPRE","votos":2264,"votosPorcentaje":100.0}]},{"idAgrupacion":"136","idAgrupacionTelegrama":"136","nombreAgrupacion":"FRENTE DE IZQUIERDA Y DE TRABAJADORES - UNIDAD","votos":512,"votosPorcentaje":4.39,"listas":[{"idLista":"3009","nombreLista":"A- UNIR Y FORTALECER LA IZQUIERDA","votos":369,"votosPorcentaje":72.07},{"idLista":"3010","nombreLista":"B- UNIDAD DE LUCHADORES Y LA IZQUIERDA","votos":143,"votosPorcentaje":27.92}]},{"idAgrupacion":"137","idAgrupacionTelegrama":"137","nombreAgrupacion":"PRINCIPIOS Y VALORES","votos":167,"votosPorcentaje":1.43,"listas":[{"idLista":"3011","nombreLista":"1A- TIERRA, TECHO  Y TRABAJO","votos":167,"votosPorcentaje":100.0}]},{"idAgrupacion":"133","idAgrupacionTelegrama":"133","nombreAgrupacion":"HACEMOS POR NUESTRO PAIS","votos":130,"votosPorcentaje":1.11,"listas":[{"idLista":"3001","nombreLista":"A- HACEMOS","votos":130,"votosPorcentaje":100.0}]},{"idAgrupacion":"90","idAgrupacionTelegrama":"90","nombreAgrupacion":"MOVIMIENTO IZQUIERDA JUVENTUD Y DIGNIDAD","votos":60,"votosPorcentaje":0.51,"listas":[{"idLista":"3027","nombreLista":"B- CONFEDERAL","votos":41,"votosPorcentaje":68.33},{"idLista":"3026","nombreLista":"A- DIGNIDAD","votos":19,"votosPorcentaje":31.66}]},{"idAgrupacion":"13","idAgrupacionTelegrama":"13","nombreAgrupacion":"MOVIMIENTO AL SOCIALISMO","votos":53,"votosPorcentaje":0.45,"listas":[{"idLista":"3017","nombreLista":"A- IZQUIERDA ANTICAPITALISTA","votos":53,"votosPorcentaje":100.0}]},{"idAgrupacion":"40","idAgrupacionTelegrama":"40","nombreAgrupacion":"MOVIMIENTO LIBRES DEL SUR","votos":49,"votosPorcentaje":0.42,"listas":[{"idLista":"3019","nombreLista":"A- AZUL Y ROJO","votos":49,"votosPorcentaje":100.0}]},{"idAgrupacion":"94","idAgrupacionTelegrama":"94","nombreAgrupacion":"PROYECTO JOVEN","votos":34,"votosPorcentaje":0.29,"listas":[{"idLista":"3022","nombreLista":"A- COALICION PAZ DEMOCRACIA SOBERANIA","votos":16,"votosPorcentaje":47.05},{"idLista":"3023","nombreLista":"B- PATRIA UNIDA","votos":16,"votosPorcentaje":47.05},{"idLista":"3024","nombreLista":"C- TODEX","votos":2,"votosPorcentaje":5.88}]},{"idAgrupacion":"92","idAgrupacionTelegrama":"92","nombreAgrupacion":"POLITICA OBRERA","votos":31,"votosPorcentaje":0.26,"listas":[{"idLista":"3020","nombreLista":"A- UNIDAD OBRERA","votos":31,"votosPorcentaje":100.0}]},{"idAgrupacion":"95","idAgrupacionTelegrama":"95","nombreAgrupacion":"FRENTE PATRIOTA FEDERAL","votos":26,"votosPorcentaje":0.22,"listas":[{"idLista":"3021","nombreLista":"A- PRIMERO LA PATRIA","votos":26,"votosPorcentaje":100.0}]},{"idAgrupacion":"131","idAgrupacionTelegrama":"131","nombreAgrupacion":"FRENTE LIBER.AR","votos":18,"votosPorcentaje":0.15,"listas":[{"idLista":"3003","nombreLista":"B- RECONQUISTA","votos":12,"votosPorcentaje":66.66},{"idLista":"3002","nombreLista":"A- DEMOS","votos":5,"votosPorcentaje":27.77},{"idLista":"3004","nombreLista":"C- ANTICORRUPCIÓN","votos":1,"votosPorcentaje":5.55}]},{"idAgrupacion":"20","idAgrupacionTelegrama":"20","nombreAgrupacion":"UNION DEL CENTRO DEMOCRATICO","votos":10,"votosPorcentaje":0.08,"listas":[{"idLista":"3018","nombreLista":"A- APERTURA LIBERAL ARGENTINA","votos":10,"votosPorcentaje":100.0}]},{"idAgrupacion":"57","idAgrupacionTelegrama":"57","nombreAgrupacion":"MOVIMIENTO DE ACCION VECINAL","votos":9,"votosPorcentaje":0.07,"listas":[{"idLista":"3025","nombreLista":"A- COMPROMISO VECINAL","votos":9,"votosPorcentaje":100.0}]}],"valoresTotalizadosOtros":{"votosNulos":42,"votosNulosPorcentaje":0.35,"votosEnBlanco":529,"votosEnBlancoPorcentaje":4.5,"votosRecurridosComandoImpugnados":39,"votosRecurridosComandoImpugnadosPorcentaje":0.33}}