{"fechaTotalizacion":"Aug 14, 2023, 5:27:40 AM","estadoRecuento":{"mesasEsperadas":27,"mesasTotalizadas":27,"mesasTotalizadasPorcentaje":100.0,"cantidadElectores":9132,"cantidadVotantes":6834,"participacionPorcentaje":74.83},"valoresTotalizadosPositivos":[{"idAgrupacion":"132","idAgrupacionTelegrama":"132","nombreAgrupacion":"JUNTOS POR EL CAMBIO","votos":2337,"votosPorcentaje":34.5,"listas":[{"idLista":"3008","nombreLista":"B- LA FUERZA DEL CAMBIO","votos":1480,"votosPorcentaje":63.32},{"idLista":"3007","nombreLista":"A- EL CAMBIO DE NUESTRAS VIDAS","votos":857,"votosPorcentaje":36.67}]},{"idAgrupacion":"134","idAgrupacionTelegrama":"134","nombreAgrupacion":"UNION POR LA PATRIA","votos":2202,"votosPorcentaje":32.51,"listas":[{"idLista":"3005","nombreLista":"A- CELESTE Y BLANCA","votos":1534,"votosPorcentaje":69.66},{"idLista":"3006","nombreLista":"B- JUSTA Y SOBERANA","votos":668,"votosPorcentaje":30.33}]},{"idAgrupacion":"135","idAgrupacionTelegrama":"135","nombreAgrupacion":"LA LIBERTAD AVANZA","votos":1409,"votosPorcentaje":20.8,"listas":[{"idLista":"3016","nombreLista":"A- LIBERTAD POR SIEMPRE","votos":1409,"votosPorcentaje":100.0}]},{"idAgrupacion":"136","idAgrupacionTelegrama":"136","nombreAgrupacion":"FRENTE DE IZQUIERDA Y DE TRABAJADORES - UNIDAD","votos":278,"votosPorcentaje":4.1,"listas":[{"idLista":"3009","nombreLista":"A- UNIR Y FORTALECER LA IZQUIERDA","votos":202,"votosPorcentaje":72.66},{"idLista":"3010","nombreLista":"B- UNIDAD DE LUCHADORES Y LA IZQUIERDA","votos":76,"votosPorcentaje":27.33}]},{"idAgrupacion":"137","idAgrupacionTelegrama":"137","nombreAgrupacion":"PRINCIPIOS Y VALORES","votos":81,"votosPorcentaje":1.19,"listas":[{"idLista":"3011","nombreLista":"1A- TIERRA, TECHO  Y TRABAJO","votos":81,"votosPorcentaje":100.0}]},{"idAgrupacion":"133","idAgrupacionTelegrama":"133","nombreAgrupacion":"HACEMOS POR NUESTRO PAIS","votos":74,"votosPorcentaje":1.09,"listas":[{"idLista":"3001","nombreLista":"A- HACEMOS","votos":74,"votosPorcentaje":100.0}]},{"idAgrupacion":"90","idAgrupacionTelegrama":"90","nombreAgrupacion":"MOVIMIENTO IZQUIERDA JUVENTUD Y DIGNIDAD","votos":31,"votosPorcentaje":0.45,"listas":[{"idLista":"3027","nombreLista":"B- CONFEDERAL","votos":25,"votosPorcentaje":80.64},{"idLista":"3026","nombreLista":"A- DIGNIDAD","votos":6,"votosPorcentaje":19.35}]},{"idAgrupacion":"13","idAgrupacionTelegrama":"13","nombreAgrupacion":"MOVIMIENTO AL SOCIALISMO","votos":25,"votosPorcentaje":0.36,"listas":[{"idLista":"3017","nombreLista":"A- IZQUIERDA ANTICAPITALISTA","votos":25,"votosPorcentaje":100.0}]},{"idAgrupacion":"92","idAgrupacionTelegrama":"92","nombreAgrupacion":"POLITICA OBRERA","votos":20,"votosPorcentaje":0.29,"listas":[{"idLista":"3020","nombreLista":"A- UNIDAD OBRERA","votos":20,"votosPorcentaje":100.0}]},{"idAgrupacion":"94","idAgrupacionTelegrama":"94","nombreAgrupacion":"PROYECTO JOVEN","votos":19,"votosPorcentaje":0.28,"listas":[{"idLista":"3022","nombreLista":"A- COALICION PAZ DEMOCRACIA SOBERANIA","votos":8,"votosPorcentaje":42.1},{"idLista":"3023","nombreLista":"B- PATRIA UNIDA","votos":6,"votosPorcentaje":31.57},{"idLista":"3024","nombreLista":"C- TODEX","votos":5,"votosPorcentaje":26.31}]},{"idAgrupacion":"95","idAgrupacionTelegrama":"95","nombreAgrupacion":"FRENTE PATRIOTA FEDERAL","votos":11,"votosPorcentaje":0.16,"listas":[{"idLista":"3021","nombreLista":"A- PRIMERO LA PATRIA","votos":11,"votosPorcentaje":100.0}]},{"idAgrupacion":"40","idAgrupacionTelegrama":"40","nombreAgrupacion":"MOVIMIENTO LIBRES DEL SUR","votos":8,"votosPorcentaje":0.11,"listas":[{"idLista":"3019","nombreLista":"A- AZUL Y ROJO","votos":8,"votosPorcentaje":100.0}]},{"idAgrupacion":"131","idAgrupacionTelegrama":"131","nombreAgrupacion":"FRENTE LIBER.AR","votos":7,"votosPorcentaje":0.1,"listas":[{"idLista":"3003","nombreLista":"B- RECONQUISTA","votos":5,"votosPorcentaje":71.42},{"idLista":"3002","nombreLista":"A- DEMOS","votos":2,"votosPorcentaje":28.57},{"idLista":"3004","nombreLista":"C- ANTICORRUPCIÓN","votos":0,"votosPorcentaje":0.0}]},{"idAgrupacion":"20","idAgrupacionTelegrama":"20","nombreAgrupacion":"UNION DEL CENTRO DEMOCRATICO","votos":3,"votosPorcentaje":0.04,"listas":[{"idLista":"3018","nombreLista":"A- APERTURA LIBERAL ARGENTINA","votos":3,"votosPorcentaje":100.0}]},{"idAgrupacion":"57","idAgrupacionTelegrama":"57","nombreAgrupacion":"MOVIMIENTO DE ACCION VECINAL","votos":2,"votosPorcentaje":0.02,"listas":[{"idLista":"3025","nombreLista":"A- COMPROMISO VECINAL","votos":2,"votosPorcentaje":100.0}]}],"valoresTotalizadosOtros":{"votosNulos":40,"votosNulosPorcentaje":0.58,"votosEnBlanco":266,"votosEnBlancoPorcentaje":3.89,"votosRecurridosComandoImpugnados":21,"votosRecurridosComandoImpugnadosPorcentaje":0.3}}