{"fechaTotalizacion":"Aug 14, 2023, 5:27:40 AM","estadoRecuento":{"mesasEsperadas":126,"mesasTotalizadas":126,"mesasTotalizadasPorcentaje":100.0,"cantidadElectores":43998,"cantidadVotantes":31103,"participacionPorcentaje":70.69},"valoresTotalizadosPositivos":[{"idAgrupacion":"134","idAgrupacionTelegrama":"134","nombreAgrupacion":"UNION POR LA PATRIA","votos":10555,"votosPorcentaje":34.36,"listas":[{"idLista":"3005","nombreLista":"A- CELESTE Y BLANCA","votos":7859,"votosPorcentaje":74.45},{"idLista":"3006","nombreLista":"B- JUSTA Y SOBERANA","votos":2696,"votosPorcentaje":25.54}]},{"idAgrupacion":"132","idAgrupacionTelegrama":"132","nombreAgrupacion":"JUNTOS POR EL CAMBIO","votos":9313,"votosPorcentaje":30.32,"listas":[{"idLista":"3008","nombreLista":"B- LA FUERZA DEL CAMBIO","votos":6315,"votosPorcentaje":67.8},{"idLista":"3007","nombreLista":"A- EL CAMBIO DE NUESTRAS VIDAS","votos":2998,"votosPorcentaje":32.19}]},{"idAgrupacion":"135","idAgrupacionTelegrama":"135","nombreAgrupacion":"LA LIBERTAD AVANZA","votos":6770,"votosPorcentaje":22.04,"listas":[{"idLista":"3016","nombreLista":"A- LIBERTAD POR SIEMPRE","votos":6770,"votosPorcentaje":100.0}]},{"idAgrupacion":"136","idAgrupacionTelegrama":"136","nombreAgrupacion":"FRENTE DE IZQUIERDA Y DE TRABAJADORES - UNIDAD","votos":1250,"votosPorcentaje":4.06,"listas":[{"idLista":"3009","nombreLista":"A- UNIR Y FORTALECER LA IZQUIERDA","votos":879,"votosPorcentaje":70.32},{"idLista":"3010","nombreLista":"B- UNIDAD DE LUCHADORES Y LA IZQUIERDA","votos":371,"votosPorcentaje":29.67}]},{"idAgrupacion":"137","idAgrupacionTelegrama":"137","nombreAgrupacion":"PRINCIPIOS Y VALORES","votos":364,"votosPorcentaje":1.18,"listas":[{"idLista":"3011","nombreLista":"1A- TIERRA, TECHO  Y TRABAJO","votos":364,"votosPorcentaje":100.0}]},{"idAgrupacion":"133","idAgrupacionTelegrama":"133","nombreAgrupacion":"HACEMOS POR NUESTRO PAIS","votos":249,"votosPorcentaje":0.81,"listas":[{"idLista":"3001","nombreLista":"A- HACEMOS","votos":249,"votosPorcentaje":100.0}]},{"idAgrupacion":"90","idAgrupacionTelegrama":"90","nombreAgrupacion":"MOVIMIENTO IZQUIERDA JUVENTUD Y DIGNIDAD","votos":162,"votosPorcentaje":0.52,"listas":[{"idLista":"3027","nombreLista":"B- CONFEDERAL","votos":125,"votosPorcentaje":77.16},{"idLista":"3026","nombreLista":"A- DIGNIDAD","votos":37,"votosPorcentaje":22.83}]},{"idAgrupacion":"13","idAgrupacionTelegrama":"13","nombreAgrupacion":"MOVIMIENTO AL SOCIALISMO","votos":141,"votosPorcentaje":0.45,"listas":[{"idLista":"3017","nombreLista":"A- IZQUIERDA ANTICAPITALISTA","votos":141,"votosPorcentaje":100.0}]},{"idAgrupacion":"40","idAgrupacionTelegrama":"40","nombreAgrupacion":"MOVIMIENTO LIBRES DEL SUR","votos":136,"votosPorcentaje":0.44,"listas":[{"idLista":"3019","nombreLista":"A- AZUL Y ROJO","votos":136,"votosPorcentaje":100.0}]},{"idAgrupacion":"94","idAgrupacionTelegrama":"94","nombreAgrupacion":"PROYECTO JOVEN","votos":98,"votosPorcentaje":0.31,"listas":[{"idLista":"3023","nombreLista":"B- PATRIA UNIDA","votos":49,"votosPorcentaje":50.0},{"idLista":"3022","nombreLista":"A- COALICION PAZ DEMOCRACIA SOBERANIA","votos":31,"votosPorcentaje":31.63},{"idLista":"3024","nombreLista":"C- TODEX","votos":18,"votosPorcentaje":18.36}]},{"idAgrupacion":"92","idAgrupacionTelegrama":"92","nombreAgrupacion":"POLITICA OBRERA","votos":90,"votosPorcentaje":0.29,"listas":[{"idLista":"3020","nombreLista":"A- UNIDAD OBRERA","votos":90,"votosPorcentaje":100.0}]},{"idAgrupacion":"131","idAgrupacionTelegrama":"131","nombreAgrupacion":"FRENTE LIBER.AR","votos":65,"votosPorcentaje":0.21,"listas":[{"idLista":"3003","nombreLista":"B- RECONQUISTA","votos":34,"votosPorcentaje":52.3},{"idLista":"3002","nombreLista":"A- DEMOS","votos":30,"votosPorcentaje":46.15},{"idLista":"3004","nombreLista":"C- ANTICORRUPCIÓN","votos":1,"votosPorcentaje":1.53}]},{"idAgrupacion":"95","idAgrupacionTelegrama":"95","nombreAgrupacion":"FRENTE PATRIOTA FEDERAL","votos":65,"votosPorcentaje":0.21,"listas":[{"idLista":"3021","nombreLista":"A- PRIMERO LA PATRIA","votos":65,"votosPorcentaje":100.0}]},{"idAgrupacion":"57","idAgrupacionTelegrama":"57","nombreAgrupacion":"MOVIMIENTO DE ACCION VECINAL","votos":27,"votosPorcentaje":0.08,"listas":[{"idLista":"3025","nombreLista":"A- COMPROMISO VECINAL","votos":27,"votosPorcentaje":100.0}]},{"idAgrupacion":"20","idAgrupacionTelegrama":"20","nombreAgrupacion":"UNION DEL CENTRO DEMOCRATICO","votos":26,"votosPorcentaje":0.08,"listas":[{"idLista":"3018","nombreLista":"A- APERTURA LIBERAL ARGENTINA","votos":26,"votosPorcentaje":100.0}]}],"valoresTotalizadosOtros":{"votosNulos":308,"votosNulosPorcentaje":0.99,"votosEnBlanco":1402,"votosEnBlancoPorcentaje":4.5,"votosRecurridosComandoImpugnados":82,"votosRecurridosComandoImpugnadosPorcentaje":0.26}}