{"fechaTotalizacion":"Aug 14, 2023, 5:27:40 AM","estadoRecuento":{"mesasEsperadas":78,"mesasTotalizadas":74,"mesasTotalizadasPorcentaje":94.87,"cantidadElectores":25628,"cantidadVotantes":18586,"participacionPorcentaje":72.52},"valoresTotalizadosPositivos":[{"idAgrupacion":"132","idAgrupacionTelegrama":"132","nombreAgrupacion":"JUNTOS POR EL CAMBIO","votos":6656,"votosPorcentaje":36.16,"listas":[{"idLista":"3008","nombreLista":"B- LA FUERZA DEL CAMBIO","votos":4624,"votosPorcentaje":69.47},{"idLista":"3007","nombreLista":"A- EL CAMBIO DE NUESTRAS VIDAS","votos":2032,"votosPorcentaje":30.52}]},{"idAgrupacion":"134","idAgrupacionTelegrama":"134","nombreAgrupacion":"UNION POR LA PATRIA","votos":5583,"votosPorcentaje":30.33,"listas":[{"idLista":"3005","nombreLista":"A- CELESTE Y BLANCA","votos":3965,"votosPorcentaje":71.01},{"idLista":"3006","nombreLista":"B- JUSTA Y SOBERANA","votos":1618,"votosPorcentaje":28.98}]},{"idAgrupacion":"135","idAgrupacionTelegrama":"135","nombreAgrupacion":"LA LIBERTAD AVANZA","votos":3697,"votosPorcentaje":20.08,"listas":[{"idLista":"3016","nombreLista":"A- LIBERTAD POR SIEMPRE","votos":3697,"votosPorcentaje":100.0}]},{"idAgrupacion":"136","idAgrupacionTelegrama":"136","nombreAgrupacion":"FRENTE DE IZQUIERDA Y DE TRABAJADORES - UNIDAD","votos":769,"votosPorcentaje":4.17,"listas":[{"idLista":"3009","nombreLista":"A- UNIR Y FORTALECER LA IZQUIERDA","votos":575,"votosPorcentaje":74.77},{"idLista":"3010","nombreLista":"B- UNIDAD DE LUCHADORES Y LA IZQUIERDA","votos":194,"votosPorcentaje":25.22}]},{"idAgrupacion":"137","idAgrupacionTelegrama":"137","nombreAgrupacion":"PRINCIPIOS Y VALORES","votos":252,"votosPorcentaje":1.36,"listas":[{"idLista":"3011","nombreLista":"1A- TIERRA, TECHO  Y TRABAJO","votos":252,"votosPorcentaje":100.0}]},{"idAgrupacion":"133","idAgrupacionTelegrama":"133","nombreAgrupacion":"HACEMOS POR NUESTRO PAIS","votos":162,"votosPorcentaje":0.88,"listas":[{"idLista":"3001","nombreLista":"A- HACEMOS","votos":162,"votosPorcentaje":100.0}]},{"idAgrupacion":"90","idAgrupacionTelegrama":"90","nombreAgrupacion":"MOVIMIENTO IZQUIERDA JUVENTUD Y DIGNIDAD","votos":94,"votosPorcentaje":0.51,"listas":[{"idLista":"3027","nombreLista":"B- CONFEDERAL","votos":75,"votosPorcentaje":79.78},{"idLista":"3026","nombreLista":"A- DIGNIDAD","votos":19,"votosPorcentaje":20.21}]},{"idAgrupacion":"13","idAgrupacionTelegrama":"13","nombreAgrupacion":"MOVIMIENTO AL SOCIALISMO","votos":90,"votosPorcentaje":0.48,"listas":[{"idLista":"3017","nombreLista":"A- IZQUIERDA ANTICAPITALISTA","votos":90,"votosPorcentaje":100.0}]},{"idAgrupacion":"40","idAgrupacionTelegrama":"40","nombreAgrupacion":"MOVIMIENTO LIBRES DEL SUR","votos":61,"votosPorcentaje":0.33,"listas":[{"idLista":"3019","nombreLista":"A- AZUL Y ROJO","votos":61,"votosPorcentaje":100.0}]},{"idAgrupacion":"94","idAgrupacionTelegrama":"94","nombreAgrupacion":"PROYECTO JOVEN","votos":57,"votosPorcentaje":0.3,"listas":[{"idLista":"3023","nombreLista":"B- PATRIA UNIDA","votos":30,"votosPorcentaje":52.63},{"idLista":"3022","nombreLista":"A- COALICION PAZ DEMOCRACIA SOBERANIA","votos":21,"votosPorcentaje":36.84},{"idLista":"3024","nombreLista":"C- TODEX","votos":6,"votosPorcentaje":10.52}]},{"idAgrupacion":"92","idAgrupacionTelegrama":"92","nombreAgrupacion":"POLITICA OBRERA","votos":39,"votosPorcentaje":0.21,"listas":[{"idLista":"3020","nombreLista":"A- UNIDAD OBRERA","votos":39,"votosPorcentaje":100.0}]},{"idAgrupacion":"95","idAgrupacionTelegrama":"95","nombreAgrupacion":"FRENTE PATRIOTA FEDERAL","votos":36,"votosPorcentaje":0.19,"listas":[{"idLista":"3021","nombreLista":"A- PRIMERO LA PATRIA","votos":36,"votosPorcentaje":100.0}]},{"idAgrupacion":"131","idAgrupacionTelegrama":"131","nombreAgrupacion":"FRENTE LIBER.AR","votos":33,"votosPorcentaje":0.17,"listas":[{"idLista":"3003","nombreLista":"B- RECONQUISTA","votos":17,"votosPorcentaje":51.51},{"idLista":"3002","nombreLista":"A- DEMOS","votos":12,"votosPorcentaje":36.36},{"idLista":"3004","nombreLista":"C- ANTICORRUPCIÓN","votos":4,"votosPorcentaje":12.12}]},{"idAgrupacion":"57","idAgrupacionTelegrama":"57","nombreAgrupacion":"MOVIMIENTO DE ACCION VECINAL","votos":11,"votosPorcentaje":0.05,"listas":[{"idLista":"3025","nombreLista":"A- COMPROMISO VECINAL","votos":11,"votosPorcentaje":100.0}]},{"idAgrupacion":"20","idAgrupacionTelegrama":"20","nombreAgrupacion":"UNION DEL CENTRO DEMOCRATICO","votos":5,"votosPorcentaje":0.02,"listas":[{"idLista":"3018","nombreLista":"A- APERTURA LIBERAL ARGENTINA","votos":5,"votosPorcentaje":100.0}]}],"valoresTotalizadosOtros":{"votosNulos":133,"votosNulosPorcentaje":0.71,"votosEnBlanco":859,"votosEnBlancoPorcentaje":4.62,"votosRecurridosComandoImpugnados":49,"votosRecurridosComandoImpugnadosPorcentaje":0.26}}