{"fechaTotalizacion":"Aug 14, 2023, 5:27:40 AM","estadoRecuento":{"mesasEsperadas":86,"mesasTotalizadas":85,"mesasTotalizadasPorcentaje":98.83,"cantidadElectores":29734,"cantidadVotantes":21722,"participacionPorcentaje":73.05},"valoresTotalizadosPositivos":[{"idAgrupacion":"132","idAgrupacionTelegrama":"132","nombreAgrupacion":"JUNTOS POR EL CAMBIO","votos":9006,"votosPorcentaje":41.83,"listas":[{"idLista":"3008","nombreLista":"B- LA FUERZA DEL CAMBIO","votos":6235,"votosPorcentaje":69.23},{"idLista":"3007","nombreLista":"A- EL CAMBIO DE NUESTRAS VIDAS","votos":2771,"votosPorcentaje":30.76}]},{"idAgrupacion":"134","idAgrupacionTelegrama":"134","nombreAgrupacion":"UNION POR LA PATRIA","votos":6028,"votosPorcentaje":27.99,"listas":[{"idLista":"3005","nombreLista":"A- CELESTE Y BLANCA","votos":4306,"votosPorcentaje":71.43},{"idLista":"3006","nombreLista":"B- JUSTA Y SOBERANA","votos":1722,"votosPorcentaje":28.56}]},{"idAgrupacion":"135","idAgrupacionTelegrama":"135","nombreAgrupacion":"LA LIBERTAD AVANZA","votos":3911,"votosPorcentaje":18.16,"listas":[{"idLista":"3016","nombreLista":"A- LIBERTAD POR SIEMPRE","votos":3911,"votosPorcentaje":100.0}]},{"idAgrupacion":"136","idAgrupacionTelegrama":"136","nombreAgrupacion":"FRENTE DE IZQUIERDA Y DE TRABAJADORES - UNIDAD","votos":871,"votosPorcentaje":4.04,"listas":[{"idLista":"3009","nombreLista":"A- UNIR Y FORTALECER LA IZQUIERDA","votos":654,"votosPorcentaje":75.08},{"idLista":"3010","nombreLista":"B- UNIDAD DE LUCHADORES Y LA IZQUIERDA","votos":217,"votosPorcentaje":24.91}]},{"idAgrupacion":"133","idAgrupacionTelegrama":"133","nombreAgrupacion":"HACEMOS POR NUESTRO PAIS","votos":267,"votosPorcentaje":1.24,"listas":[{"idLista":"3001","nombreLista":"A- HACEMOS","votos":267,"votosPorcentaje":100.0}]},{"idAgrupacion":"137","idAgrupacionTelegrama":"137","nombreAgrupacion":"PRINCIPIOS Y VALORES","votos":224,"votosPorcentaje":1.04,"listas":[{"idLista":"3011","nombreLista":"1A- TIERRA, TECHO  Y TRABAJO","votos":224,"votosPorcentaje":100.0}]},{"idAgrupacion":"90","idAgrupacionTelegrama":"90","nombreAgrupacion":"MOVIMIENTO IZQUIERDA JUVENTUD Y DIGNIDAD","votos":116,"votosPorcentaje":0.53,"listas":[{"idLista":"3027","nombreLista":"B- CONFEDERAL","votos":97,"votosPorcentaje":83.62},{"idLista":"3026","nombreLista":"A- DIGNIDAD","votos":19,"votosPorcentaje":16.37}]},{"idAgrupacion":"13","idAgrupacionTelegrama":"13","nombreAgrupacion":"MOVIMIENTO AL SOCIALISMO","votos":96,"votosPorcentaje":0.44,"listas":[{"idLista":"3017","nombreLista":"A- IZQUIERDA ANTICAPITALISTA","votos":96,"votosPorcentaje":100.0}]},{"idAgrupacion":"40","idAgrupacionTelegrama":"40","nombreAgrupacion":"MOVIMIENTO LIBRES DEL SUR","votos":58,"votosPorcentaje":0.26,"listas":[{"idLista":"3019","nombreLista":"A- AZUL Y ROJO","votos":58,"votosPorcentaje":100.0}]},{"idAgrupacion":"94","idAgrupacionTelegrama":"94","nombreAgrupacion":"PROYECTO JOVEN","votos":46,"votosPorcentaje":0.21,"listas":[{"idLista":"3023","nombreLista":"B- PATRIA UNIDA","votos":21,"votosPorcentaje":45.65},{"idLista":"3022","nombreLista":"A- COALICION PAZ DEMOCRACIA SOBERANIA","votos":17,"votosPorcentaje":36.95},{"idLista":"3024","nombreLista":"C- TODEX","votos":8,"votosPorcentaje":17.39}]},{"idAgrupacion":"92","idAgrupacionTelegrama":"92","nombreAgrupacion":"POLITICA OBRERA","votos":38,"votosPorcentaje":0.17,"listas":[{"idLista":"3020","nombreLista":"A- UNIDAD OBRERA","votos":38,"votosPorcentaje":100.0}]},{"idAgrupacion":"95","idAgrupacionTelegrama":"95","nombreAgrupacion":"FRENTE PATRIOTA FEDERAL","votos":33,"votosPorcentaje":0.15,"listas":[{"idLista":"3021","nombreLista":"A- PRIMERO LA PATRIA","votos":33,"votosPorcentaje":100.0}]},{"idAgrupacion":"131","idAgrupacionTelegrama":"131","nombreAgrupacion":"FRENTE LIBER.AR","votos":25,"votosPorcentaje":0.11,"listas":[{"idLista":"3003","nombreLista":"B- RECONQUISTA","votos":16,"votosPorcentaje":64.0},{"idLista":"3002","nombreLista":"A- DEMOS","votos":9,"votosPorcentaje":36.0},{"idLista":"3004","nombreLista":"C- ANTICORRUPCIÓN","votos":0,"votosPorcentaje":0.0}]},{"idAgrupacion":"20","idAgrupacionTelegrama":"20","nombreAgrupacion":"UNION DEL CENTRO DEMOCRATICO","votos":10,"votosPorcentaje":0.04,"listas":[{"idLista":"3018","nombreLista":"A- APERTURA LIBERAL ARGENTINA","votos":10,"votosPorcentaje":100.0}]},{"idAgrupacion":"57","idAgrupacionTelegrama":"57","nombreAgrupacion":"MOVIMIENTO DE ACCION VECINAL","votos":3,"votosPorcentaje":0.01,"listas":[{"idLista":"3025","nombreLista":"A- COMPROMISO VECINAL","votos":3,"votosPorcentaje":100.0}]}],"valoresTotalizadosOtros":{"votosNulos":167,"votosNulosPorcentaje":0.76,"votosEnBlanco":797,"votosEnBlancoPorcentaje":3.66,"votosRecurridosComandoImpugnados":26,"votosRecurridosComandoImpugnadosPorcentaje":0.11}}