{"fechaTotalizacion":"Aug 14, 2023, 5:27:40 AM","estadoRecuento":{"mesasEsperadas":171,"mesasTotalizadas":167,"mesasTotalizadasPorcentaje":97.66,"cantidadElectores":58288,"cantidadVotantes":39280,"participacionPorcentaje":67.38},"valoresTotalizadosPositivos":[{"idAgrupacion":"134","idAgrupacionTelegrama":"134","nombreAgrupacion":"UNION POR LA PATRIA","votos":17272,"votosPorcentaje":44.38,"listas":[{"idLista":"3005","nombreLista":"A- CELESTE Y BLANCA","votos":13092,"votosPorcentaje":75.79},{"idLista":"3006","nombreLista":"B- JUSTA Y SOBERANA","votos":4180,"votosPorcentaje":24.2}]},{"idAgrupacion":"135","idAgrupacionTelegrama":"135","nombreAgrupacion":"LA LIBERTAD AVANZA","votos":8184,"votosPorcentaje":21.03,"listas":[{"idLista":"3016","nombreLista":"A- LIBERTAD POR SIEMPRE","votos":8184,"votosPorcentaje":100.0}]},{"idAgrupacion":"132","idAgrupacionTelegrama":"132","nombreAgrupacion":"JUNTOS POR EL CAMBIO","votos":8123,"votosPorcentaje":20.87,"listas":[{"idLista":"3008","nombreLista":"B- LA FUERZA DEL CAMBIO","votos":5540,"votosPorcentaje":68.2},{"idLista":"3007","nombreLista":"A- EL CAMBIO DE NUESTRAS VIDAS","votos":2583,"votosPorcentaje":31.79}]},{"idAgrupacion":"136","idAgrupacionTelegrama":"136","nombreAgrupacion":"FRENTE DE IZQUIERDA Y DE TRABAJADORES - UNIDAD","votos":1515,"votosPorcentaje":3.89,"listas":[{"idLista":"3009","nombreLista":"A- UNIR Y FORTALECER LA IZQUIERDA","votos":1006,"votosPorcentaje":66.4},{"idLista":"3010","nombreLista":"B- UNIDAD DE LUCHADORES Y LA IZQUIERDA","votos":509,"votosPorcentaje":33.59}]},{"idAgrupacion":"137","idAgrupacionTelegrama":"137","nombreAgrupacion":"PRINCIPIOS Y VALORES","votos":281,"votosPorcentaje":0.72,"listas":[{"idLista":"3011","nombreLista":"1A- TIERRA, TECHO  Y TRABAJO","votos":281,"votosPorcentaje":100.0}]},{"idAgrupacion":"133","idAgrupacionTelegrama":"133","nombreAgrupacion":"HACEMOS POR NUESTRO PAIS","votos":264,"votosPorcentaje":0.67,"listas":[{"idLista":"3001","nombreLista":"A- HACEMOS","votos":264,"votosPorcentaje":100.0}]},{"idAgrupacion":"90","idAgrupacionTelegrama":"90","nombreAgrupacion":"MOVIMIENTO IZQUIERDA JUVENTUD Y DIGNIDAD","votos":171,"votosPorcentaje":0.43,"listas":[{"idLista":"3027","nombreLista":"B- CONFEDERAL","votos":126,"votosPorcentaje":73.68},{"idLista":"3026","nombreLista":"A- DIGNIDAD","votos":45,"votosPorcentaje":26.31}]},{"idAgrupacion":"13","idAgrupacionTelegrama":"13","nombreAgrupacion":"MOVIMIENTO AL SOCIALISMO","votos":161,"votosPorcentaje":0.41,"listas":[{"idLista":"3017","nombreLista":"A- IZQUIERDA ANTICAPITALISTA","votos":161,"votosPorcentaje":100.0}]},{"idAgrupacion":"40","idAgrupacionTelegrama":"40","nombreAgrupacion":"MOVIMIENTO LIBRES DEL SUR","votos":161,"votosPorcentaje":0.41,"listas":[{"idLista":"3019","nombreLista":"A- AZUL Y ROJO","votos":161,"votosPorcentaje":100.0}]},{"idAgrupacion":"94","idAgrupacionTelegrama":"94","nombreAgrupacion":"PROYECTO JOVEN","votos":112,"votosPorcentaje":0.28,"listas":[{"idLista":"3023","nombreLista":"B- PATRIA UNIDA","votos":45,"votosPorcentaje":40.17},{"idLista":"3022","nombreLista":"A- COALICION PAZ DEMOCRACIA SOBERANIA","votos":44,"votosPorcentaje":39.28},{"idLista":"3024","nombreLista":"C- TODEX","votos":23,"votosPorcentaje":20.53}]},{"idAgrupacion":"131","idAgrupacionTelegrama":"131","nombreAgrupacion":"FRENTE LIBER.AR","votos":90,"votosPorcentaje":0.23,"listas":[{"idLista":"3003","nombreLista":"B- RECONQUISTA","votos":56,"votosPorcentaje":62.22},{"idLista":"3002","nombreLista":"A- DEMOS","votos":30,"votosPorcentaje":33.33},{"idLista":"3004","nombreLista":"C- ANTICORRUPCIÓN","votos":4,"votosPorcentaje":4.44}]},{"idAgrupacion":"92","idAgrupacionTelegrama":"92","nombreAgrupacion":"POLITICA OBRERA","votos":87,"votosPorcentaje":0.22,"listas":[{"idLista":"3020","nombreLista":"A- UNIDAD OBRERA","votos":87,"votosPorcentaje":100.0}]},{"idAgrupacion":"95","idAgrupacionTelegrama":"95","nombreAgrupacion":"FRENTE PATRIOTA FEDERAL","votos":66,"votosPorcentaje":0.16,"listas":[{"idLista":"3021","nombreLista":"A- PRIMERO LA PATRIA","votos":66,"votosPorcentaje":100.0}]},{"idAgrupacion":"57","idAgrupacionTelegrama":"57","nombreAgrupacion":"MOVIMIENTO DE ACCION VECINAL","votos":40,"votosPorcentaje":0.1,"listas":[{"idLista":"3025","nombreLista":"A- COMPROMISO VECINAL","votos":40,"votosPorcentaje":100.0}]},{"idAgrupacion":"20","idAgrupacionTelegrama":"20","nombreAgrupacion":"UNION DEL CENTRO DEMOCRATICO","votos":37,"votosPorcentaje":0.09,"listas":[{"idLista":"3018","nombreLista":"A- APERTURA LIBERAL ARGENTINA","votos":37,"votosPorcentaje":100.0}]}],"valoresTotalizadosOtros":{"votosNulos":352,"votosNulosPorcentaje":0.89,"votosEnBlanco":2351,"votosEnBlancoPorcentaje":5.98,"votosRecurridosComandoImpugnados":13,"votosRecurridosComandoImpugnadosPorcentaje":0.03}}