{"fechaTotalizacion":"Aug 14, 2023, 5:27:40 AM","estadoRecuento":{"mesasEsperadas":60,"mesasTotalizadas":58,"mesasTotalizadasPorcentaje":96.66,"cantidadElectores":20058,"cantidadVotantes":14050,"participacionPorcentaje":70.04},"valoresTotalizadosPositivos":[{"idAgrupacion":"134","idAgrupacionTelegrama":"134","nombreAgrupacion":"UNION POR LA PATRIA","votos":4765,"votosPorcentaje":34.21,"listas":[{"idLista":"3005","nombreLista":"A- CELESTE Y BLANCA","votos":3310,"votosPorcentaje":69.46},{"idLista":"3006","nombreLista":"B- JUSTA Y SOBERANA","votos":1455,"votosPorcentaje":30.53}]},{"idAgrupacion":"132","idAgrupacionTelegrama":"132","nombreAgrupacion":"JUNTOS POR EL CAMBIO","votos":4318,"votosPorcentaje":31.0,"listas":[{"idLista":"3008","nombreLista":"B- LA FUERZA DEL CAMBIO","votos":2927,"votosPorcentaje":67.78},{"idLista":"3007","nombreLista":"A- EL CAMBIO DE NUESTRAS VIDAS","votos":1391,"votosPorcentaje":32.21}]},{"idAgrupacion":"135","idAgrupacionTelegrama":"135","nombreAgrupacion":"LA LIBERTAD AVANZA","votos":2995,"votosPorcentaje":21.5,"listas":[{"idLista":"3016","nombreLista":"A- LIBERTAD POR SIEMPRE","votos":2995,"votosPorcentaje":100.0}]},{"idAgrupacion":"136","idAgrupacionTelegrama":"136","nombreAgrupacion":"FRENTE DE IZQUIERDA Y DE TRABAJADORES - UNIDAD","votos":604,"votosPorcentaje":4.33,"listas":[{"idLista":"3009","nombreLista":"A- UNIR Y FORTALECER LA IZQUIERDA","votos":457,"votosPorcentaje":75.66},{"idLista":"3010","nombreLista":"B- UNIDAD DE LUCHADORES Y LA IZQUIERDA","votos":147,"votosPorcentaje":24.33}]},{"idAgrupacion":"137","idAgrupacionTelegrama":"137","nombreAgrupacion":"PRINCIPIOS Y VALORES","votos":169,"votosPorcentaje":1.21,"listas":[{"idLista":"3011","nombreLista":"1A- TIERRA, TECHO  Y TRABAJO","votos":169,"votosPorcentaje":100.0}]},{"idAgrupacion":"133","idAgrupacionTelegrama":"133","nombreAgrupacion":"HACEMOS POR NUESTRO PAIS","votos":141,"votosPorcentaje":1.01,"listas":[{"idLista":"3001","nombreLista":"A- HACEMOS","votos":141,"votosPorcentaje":100.0}]},{"idAgrupacion":"13","idAgrupacionTelegrama":"13","nombreAgrupacion":"MOVIMIENTO AL SOCIALISMO","votos":68,"votosPorcentaje":0.48,"listas":[{"idLista":"3017","nombreLista":"A- IZQUIERDA ANTICAPITALISTA","votos":68,"votosPorcentaje":100.0}]},{"idAgrupacion":"90","idAgrupacionTelegrama":"90","nombreAgrupacion":"MOVIMIENTO IZQUIERDA JUVENTUD Y DIGNIDAD","votos":65,"votosPorcentaje":0.46,"listas":[{"idLista":"3027","nombreLista":"B- CONFEDERAL","votos":55,"votosPorcentaje":84.61},{"idLista":"3026","nombreLista":"A- DIGNIDAD","votos":10,"votosPorcentaje":15.38}]},{"idAgrupacion":"94","idAgrupacionTelegrama":"94","nombreAgrupacion":"PROYECTO JOVEN","votos":41,"votosPorcentaje":0.29,"listas":[{"idLista":"3022","nombreLista":"A- COALICION PAZ DEMOCRACIA SOBERANIA","votos":22,"votosPorcentaje":53.65},{"idLista":"3024","nombreLista":"C- TODEX","votos":10,"votosPorcentaje":24.39},{"idLista":"3023","nombreLista":"B- PATRIA UNIDA","votos":9,"votosPorcentaje":21.95}]},{"idAgrupacion":"40","idAgrupacionTelegrama":"40","nombreAgrupacion":"MOVIMIENTO LIBRES DEL SUR","votos":40,"votosPorcentaje":0.28,"listas":[{"idLista":"3019","nombreLista":"A- AZUL Y ROJO","votos":40,"votosPorcentaje":100.0}]},{"idAgrupacion":"92","idAgrupacionTelegrama":"92","nombreAgrupacion":"POLITICA OBRERA","votos":39,"votosPorcentaje":0.28,"listas":[{"idLista":"3020","nombreLista":"A- UNIDAD OBRERA","votos":39,"votosPorcentaje":100.0}]},{"idAgrupacion":"95","idAgrupacionTelegrama":"95","nombreAgrupacion":"FRENTE PATRIOTA FEDERAL","votos":24,"votosPorcentaje":0.17,"listas":[{"idLista":"3021","nombreLista":"A- PRIMERO LA PATRIA","votos":24,"votosPorcentaje":100.0}]},{"idAgrupacion":"131","idAgrupacionTelegrama":"131","nombreAgrupacion":"FRENTE LIBER.AR","votos":15,"votosPorcentaje":0.1,"listas":[{"idLista":"3003","nombreLista":"B- RECONQUISTA","votos":9,"votosPorcentaje":60.0},{"idLista":"3002","nombreLista":"A- DEMOS","votos":5,"votosPorcentaje":33.33},{"idLista":"3004","nombreLista":"C- ANTICORRUPCIÓN","votos":1,"votosPorcentaje":6.66}]},{"idAgrupacion":"57","idAgrupacionTelegrama":"57","nombreAgrupacion":"MOVIMIENTO DE ACCION VECINAL","votos":7,"votosPorcentaje":0.05,"listas":[{"idLista":"3025","nombreLista":"A- COMPROMISO VECINAL","votos":7,"votosPorcentaje":100.0}]},{"idAgrupacion":"20","idAgrupacionTelegrama":"20","nombreAgrupacion":"UNION DEL CENTRO DEMOCRATICO","votos":5,"votosPorcentaje":0.03,"listas":[{"idLista":"3018","nombreLista":"A- APERTURA LIBERAL ARGENTINA","votos":5,"votosPorcentaje":100.0}]}],"valoresTotalizadosOtros":{"votosNulos":110,"votosNulosPorcentaje":0.78,"votosEnBlanco":631,"votosEnBlancoPorcentaje":4.49,"votosRecurridosComandoImpugnados":13,"votosRecurridosComandoImpugnadosPorcentaje":0.09}}