{"fechaTotalizacion":"Aug 14, 2023, 5:27:40 AM","estadoRecuento":{"mesasEsperadas":34,"mesasTotalizadas":32,"mesasTotalizadasPorcentaje":94.11,"cantidadElectores":10970,"cantidadVotantes":7797,"participacionPorcentaje":71.07},"valoresTotalizadosPositivos":[{"idAgrupacion":"134","idAgrupacionTelegrama":"134","nombreAgrupacion":"UNION POR LA PATRIA","votos":2778,"votosPorcentaje":35.93,"listas":[{"idLista":"3005","nombreLista":"A- CELESTE Y BLANCA","votos":2095,"votosPorcentaje":75.41},{"idLista":"3006","nombreLista":"B- JUSTA Y SOBERANA","votos":683,"votosPorcentaje":24.58}]},{"idAgrupacion":"135","idAgrupacionTelegrama":"135","nombreAgrupacion":"LA LIBERTAD AVANZA","votos":2286,"votosPorcentaje":29.56,"listas":[{"idLista":"3016","nombreLista":"A- LIBERTAD POR SIEMPRE","votos":2286,"votosPorcentaje":100.0}]},{"idAgrupacion":"132","idAgrupacionTelegrama":"132","nombreAgrupacion":"JUNTOS POR EL CAMBIO","votos":1421,"votosPorcentaje":18.38,"listas":[{"idLista":"3008","nombreLista":"B- LA FUERZA DEL CAMBIO","votos":742,"votosPorcentaje":52.21},{"idLista":"3007","nombreLista":"A- EL CAMBIO DE NUESTRAS VIDAS","votos":679,"votosPorcentaje":47.78}]},{"idAgrupacion":"136","idAgrupacionTelegrama":"136","nombreAgrupacion":"FRENTE DE IZQUIERDA Y DE TRABAJADORES - UNIDAD","votos":269,"votosPorcentaje":3.47,"listas":[{"idLista":"3009","nombreLista":"A- UNIR Y FORTALECER LA IZQUIERDA","votos":187,"votosPorcentaje":69.51},{"idLista":"3010","nombreLista":"B- UNIDAD DE LUCHADORES Y LA IZQUIERDA","votos":82,"votosPorcentaje":30.48}]},{"idAgrupacion":"137","idAgrupacionTelegrama":"137","nombreAgrupacion":"PRINCIPIOS Y VALORES","votos":97,"votosPorcentaje":1.25,"listas":[{"idLista":"3011","nombreLista":"1A- TIERRA, TECHO  Y TRABAJO","votos":97,"votosPorcentaje":100.0}]},{"idAgrupacion":"133","idAgrupacionTelegrama":"133","nombreAgrupacion":"HACEMOS POR NUESTRO PAIS","votos":87,"votosPorcentaje":1.12,"listas":[{"idLista":"3001","nombreLista":"A- HACEMOS","votos":87,"votosPorcentaje":100.0}]},{"idAgrupacion":"90","idAgrupacionTelegrama":"90","nombreAgrupacion":"MOVIMIENTO IZQUIERDA JUVENTUD Y DIGNIDAD","votos":46,"votosPorcentaje":0.59,"listas":[{"idLista":"3027","nombreLista":"B- CONFEDERAL","votos":32,"votosPorcentaje":69.56},{"idLista":"3026","nombreLista":"A- DIGNIDAD","votos":14,"votosPorcentaje":30.43}]},{"idAgrupacion":"13","idAgrupacionTelegrama":"13","nombreAgrupacion":"MOVIMIENTO AL SOCIALISMO","votos":31,"votosPorcentaje":0.4,"listas":[{"idLista":"3017","nombreLista":"A- IZQUIERDA ANTICAPITALISTA","votos":31,"votosPorcentaje":100.0}]},{"idAgrupacion":"57","idAgrupacionTelegrama":"57","nombreAgrupacion":"MOVIMIENTO DE ACCION VECINAL","votos":30,"votosPorcentaje":0.38,"listas":[{"idLista":"3025","nombreLista":"A- COMPROMISO VECINAL","votos":30,"votosPorcentaje":100.0}]},{"idAgrupacion":"40","idAgrupacionTelegrama":"40","nombreAgrupacion":"MOVIMIENTO LIBRES DEL SUR","votos":30,"votosPorcentaje":0.38,"listas":[{"idLista":"3019","nombreLista":"A- AZUL Y ROJO","votos":30,"votosPorcentaje":100.0}]},{"idAgrupacion":"95","idAgrupacionTelegrama":"95","nombreAgrupacion":"FRENTE PATRIOTA FEDERAL","votos":20,"votosPorcentaje":0.25,"listas":[{"idLista":"3021","nombreLista":"A- PRIMERO LA PATRIA","votos":20,"votosPorcentaje":100.0}]},{"idAgrupacion":"92","idAgrupacionTelegrama":"92","nombreAgrupacion":"POLITICA OBRERA","votos":19,"votosPorcentaje":0.24,"listas":[{"idLista":"3020","nombreLista":"A- UNIDAD OBRERA","votos":19,"votosPorcentaje":100.0}]},{"idAgrupacion":"94","idAgrupacionTelegrama":"94","nombreAgrupacion":"PROYECTO JOVEN","votos":15,"votosPorcentaje":0.19,"listas":[{"idLista":"3022","nombreLista":"A- COALICION PAZ DEMOCRACIA SOBERANIA","votos":12,"votosPorcentaje":80.0},{"idLista":"3023","nombreLista":"B- PATRIA UNIDA","votos":3,"votosPorcentaje":20.0},{"idLista":"3024","nombreLista":"C- TODEX","votos":0,"votosPorcentaje":0.0}]},{"idAgrupacion":"20","idAgrupacionTelegrama":"20","nombreAgrupacion":"UNION DEL CENTRO DEMOCRATICO","votos":15,"votosPorcentaje":0.19,"listas":[{"idLista":"3018","nombreLista":"A- APERTURA LIBERAL ARGENTINA","votos":15,"votosPorcentaje":100.0}]},{"idAgrupacion":"131","idAgrupacionTelegrama":"131","nombreAgrupacion":"FRENTE LIBER.AR","votos":0,"votosPorcentaje":0.0,"listas":[{"idLista":"3002","nombreLista":"A- DEMOS","votos":0,"votosPorcentaje":0.0},{"idLista":"3003","nombreLista":"B- RECONQUISTA","votos":0,"votosPorcentaje":0.0},{"idLista":"3004","nombreLista":"C- ANTICORRUPCIÓN","votos":0,"votosPorcentaje":0.0}]}],"valoresTotalizadosOtros":{"votosNulos":54,"votosNulosPorcentaje":0.69,"votosEnBlanco":587,"votosEnBlancoPorcentaje":7.52,"votosRecurridosComandoImpugnados":12,"votosRecurridosComandoImpugnadosPorcentaje":0.15}}