{"fechaTotalizacion":"Aug 14, 2023, 5:27:40 AM","estadoRecuento":{"mesasEsperadas":50,"mesasTotalizadas":50,"mesasTotalizadasPorcentaje":100.0,"cantidadElectores":17228,"cantidadVotantes":12616,"participacionPorcentaje":73.22},"valoresTotalizadosPositivos":[{"idAgrupacion":"134","idAgrupacionTelegrama":"134","nombreAgrupacion":"UNION POR LA PATRIA","votos":4488,"votosPorcentaje":35.87,"listas":[{"idLista":"3005","nombreLista":"A- CELESTE Y BLANCA","votos":3196,"votosPorcentaje":71.21},{"idLista":"3006","nombreLista":"B- JUSTA Y SOBERANA","votos":1292,"votosPorcentaje":28.78}]},{"idAgrupacion":"135","idAgrupacionTelegrama":"135","nombreAgrupacion":"LA LIBERTAD AVANZA","votos":3216,"votosPorcentaje":25.7,"listas":[{"idLista":"3016","nombreLista":"A- LIBERTAD POR SIEMPRE","votos":3216,"votosPorcentaje":100.0}]},{"idAgrupacion":"132","idAgrupacionTelegrama":"132","nombreAgrupacion":"JUNTOS POR EL CAMBIO","votos":2981,"votosPorcentaje":23.82,"listas":[{"idLista":"3008","nombreLista":"B- LA FUERZA DEL CAMBIO","votos":1617,"votosPorcentaje":54.24},{"idLista":"3007","nombreLista":"A- EL CAMBIO DE NUESTRAS VIDAS","votos":1364,"votosPorcentaje":45.75}]},{"idAgrupacion":"136","idAgrupacionTelegrama":"136","nombreAgrupacion":"FRENTE DE IZQUIERDA Y DE TRABAJADORES - UNIDAD","votos":512,"votosPorcentaje":4.09,"listas":[{"idLista":"3009","nombreLista":"A- UNIR Y FORTALECER LA IZQUIERDA","votos":389,"votosPorcentaje":75.97},{"idLista":"3010","nombreLista":"B- UNIDAD DE LUCHADORES Y LA IZQUIERDA","votos":123,"votosPorcentaje":24.02}]},{"idAgrupacion":"133","idAgrupacionTelegrama":"133","nombreAgrupacion":"HACEMOS POR NUESTRO PAIS","votos":149,"votosPorcentaje":1.19,"listas":[{"idLista":"3001","nombreLista":"A- HACEMOS","votos":149,"votosPorcentaje":100.0}]},{"idAgrupacion":"137","idAgrupacionTelegrama":"137","nombreAgrupacion":"PRINCIPIOS Y VALORES","votos":144,"votosPorcentaje":1.15,"listas":[{"idLista":"3011","nombreLista":"1A- TIERRA, TECHO  Y TRABAJO","votos":144,"votosPorcentaje":100.0}]},{"idAgrupacion":"13","idAgrupacionTelegrama":"13","nombreAgrupacion":"MOVIMIENTO AL SOCIALISMO","votos":65,"votosPorcentaje":0.51,"listas":[{"idLista":"3017","nombreLista":"A- IZQUIERDA ANTICAPITALISTA","votos":65,"votosPorcentaje":100.0}]},{"idAgrupacion":"90","idAgrupacionTelegrama":"90","nombreAgrupacion":"MOVIMIENTO IZQUIERDA JUVENTUD Y DIGNIDAD","votos":54,"votosPorcentaje":0.43,"listas":[{"idLista":"3027","nombreLista":"B- CONFEDERAL","votos":39,"votosPorcentaje":72.22},{"idLista":"3026","nombreLista":"A- DIGNIDAD","votos":15,"votosPorcentaje":27.77}]},{"idAgrupacion":"95","idAgrupacionTelegrama":"95","nombreAgrupacion":"FRENTE PATRIOTA FEDERAL","votos":34,"votosPorcentaje":0.27,"listas":[{"idLista":"3021","nombreLista":"A- PRIMERO LA PATRIA","votos":34,"votosPorcentaje":100.0}]},{"idAgrupacion":"40","idAgrupacionTelegrama":"40","nombreAgrupacion":"MOVIMIENTO LIBRES DEL SUR","votos":34,"votosPorcentaje":0.27,"listas":[{"idLista":"3019","nombreLista":"A- AZUL Y ROJO","votos":34,"votosPorcentaje":100.0}]},{"idAgrupacion":"92","idAgrupacionTelegrama":"92","nombreAgrupacion":"POLITICA OBRERA","votos":27,"votosPorcentaje":0.21,"listas":[{"idLista":"3020","nombreLista":"A- UNIDAD OBRERA","votos":27,"votosPorcentaje":100.0}]},{"idAgrupacion":"57","idAgrupacionTelegrama":"57","nombreAgrupacion":"MOVIMIENTO DE ACCION VECINAL","votos":17,"votosPorcentaje":0.13,"listas":[{"idLista":"3025","nombreLista":"A- COMPROMISO VECINAL","votos":17,"votosPorcentaje":100.0}]},{"idAgrupacion":"94","idAgrupacionTelegrama":"94","nombreAgrupacion":"PROYECTO JOVEN","votos":16,"votosPorcentaje":0.12,"listas":[{"idLista":"3022","nombreLista":"A- COALICION PAZ DEMOCRACIA SOBERANIA","votos":12,"votosPorcentaje":75.0},{"idLista":"3023","nombreLista":"B- PATRIA UNIDA","votos":4,"votosPorcentaje":25.0},{"idLista":"3024","nombreLista":"C- TODEX","votos":0,"votosPorcentaje":0.0}]},{"idAgrupacion":"20","idAgrupacionTelegrama":"20","nombreAgrupacion":"UNION DEL CENTRO DEMOCRATICO","votos":9,"votosPorcentaje":0.07,"listas":[{"idLista":"3018","nombreLista":"A- APERTURA LIBERAL ARGENTINA","votos":9,"votosPorcentaje":100.0}]},{"idAgrupacion":"131","idAgrupacionTelegrama":"131","nombreAgrupacion":"FRENTE LIBER.AR","votos":2,"votosPorcentaje":0.01,"listas":[{"idLista":"3002","nombreLista":"A- DEMOS","votos":2,"votosPorcentaje":100.0},{"idLista":"3003","nombreLista":"B- RECONQUISTA","votos":0,"votosPorcentaje":0.0},{"idLista":"3004","nombreLista":"C- ANTICORRUPCIÓN","votos":0,"votosPorcentaje":0.0}]}],"valoresTotalizadosOtros":{"votosNulos":90,"votosNulosPorcentaje":0.71,"votosEnBlanco":762,"votosEnBlancoPorcentaje":6.03,"votosRecurridosComandoImpugnados":16,"votosRecurridosComandoImpugnadosPorcentaje":0.12}}