{"fechaTotalizacion":"Aug 14, 2023, 5:27:40 AM","estadoRecuento":{"mesasEsperadas":66,"mesasTotalizadas":63,"mesasTotalizadasPorcentaje":95.45,"cantidadElectores":21954,"cantidadVotantes":15801,"participacionPorcentaje":71.97},"valoresTotalizadosPositivos":[{"idAgrupacion":"134","idAgrupacionTelegrama":"134","nombreAgrupacion":"UNION POR LA PATRIA","votos":5529,"votosPorcentaje":35.23,"listas":[{"idLista":"3005","nombreLista":"A- CELESTE Y BLANCA","votos":4123,"votosPorcentaje":74.57},{"idLista":"3006","nombreLista":"B- JUSTA Y SOBERANA","votos":1406,"votosPorcentaje":25.42}]},{"idAgrupacion":"135","idAgrupacionTelegrama":"135","nombreAgrupacion":"LA LIBERTAD AVANZA","votos":4010,"votosPorcentaje":25.55,"listas":[{"idLista":"3016","nombreLista":"A- LIBERTAD POR SIEMPRE","votos":4010,"votosPorcentaje":100.0}]},{"idAgrupacion":"132","idAgrupacionTelegrama":"132","nombreAgrupacion":"JUNTOS POR EL CAMBIO","votos":3913,"votosPorcentaje":24.93,"listas":[{"idLista":"3008","nombreLista":"B- LA FUERZA DEL CAMBIO","votos":2218,"votosPorcentaje":56.68},{"idLista":"3007","nombreLista":"A- EL CAMBIO DE NUESTRAS VIDAS","votos":1695,"votosPorcentaje":43.31}]},{"idAgrupacion":"136","idAgrupacionTelegrama":"136","nombreAgrupacion":"FRENTE DE IZQUIERDA Y DE TRABAJADORES - UNIDAD","votos":561,"votosPorcentaje":3.57,"listas":[{"idLista":"3009","nombreLista":"A- UNIR Y FORTALECER LA IZQUIERDA","votos":399,"votosPorcentaje":71.12},{"idLista":"3010","nombreLista":"B- UNIDAD DE LUCHADORES Y LA IZQUIERDA","votos":162,"votosPorcentaje":28.87}]},{"idAgrupacion":"137","idAgrupacionTelegrama":"137","nombreAgrupacion":"PRINCIPIOS Y VALORES","votos":165,"votosPorcentaje":1.05,"listas":[{"idLista":"3011","nombreLista":"1A- TIERRA, TECHO  Y TRABAJO","votos":165,"votosPorcentaje":100.0}]},{"idAgrupacion":"133","idAgrupacionTelegrama":"133","nombreAgrupacion":"HACEMOS POR NUESTRO PAIS","votos":154,"votosPorcentaje":0.98,"listas":[{"idLista":"3001","nombreLista":"A- HACEMOS","votos":154,"votosPorcentaje":100.0}]},{"idAgrupacion":"40","idAgrupacionTelegrama":"40","nombreAgrupacion":"MOVIMIENTO LIBRES DEL SUR","votos":81,"votosPorcentaje":0.51,"listas":[{"idLista":"3019","nombreLista":"A- AZUL Y ROJO","votos":81,"votosPorcentaje":100.0}]},{"idAgrupacion":"90","idAgrupacionTelegrama":"90","nombreAgrupacion":"MOVIMIENTO IZQUIERDA JUVENTUD Y DIGNIDAD","votos":64,"votosPorcentaje":0.4,"listas":[{"idLista":"3027","nombreLista":"B- CONFEDERAL","votos":53,"votosPorcentaje":82.81},{"idLista":"3026","nombreLista":"A- DIGNIDAD","votos":11,"votosPorcentaje":17.18}]},{"idAgrupacion":"13","idAgrupacionTelegrama":"13","nombreAgrupacion":"MOVIMIENTO AL SOCIALISMO","votos":63,"votosPorcentaje":0.4,"listas":[{"idLista":"3017","nombreLista":"A- IZQUIERDA ANTICAPITALISTA","votos":63,"votosPorcentaje":100.0}]},{"idAgrupacion":"92","idAgrupacionTelegrama":"92","nombreAgrupacion":"POLITICA OBRERA","votos":44,"votosPorcentaje":0.28,"listas":[{"idLista":"3020","nombreLista":"A- UNIDAD OBRERA","votos":44,"votosPorcentaje":100.0}]},{"idAgrupacion":"95","idAgrupacionTelegrama":"95","nombreAgrupacion":"FRENTE PATRIOTA FEDERAL","votos":43,"votosPorcentaje":0.27,"listas":[{"idLista":"3021","nombreLista":"A- PRIMERO LA PATRIA","votos":43,"votosPorcentaje":100.0}]},{"idAgrupacion":"57","idAgrupacionTelegrama":"57","nombreAgrupacion":"MOVIMIENTO DE ACCION VECINAL","votos":26,"votosPorcentaje":0.16,"listas":[{"idLista":"3025","nombreLista":"A- COMPROMISO VECINAL","votos":26,"votosPorcentaje":100.0}]},{"idAgrupacion":"94","idAgrupacionTelegrama":"94","nombreAgrupacion":"PROYECTO JOVEN","votos":21,"votosPorcentaje":0.13,"listas":[{"idLista":"3023","nombreLista":"B- PATRIA UNIDA","votos":14,"votosPorcentaje":66.66},{"idLista":"3022","nombreLista":"A- COALICION PAZ DEMOCRACIA SOBERANIA","votos":7,"votosPorcentaje":33.33},{"idLista":"3024","nombreLista":"C- TODEX","votos":0,"votosPorcentaje":0.0}]},{"idAgrupacion":"20","idAgrupacionTelegrama":"20","nombreAgrupacion":"UNION DEL CENTRO DEMOCRATICO","votos":12,"votosPorcentaje":0.07,"listas":[{"idLista":"3018","nombreLista":"A- APERTURA LIBERAL ARGENTINA","votos":12,"votosPorcentaje":100.0}]},{"idAgrupacion":"131","idAgrupacionTelegrama":"131","nombreAgrupacion":"FRENTE LIBER.AR","votos":6,"votosPorcentaje":0.03,"listas":[{"idLista":"3004","nombreLista":"C- ANTICORRUPCIÓN","votos":6,"votosPorcentaje":100.0},{"idLista":"3002","nombreLista":"A- DEMOS","votos":0,"votosPorcentaje":0.0},{"idLista":"3003","nombreLista":"B- RECONQUISTA","votos":0,"votosPorcentaje":0.0}]}],"valoresTotalizadosOtros":{"votosNulos":97,"votosNulosPorcentaje":0.61,"votosEnBlanco":1002,"votosEnBlancoPorcentaje":6.34,"votosRecurridosComandoImpugnados":10,"votosRecurridosComandoImpugnadosPorcentaje":0.06}}