{"fechaTotalizacion":"Aug 14, 2023, 5:27:40 AM","estadoRecuento":{"mesasEsperadas":50,"mesasTotalizadas":46,"mesasTotalizadasPorcentaje":92.0,"cantidadElectores":15872,"cantidadVotantes":11656,"participacionPorcentaje":73.43},"valoresTotalizadosPositivos":[{"idAgrupacion":"134","idAgrupacionTelegrama":"134","nombreAgrupacion":"UNION POR LA PATRIA","votos":4385,"votosPorcentaje":37.97,"listas":[{"idLista":"3005","nombreLista":"A- CELESTE Y BLANCA","votos":3290,"votosPorcentaje":75.02},{"idLista":"3006","nombreLista":"B- JUSTA Y SOBERANA","votos":1095,"votosPorcentaje":24.97}]},{"idAgrupacion":"135","idAgrupacionTelegrama":"135","nombreAgrupacion":"LA LIBERTAD AVANZA","votos":3129,"votosPorcentaje":27.09,"listas":[{"idLista":"3016","nombreLista":"A- LIBERTAD POR SIEMPRE","votos":3129,"votosPorcentaje":100.0}]},{"idAgrupacion":"132","idAgrupacionTelegrama":"132","nombreAgrupacion":"JUNTOS POR EL CAMBIO","votos":2280,"votosPorcentaje":19.74,"listas":[{"idLista":"3008","nombreLista":"B- LA FUERZA DEL CAMBIO","votos":1196,"votosPorcentaje":52.45},{"idLista":"3007","nombreLista":"A- EL CAMBIO DE NUESTRAS VIDAS","votos":1084,"votosPorcentaje":47.54}]},{"idAgrupacion":"136","idAgrupacionTelegrama":"136","nombreAgrupacion":"FRENTE DE IZQUIERDA Y DE TRABAJADORES - UNIDAD","votos":440,"votosPorcentaje":3.81,"listas":[{"idLista":"3009","nombreLista":"A- UNIR Y FORTALECER LA IZQUIERDA","votos":282,"votosPorcentaje":64.09},{"idLista":"3010","nombreLista":"B- UNIDAD DE LUCHADORES Y LA IZQUIERDA","votos":158,"votosPorcentaje":35.9}]},{"idAgrupacion":"133","idAgrupacionTelegrama":"133","nombreAgrupacion":"HACEMOS POR NUESTRO PAIS","votos":177,"votosPorcentaje":1.53,"listas":[{"idLista":"3001","nombreLista":"A- HACEMOS","votos":177,"votosPorcentaje":100.0}]},{"idAgrupacion":"137","idAgrupacionTelegrama":"137","nombreAgrupacion":"PRINCIPIOS Y VALORES","votos":143,"votosPorcentaje":1.23,"listas":[{"idLista":"3011","nombreLista":"1A- TIERRA, TECHO  Y TRABAJO","votos":143,"votosPorcentaje":100.0}]},{"idAgrupacion":"90","idAgrupacionTelegrama":"90","nombreAgrupacion":"MOVIMIENTO IZQUIERDA JUVENTUD Y DIGNIDAD","votos":46,"votosPorcentaje":0.39,"listas":[{"idLista":"3027","nombreLista":"B- CONFEDERAL","votos":32,"votosPorcentaje":69.56},{"idLista":"3026","nombreLista":"A- DIGNIDAD","votos":14,"votosPorcentaje":30.43}]},{"idAgrupacion":"13","idAgrupacionTelegrama":"13","nombreAgrupacion":"MOVIMIENTO AL SOCIALISMO","votos":43,"votosPorcentaje":0.37,"listas":[{"idLista":"3017","nombreLista":"A- IZQUIERDA ANTICAPITALISTA","votos":43,"votosPorcentaje":100.0}]},{"idAgrupacion":"40","idAgrupacionTelegrama":"40","nombreAgrupacion":"MOVIMIENTO LIBRES DEL SUR","votos":36,"votosPorcentaje":0.31,"listas":[{"idLista":"3019","nombreLista":"A- AZUL Y ROJO","votos":36,"votosPorcentaje":100.0}]},{"idAgrupacion":"92","idAgrupacionTelegrama":"92","nombreAgrupacion":"POLITICA OBRERA","votos":34,"votosPorcentaje":0.29,"listas":[{"idLista":"3020","nombreLista":"A- UNIDAD OBRERA","votos":34,"votosPorcentaje":100.0}]},{"idAgrupacion":"57","idAgrupacionTelegrama":"57","nombreAgrupacion":"MOVIMIENTO DE ACCION VECINAL","votos":25,"votosPorcentaje":0.21,"listas":[{"idLista":"3025","nombreLista":"A- COMPROMISO VECINAL","votos":25,"votosPorcentaje":100.0}]},{"idAgrupacion":"95","idAgrupacionTelegrama":"95","nombreAgrupacion":"FRENTE PATRIOTA FEDERAL","votos":24,"votosPorcentaje":0.2,"listas":[{"idLista":"3021","nombreLista":"A- PRIMERO LA PATRIA","votos":24,"votosPorcentaje":100.0}]},{"idAgrupacion":"94","idAgrupacionTelegrama":"94","nombreAgrupacion":"PROYECTO JOVEN","votos":16,"votosPorcentaje":0.13,"listas":[{"idLista":"3022","nombreLista":"A- COALICION PAZ DEMOCRACIA SOBERANIA","votos":9,"votosPorcentaje":56.25},{"idLista":"3023","nombreLista":"B- PATRIA UNIDA","votos":7,"votosPorcentaje":43.75},{"idLista":"3024","nombreLista":"C- TODEX","votos":0,"votosPorcentaje":0.0}]},{"idAgrupacion":"20","idAgrupacionTelegrama":"20","nombreAgrupacion":"UNION DEL CENTRO DEMOCRATICO","votos":11,"votosPorcentaje":0.09,"listas":[{"idLista":"3018","nombreLista":"A- APERTURA LIBERAL ARGENTINA","votos":11,"votosPorcentaje":100.0}]},{"idAgrupacion":"131","idAgrupacionTelegrama":"131","nombreAgrupacion":"FRENTE LIBER.AR","votos":0,"votosPorcentaje":0.0,"listas":[{"idLista":"3002","nombreLista":"A- DEMOS","votos":0,"votosPorcentaje":0.0},{"idLista":"3003","nombreLista":"B- RECONQUISTA","votos":0,"votosPorcentaje":0.0},{"idLista":"3004","nombreLista":"C- ANTICORRUPCIÓN","votos":0,"votosPorcentaje":0.0}]}],"valoresTotalizadosOtros":{"votosNulos":86,"votosNulosPorcentaje":0.73,"votosEnBlanco":758,"votosEnBlancoPorcentaje":6.5,"votosRecurridosComandoImpugnados":23,"votosRecurridosComandoImpugnadosPorcentaje":0.19}}