{"fechaTotalizacion":"Aug 14, 2023, 5:27:40 AM","estadoRecuento":{"mesasEsperadas":94,"mesasTotalizadas":91,"mesasTotalizadasPorcentaje":96.8,"cantidadElectores":31632,"cantidadVotantes":22174,"participacionPorcentaje":70.09},"valoresTotalizadosPositivos":[{"idAgrupacion":"134","idAgrupacionTelegrama":"134","nombreAgrupacion":"UNION POR LA PATRIA","votos":8490,"votosPorcentaje":38.45,"listas":[{"idLista":"3005","nombreLista":"A- CELESTE Y BLANCA","votos":6558,"votosPorcentaje":77.24},{"idLista":"3006","nombreLista":"B- JUSTA Y SOBERANA","votos":1932,"votosPorcentaje":22.75}]},{"idAgrupacion":"135","idAgrupacionTelegrama":"135","nombreAgrupacion":"LA LIBERTAD AVANZA","votos":5801,"votosPorcentaje":26.27,"listas":[{"idLista":"3016","nombreLista":"A- LIBERTAD POR SIEMPRE","votos":5801,"votosPorcentaje":100.0}]},{"idAgrupacion":"132","idAgrupacionTelegrama":"132","nombreAgrupacion":"JUNTOS POR EL CAMBIO","votos":4192,"votosPorcentaje":18.98,"listas":[{"idLista":"3008","nombreLista":"B- LA FUERZA DEL CAMBIO","votos":2277,"votosPorcentaje":54.31},{"idLista":"3007","nombreLista":"A- EL CAMBIO DE NUESTRAS VIDAS","votos":1915,"votosPorcentaje":45.68}]},{"idAgrupacion":"136","idAgrupacionTelegrama":"136","nombreAgrupacion":"FRENTE DE IZQUIERDA Y DE TRABAJADORES - UNIDAD","votos":875,"votosPorcentaje":3.96,"listas":[{"idLista":"3009","nombreLista":"A- UNIR Y FORTALECER LA IZQUIERDA","votos":663,"votosPorcentaje":75.77},{"idLista":"3010","nombreLista":"B- UNIDAD DE LUCHADORES Y LA IZQUIERDA","votos":212,"votosPorcentaje":24.22}]},{"idAgrupacion":"137","idAgrupacionTelegrama":"137","nombreAgrupacion":"PRINCIPIOS Y VALORES","votos":278,"votosPorcentaje":1.25,"listas":[{"idLista":"3011","nombreLista":"1A- TIERRA, TECHO  Y TRABAJO","votos":278,"votosPorcentaje":100.0}]},{"idAgrupacion":"133","idAgrupacionTelegrama":"133","nombreAgrupacion":"HACEMOS POR NUESTRO PAIS","votos":206,"votosPorcentaje":0.93,"listas":[{"idLista":"3001","nombreLista":"A- HACEMOS","votos":206,"votosPorcentaje":100.0}]},{"idAgrupacion":"13","idAgrupacionTelegrama":"13","nombreAgrupacion":"MOVIMIENTO AL SOCIALISMO","votos":102,"votosPorcentaje":0.46,"listas":[{"idLista":"3017","nombreLista":"A- IZQUIERDA ANTICAPITALISTA","votos":102,"votosPorcentaje":100.0}]},{"idAgrupacion":"40","idAgrupacionTelegrama":"40","nombreAgrupacion":"MOVIMIENTO LIBRES DEL SUR","votos":101,"votosPorcentaje":0.45,"listas":[{"idLista":"3019","nombreLista":"A- AZUL Y ROJO","votos":101,"votosPorcentaje":100.0}]},{"idAgrupacion":"90","idAgrupacionTelegrama":"90","nombreAgrupacion":"MOVIMIENTO IZQUIERDA JUVENTUD Y DIGNIDAD","votos":87,"votosPorcentaje":0.39,"listas":[{"idLista":"3027","nombreLista":"B- CONFEDERAL","votos":58,"votosPorcentaje":66.66},{"idLista":"3026","nombreLista":"A- DIGNIDAD","votos":29,"votosPorcentaje":33.33}]},{"idAgrupacion":"92","idAgrupacionTelegrama":"92","nombreAgrupacion":"POLITICA OBRERA","votos":77,"votosPorcentaje":0.34,"listas":[{"idLista":"3020","nombreLista":"A- UNIDAD OBRERA","votos":77,"votosPorcentaje":100.0}]},{"idAgrupacion":"57","idAgrupacionTelegrama":"57","nombreAgrupacion":"MOVIMIENTO DE ACCION VECINAL","votos":58,"votosPorcentaje":0.26,"listas":[{"idLista":"3025","nombreLista":"A- COMPROMISO VECINAL","votos":58,"votosPorcentaje":100.0}]},{"idAgrupacion":"95","idAgrupacionTelegrama":"95","nombreAgrupacion":"FRENTE PATRIOTA FEDERAL","votos":57,"votosPorcentaje":0.25,"listas":[{"idLista":"3021","nombreLista":"A- PRIMERO LA PATRIA","votos":57,"votosPorcentaje":100.0}]},{"idAgrupacion":"94","idAgrupacionTelegrama":"94","nombreAgrupacion":"PROYECTO JOVEN","votos":25,"votosPorcentaje":0.11,"listas":[{"idLista":"3022","nombreLista":"A- COALICION PAZ DEMOCRACIA SOBERANIA","votos":18,"votosPorcentaje":72.0},{"idLista":"3023","nombreLista":"B- PATRIA UNIDA","votos":7,"votosPorcentaje":28.0},{"idLista":"3024","nombreLista":"C- TODEX","votos":0,"votosPorcentaje":0.0}]},{"idAgrupacion":"20","idAgrupacionTelegrama":"20","nombreAgrupacion":"UNION DEL CENTRO DEMOCRATICO","votos":25,"votosPorcentaje":0.11,"listas":[{"idLista":"3018","nombreLista":"A- APERTURA LIBERAL ARGENTINA","votos":25,"votosPorcentaje":100.0}]},{"idAgrupacion":"131","idAgrupacionTelegrama":"131","nombreAgrupacion":"FRENTE LIBER.AR","votos":1,"votosPorcentaje":0.01,"listas":[{"idLista":"3002","nombreLista":"A- DEMOS","votos":1,"votosPorcentaje":100.0},{"idLista":"3003","nombreLista":"B- RECONQUISTA","votos":0,"votosPorcentaje":0.0},{"idLista":"3004","nombreLista":"C- ANTICORRUPCIÓN","votos":0,"votosPorcentaje":0.0}]}],"valoresTotalizadosOtros":{"votosNulos":84,"votosNulosPorcentaje":0.37,"votosEnBlanco":1700,"votosEnBlancoPorcentaje":7.66,"votosRecurridosComandoImpugnados":15,"votosRecurridosComandoImpugnadosPorcentaje":0.06}}