{"fechaTotalizacion":"Aug 14, 2023, 5:27:40 AM","estadoRecuento":{"mesasEsperadas":110,"mesasTotalizadas":107,"mesasTotalizadasPorcentaje":97.27,"cantidadElectores":37345,"cantidadVotantes":27154,"participacionPorcentaje":72.71},"valoresTotalizadosPositivos":[{"idAgrupacion":"134","idAgrupacionTelegrama":"134","nombreAgrupacion":"UNION POR LA PATRIA","votos":10462,"votosPorcentaje":38.91,"listas":[{"idLista":"3005","nombreLista":"A- CELESTE Y BLANCA","votos":7774,"votosPorcentaje":74.3},{"idLista":"3006","nombreLista":"B- JUSTA Y SOBERANA","votos":2688,"votosPorcentaje":25.69}]},{"idAgrupacion":"135","idAgrupacionTelegrama":"135","nombreAgrupacion":"LA LIBERTAD AVANZA","votos":7184,"votosPorcentaje":26.72,"listas":[{"idLista":"3016","nombreLista":"A- LIBERTAD POR SIEMPRE","votos":7184,"votosPorcentaje":100.0}]},{"idAgrupacion":"132","idAgrupacionTelegrama":"132","nombreAgrupacion":"JUNTOS POR EL CAMBIO","votos":5080,"votosPorcentaje":18.89,"listas":[{"idLista":"3008","nombreLista":"B- LA FUERZA DEL CAMBIO","votos":2759,"votosPorcentaje":54.31},{"idLista":"3007","nombreLista":"A- EL CAMBIO DE NUESTRAS VIDAS","votos":2321,"votosPorcentaje":45.68}]},{"idAgrupacion":"136","idAgrupacionTelegrama":"136","nombreAgrupacion":"FRENTE DE IZQUIERDA Y DE TRABAJADORES - UNIDAD","votos":1039,"votosPorcentaje":3.86,"listas":[{"idLista":"3009","nombreLista":"A- UNIR Y FORTALECER LA IZQUIERDA","votos":699,"votosPorcentaje":67.27},{"idLista":"3010","nombreLista":"B- UNIDAD DE LUCHADORES Y LA IZQUIERDA","votos":340,"votosPorcentaje":32.72}]},{"idAgrupacion":"137","idAgrupacionTelegrama":"137","nombreAgrupacion":"PRINCIPIOS Y VALORES","votos":332,"votosPorcentaje":1.23,"listas":[{"idLista":"3011","nombreLista":"1A- TIERRA, TECHO  Y TRABAJO","votos":332,"votosPorcentaje":100.0}]},{"idAgrupacion":"133","idAgrupacionTelegrama":"133","nombreAgrupacion":"HACEMOS POR NUESTRO PAIS","votos":246,"votosPorcentaje":0.91,"listas":[{"idLista":"3001","nombreLista":"A- HACEMOS","votos":246,"votosPorcentaje":100.0}]},{"idAgrupacion":"90","idAgrupacionTelegrama":"90","nombreAgrupacion":"MOVIMIENTO IZQUIERDA JUVENTUD Y DIGNIDAD","votos":138,"votosPorcentaje":0.51,"listas":[{"idLista":"3027","nombreLista":"B- CONFEDERAL","votos":107,"votosPorcentaje":77.53},{"idLista":"3026","nombreLista":"A- DIGNIDAD","votos":31,"votosPorcentaje":22.46}]},{"idAgrupacion":"13","idAgrupacionTelegrama":"13","nombreAgrupacion":"MOVIMIENTO AL SOCIALISMO","votos":118,"votosPorcentaje":0.43,"listas":[{"idLista":"3017","nombreLista":"A- IZQUIERDA ANTICAPITALISTA","votos":118,"votosPorcentaje":100.0}]},{"idAgrupacion":"40","idAgrupacionTelegrama":"40","nombreAgrupacion":"MOVIMIENTO LIBRES DEL SUR","votos":110,"votosPorcentaje":0.4,"listas":[{"idLista":"3019","nombreLista":"A- AZUL Y ROJO","votos":110,"votosPorcentaje":100.0}]},{"idAgrupacion":"92","idAgrupacionTelegrama":"92","nombreAgrupacion":"POLITICA OBRERA","votos":92,"votosPorcentaje":0.34,"listas":[{"idLista":"3020","nombreLista":"A- UNIDAD OBRERA","votos":92,"votosPorcentaje":100.0}]},{"idAgrupacion":"57","idAgrupacionTelegrama":"57","nombreAgrupacion":"MOVIMIENTO DE ACCION VECINAL","votos":55,"votosPorcentaje":0.2,"listas":[{"idLista":"3025","nombreLista":"A- COMPROMISO VECINAL","votos":55,"votosPorcentaje":100.0}]},{"idAgrupacion":"95","idAgrupacionTelegrama":"95","nombreAgrupacion":"FRENTE PATRIOTA FEDERAL","votos":49,"votosPorcentaje":0.18,"listas":[{"idLista":"3021","nombreLista":"A- PRIMERO LA PATRIA","votos":49,"votosPorcentaje":100.0}]},{"idAgrupacion":"94","idAgrupacionTelegrama":"94","nombreAgrupacion":"PROYECTO JOVEN","votos":49,"votosPorcentaje":0.18,"listas":[{"idLista":"3022","nombreLista":"A- COALICION PAZ DEMOCRACIA SOBERANIA","votos":27,"votosPorcentaje":55.1},{"idLista":"3023","nombreLista":"B- PATRIA UNIDA","votos":20,"votosPorcentaje":40.81},{"idLista":"3024","nombreLista":"C- TODEX","votos":2,"votosPorcentaje":4.08}]},{"idAgrupacion":"20","idAgrupacionTelegrama":"20","nombreAgrupacion":"UNION DEL CENTRO DEMOCRATICO","votos":30,"votosPorcentaje":0.11,"listas":[{"idLista":"3018","nombreLista":"A- APERTURA LIBERAL ARGENTINA","votos":30,"votosPorcentaje":100.0}]},{"idAgrupacion":"131","idAgrupacionTelegrama":"131","nombreAgrupacion":"FRENTE LIBER.AR","votos":0,"votosPorcentaje":0.0,"listas":[{"idLista":"3002","nombreLista":"A- DEMOS","votos":0,"votosPorcentaje":0.0},{"idLista":"3003","nombreLista":"B- RECONQUISTA","votos":0,"votosPorcentaje":0.0},{"idLista":"3004","nombreLista":"C- ANTICORRUPCIÓN","votos":0,"votosPorcentaje":0.0}]}],"valoresTotalizadosOtros":{"votosNulos":223,"votosNulosPorcentaje":0.82,"votosEnBlanco":1901,"votosEnBlancoPorcentaje":7.0,"votosRecurridosComandoImpugnados":46,"votosRecurridosComandoImpugnadosPorcentaje":0.16}}