{"fechaTotalizacion":"Aug 14, 2023, 5:27:40 AM","estadoRecuento":{"mesasEsperadas":38,"mesasTotalizadas":36,"mesasTotalizadasPorcentaje":94.73,"cantidadElectores":12435,"cantidadVotantes":9441,"participacionPorcentaje":75.92},"valoresTotalizadosPositivos":[{"idAgrupacion":"134","idAgrupacionTelegrama":"134","nombreAgrupacion":"UNION POR LA PATRIA","votos":3104,"votosPorcentaje":33.18,"listas":[{"idLista":"3005","nombreLista":"A- CELESTE Y BLANCA","votos":2267,"votosPorcentaje":73.03},{"idLista":"3006","nombreLista":"B- JUSTA Y SOBERANA","votos":837,"votosPorcentaje":26.96}]},{"idAgrupacion":"132","idAgrupacionTelegrama":"132","nombreAgrupacion":"JUNTOS POR EL CAMBIO","votos":2642,"votosPorcentaje":28.24,"listas":[{"idLista":"3008","nombreLista":"B- LA FUERZA DEL CAMBIO","votos":1511,"votosPorcentaje":57.19},{"idLista":"3007","nombreLista":"A- EL CAMBIO DE NUESTRAS VIDAS","votos":1131,"votosPorcentaje":42.8}]},{"idAgrupacion":"135","idAgrupacionTelegrama":"135","nombreAgrupacion":"LA LIBERTAD AVANZA","votos":2311,"votosPorcentaje":24.7,"listas":[{"idLista":"3016","nombreLista":"A- LIBERTAD POR SIEMPRE","votos":2311,"votosPorcentaje":100.0}]},{"idAgrupacion":"136","idAgrupacionTelegrama":"136","nombreAgrupacion":"FRENTE DE IZQUIERDA Y DE TRABAJADORES - UNIDAD","votos":412,"votosPorcentaje":4.4,"listas":[{"idLista":"3009","nombreLista":"A- UNIR Y FORTALECER LA IZQUIERDA","votos":323,"votosPorcentaje":78.39},{"idLista":"3010","nombreLista":"B- UNIDAD DE LUCHADORES Y LA IZQUIERDA","votos":89,"votosPorcentaje":21.6}]},{"idAgrupacion":"137","idAgrupacionTelegrama":"137","nombreAgrupacion":"PRINCIPIOS Y VALORES","votos":139,"votosPorcentaje":1.48,"listas":[{"idLista":"3011","nombreLista":"1A- TIERRA, TECHO  Y TRABAJO","votos":139,"votosPorcentaje":100.0}]},{"idAgrupacion":"133","idAgrupacionTelegrama":"133","nombreAgrupacion":"HACEMOS POR NUESTRO PAIS","votos":82,"votosPorcentaje":0.87,"listas":[{"idLista":"3001","nombreLista":"A- HACEMOS","votos":82,"votosPorcentaje":100.0}]},{"idAgrupacion":"90","idAgrupacionTelegrama":"90","nombreAgrupacion":"MOVIMIENTO IZQUIERDA JUVENTUD Y DIGNIDAD","votos":56,"votosPorcentaje":0.59,"listas":[{"idLista":"3027","nombreLista":"B- CONFEDERAL","votos":37,"votosPorcentaje":66.07},{"idLista":"3026","nombreLista":"A- DIGNIDAD","votos":19,"votosPorcentaje":33.92}]},{"idAgrupacion":"13","idAgrupacionTelegrama":"13","nombreAgrupacion":"MOVIMIENTO AL SOCIALISMO","votos":40,"votosPorcentaje":0.42,"listas":[{"idLista":"3017","nombreLista":"A- IZQUIERDA ANTICAPITALISTA","votos":40,"votosPorcentaje":100.0}]},{"idAgrupacion":"40","idAgrupacionTelegrama":"40","nombreAgrupacion":"MOVIMIENTO LIBRES DEL SUR","votos":37,"votosPorcentaje":0.39,"listas":[{"idLista":"3019","nombreLista":"A- AZUL Y ROJO","votos":37,"votosPorcentaje":100.0}]},{"idAgrupacion":"92","idAgrupacionTelegrama":"92","nombreAgrupacion":"POLITICA OBRERA","votos":29,"votosPorcentaje":0.3,"listas":[{"idLista":"3020","nombreLista":"A- UNIDAD OBRERA","votos":29,"votosPorcentaje":100.0}]},{"idAgrupacion":"95","idAgrupacionTelegrama":"95","nombreAgrupacion":"FRENTE PATRIOTA FEDERAL","votos":23,"votosPorcentaje":0.24,"listas":[{"idLista":"3021","nombreLista":"A- PRIMERO LA PATRIA","votos":23,"votosPorcentaje":100.0}]},{"idAgrupacion":"57","idAgrupacionTelegrama":"57","nombreAgrupacion":"MOVIMIENTO DE ACCION VECINAL","votos":23,"votosPorcentaje":0.24,"listas":[{"idLista":"3025","nombreLista":"A- COMPROMISO VECINAL","votos":23,"votosPorcentaje":100.0}]},{"idAgrupacion":"94","idAgrupacionTelegrama":"94","nombreAgrupacion":"PROYECTO JOVEN","votos":13,"votosPorcentaje":0.13,"listas":[{"idLista":"3022","nombreLista":"A- COALICION PAZ DEMOCRACIA SOBERANIA","votos":8,"votosPorcentaje":61.53},{"idLista":"3023","nombreLista":"B- PATRIA UNIDA","votos":5,"votosPorcentaje":38.46},{"idLista":"3024","nombreLista":"C- TODEX","votos":0,"votosPorcentaje":0.0}]},{"idAgrupacion":"20","idAgrupacionTelegrama":"20","nombreAgrupacion":"UNION DEL CENTRO DEMOCRATICO","votos":9,"votosPorcentaje":0.09,"listas":[{"idLista":"3018","nombreLista":"A- APERTURA LIBERAL ARGENTINA","votos":9,"votosPorcentaje":100.0}]},{"idAgrupacion":"131","idAgrupacionTelegrama":"131","nombreAgrupacion":"FRENTE LIBER.AR","votos":4,"votosPorcentaje":0.04,"listas":[{"idLista":"3002","nombreLista":"A- DEMOS","votos":4,"votosPorcentaje":100.0},{"idLista":"3003","nombreLista":"B- RECONQUISTA","votos":0,"votosPorcentaje":0.0},{"idLista":"3004","nombreLista":"C- ANTICORRUPCIÓN","votos":0,"votosPorcentaje":0.0}]}],"valoresTotalizadosOtros":{"votosNulos":58,"votosNulosPorcentaje":0.61,"votosEnBlanco":431,"votosEnBlancoPorcentaje":4.56,"votosRecurridosComandoImpugnados":28,"votosRecurridosComandoImpugnadosPorcentaje":0.29}}