{"fechaTotalizacion":"Aug 14, 2023, 5:27:40 AM","estadoRecuento":{"mesasEsperadas":64,"mesasTotalizadas":61,"mesasTotalizadasPorcentaje":95.31,"cantidadElectores":21078,"cantidadVotantes":15913,"participacionPorcentaje":75.49},"valoresTotalizadosPositivos":[{"idAgrupacion":"134","idAgrupacionTelegrama":"134","nombreAgrupacion":"UNION POR LA PATRIA","votos":5209,"votosPorcentaje":33.17,"listas":[{"idLista":"3005","nombreLista":"A- CELESTE Y BLANCA","votos":3648,"votosPorcentaje":70.03},{"idLista":"3006","nombreLista":"B- JUSTA Y SOBERANA","votos":1561,"votosPorcentaje":29.96}]},{"idAgrupacion":"132","idAgrupacionTelegrama":"132","nombreAgrupacion":"JUNTOS POR EL CAMBIO","votos":4124,"votosPorcentaje":26.26,"listas":[{"idLista":"3008","nombreLista":"B- LA FUERZA DEL CAMBIO","votos":2359,"votosPorcentaje":57.2},{"idLista":"3007","nombreLista":"A- EL CAMBIO DE NUESTRAS VIDAS","votos":1765,"votosPorcentaje":42.79}]},{"idAgrupacion":"135","idAgrupacionTelegrama":"135","nombreAgrupacion":"LA LIBERTAD AVANZA","votos":3982,"votosPorcentaje":25.36,"listas":[{"idLista":"3016","nombreLista":"A- LIBERTAD POR SIEMPRE","votos":3982,"votosPorcentaje":100.0}]},{"idAgrupacion":"136","idAgrupacionTelegrama":"136","nombreAgrupacion":"FRENTE DE IZQUIERDA Y DE TRABAJADORES - UNIDAD","votos":650,"votosPorcentaje":4.13,"listas":[{"idLista":"3009","nombreLista":"A- UNIR Y FORTALECER LA IZQUIERDA","votos":426,"votosPorcentaje":65.53},{"idLista":"3010","nombreLista":"B- UNIDAD DE LUCHADORES Y LA IZQUIERDA","votos":224,"votosPorcentaje":34.46}]},{"idAgrupacion":"133","idAgrupacionTelegrama":"133","nombreAgrupacion":"HACEMOS POR NUESTRO PAIS","votos":273,"votosPorcentaje":1.73,"listas":[{"idLista":"3001","nombreLista":"A- HACEMOS","votos":273,"votosPorcentaje":100.0}]},{"idAgrupacion":"137","idAgrupacionTelegrama":"137","nombreAgrupacion":"PRINCIPIOS Y VALORES","votos":246,"votosPorcentaje":1.56,"listas":[{"idLista":"3011","nombreLista":"1A- TIERRA, TECHO  Y TRABAJO","votos":246,"votosPorcentaje":100.0}]},{"idAgrupacion":"40","idAgrupacionTelegrama":"40","nombreAgrupacion":"MOVIMIENTO LIBRES DEL SUR","votos":65,"votosPorcentaje":0.41,"listas":[{"idLista":"3019","nombreLista":"A- AZUL Y ROJO","votos":65,"votosPorcentaje":100.0}]},{"idAgrupacion":"13","idAgrupacionTelegrama":"13","nombreAgrupacion":"MOVIMIENTO AL SOCIALISMO","votos":60,"votosPorcentaje":0.38,"listas":[{"idLista":"3017","nombreLista":"A- IZQUIERDA ANTICAPITALISTA","votos":60,"votosPorcentaje":100.0}]},{"idAgrupacion":"90","idAgrupacionTelegrama":"90","nombreAgrupacion":"MOVIMIENTO IZQUIERDA JUVENTUD Y DIGNIDAD","votos":45,"votosPorcentaje":0.28,"listas":[{"idLista":"3027","nombreLista":"B- CONFEDERAL","votos":30,"votosPorcentaje":66.66},{"idLista":"3026","nombreLista":"A- DIGNIDAD","votos":15,"votosPorcentaje":33.33}]},{"idAgrupacion":"92","idAgrupacionTelegrama":"92","nombreAgrupacion":"POLITICA OBRERA","votos":40,"votosPorcentaje":0.25,"listas":[{"idLista":"3020","nombreLista":"A- UNIDAD OBRERA","votos":40,"votosPorcentaje":100.0}]},{"idAgrupacion":"95","idAgrupacionTelegrama":"95","nombreAgrupacion":"FRENTE PATRIOTA FEDERAL","votos":27,"votosPorcentaje":0.17,"listas":[{"idLista":"3021","nombreLista":"A- PRIMERO LA PATRIA","votos":27,"votosPorcentaje":100.0}]},{"idAgrupacion":"57","idAgrupacionTelegrama":"57","nombreAgrupacion":"MOVIMIENTO DE ACCION VECINAL","votos":25,"votosPorcentaje":0.15,"listas":[{"idLista":"3025","nombreLista":"A- COMPROMISO VECINAL","votos":25,"votosPorcentaje":100.0}]},{"idAgrupacion":"94","idAgrupacionTelegrama":"94","nombreAgrupacion":"PROYECTO JOVEN","votos":17,"votosPorcentaje":0.1,"listas":[{"idLista":"3023","nombreLista":"B- PATRIA UNIDA","votos":9,"votosPorcentaje":52.94},{"idLista":"3022","nombreLista":"A- COALICION PAZ DEMOCRACIA SOBERANIA","votos":8,"votosPorcentaje":47.05},{"idLista":"3024","nombreLista":"C- TODEX","votos":0,"votosPorcentaje":0.0}]},{"idAgrupacion":"20","idAgrupacionTelegrama":"20","nombreAgrupacion":"UNION DEL CENTRO DEMOCRATICO","votos":12,"votosPorcentaje":0.07,"listas":[{"idLista":"3018","nombreLista":"A- APERTURA LIBERAL ARGENTINA","votos":12,"votosPorcentaje":100.0}]},{"idAgrupacion":"131","idAgrupacionTelegrama":"131","nombreAgrupacion":"FRENTE LIBER.AR","votos":2,"votosPorcentaje":0.01,"listas":[{"idLista":"3003","nombreLista":"B- RECONQUISTA","votos":2,"votosPorcentaje":100.0},{"idLista":"3002","nombreLista":"A- DEMOS","votos":0,"votosPorcentaje":0.0},{"idLista":"3004","nombreLista":"C- ANTICORRUPCIÓN","votos":0,"votosPorcentaje":0.0}]}],"valoresTotalizadosOtros":{"votosNulos":189,"votosNulosPorcentaje":1.18,"votosEnBlanco":924,"votosEnBlancoPorcentaje":5.8,"votosRecurridosComandoImpugnados":23,"votosRecurridosComandoImpugnadosPorcentaje":0.14}}