{"fechaTotalizacion":"Aug 14, 2023, 5:27:40 AM","estadoRecuento":{"mesasEsperadas":56,"mesasTotalizadas":54,"mesasTotalizadasPorcentaje":96.42,"cantidadElectores":18664,"cantidadVotantes":13802,"participacionPorcentaje":73.94},"valoresTotalizadosPositivos":[{"idAgrupacion":"134","idAgrupacionTelegrama":"134","nombreAgrupacion":"UNION POR LA PATRIA","votos":5822,"votosPorcentaje":42.56,"listas":[{"idLista":"3005","nombreLista":"A- CELESTE Y BLANCA","votos":3897,"votosPorcentaje":66.93},{"idLista":"3006","nombreLista":"B- JUSTA Y SOBERANA","votos":1925,"votosPorcentaje":33.06}]},{"idAgrupacion":"135","idAgrupacionTelegrama":"135","nombreAgrupacion":"LA LIBERTAD AVANZA","votos":3277,"votosPorcentaje":23.95,"listas":[{"idLista":"3016","nombreLista":"A- LIBERTAD POR SIEMPRE","votos":3277,"votosPorcentaje":100.0}]},{"idAgrupacion":"132","idAgrupacionTelegrama":"132","nombreAgrupacion":"JUNTOS POR EL CAMBIO","votos":2370,"votosPorcentaje":17.32,"listas":[{"idLista":"3008","nombreLista":"B- LA FUERZA DEL CAMBIO","votos":1333,"votosPorcentaje":56.24},{"idLista":"3007","nombreLista":"A- EL CAMBIO DE NUESTRAS VIDAS","votos":1037,"votosPorcentaje":43.75}]},{"idAgrupacion":"136","idAgrupacionTelegrama":"136","nombreAgrupacion":"FRENTE DE IZQUIERDA Y DE TRABAJADORES - UNIDAD","votos":534,"votosPorcentaje":3.9,"listas":[{"idLista":"3009","nombreLista":"A- UNIR Y FORTALECER LA IZQUIERDA","votos":386,"votosPorcentaje":72.28},{"idLista":"3010","nombreLista":"B- UNIDAD DE LUCHADORES Y LA IZQUIERDA","votos":148,"votosPorcentaje":27.71}]},{"idAgrupacion":"137","idAgrupacionTelegrama":"137","nombreAgrupacion":"PRINCIPIOS Y VALORES","votos":155,"votosPorcentaje":1.13,"listas":[{"idLista":"3011","nombreLista":"1A- TIERRA, TECHO  Y TRABAJO","votos":155,"votosPorcentaje":100.0}]},{"idAgrupacion":"133","idAgrupacionTelegrama":"133","nombreAgrupacion":"HACEMOS POR NUESTRO PAIS","votos":125,"votosPorcentaje":0.91,"listas":[{"idLista":"3001","nombreLista":"A- HACEMOS","votos":125,"votosPorcentaje":100.0}]},{"idAgrupacion":"40","idAgrupacionTelegrama":"40","nombreAgrupacion":"MOVIMIENTO LIBRES DEL SUR","votos":87,"votosPorcentaje":0.63,"listas":[{"idLista":"3019","nombreLista":"A- AZUL Y ROJO","votos":87,"votosPorcentaje":100.0}]},{"idAgrupacion":"13","idAgrupacionTelegrama":"13","nombreAgrupacion":"MOVIMIENTO AL SOCIALISMO","votos":64,"votosPorcentaje":0.46,"listas":[{"idLista":"3017","nombreLista":"A- IZQUIERDA ANTICAPITALISTA","votos":64,"votosPorcentaje":100.0}]},{"idAgrupacion":"90","idAgrupacionTelegrama":"90","nombreAgrupacion":"MOVIMIENTO IZQUIERDA JUVENTUD Y DIGNIDAD","votos":57,"votosPorcentaje":0.41,"listas":[{"idLista":"3027","nombreLista":"B- CONFEDERAL","votos":42,"votosPorcentaje":73.68},{"idLista":"3026","nombreLista":"A- DIGNIDAD","votos":15,"votosPorcentaje":26.31}]},{"idAgrupacion":"92","idAgrupacionTelegrama":"92","nombreAgrupacion":"POLITICA OBRERA","votos":44,"votosPorcentaje":0.32,"listas":[{"idLista":"3020","nombreLista":"A- UNIDAD OBRERA","votos":44,"votosPorcentaje":100.0}]},{"idAgrupacion":"94","idAgrupacionTelegrama":"94","nombreAgrupacion":"PROYECTO JOVEN","votos":44,"votosPorcentaje":0.32,"listas":[{"idLista":"3023","nombreLista":"B- PATRIA UNIDA","votos":22,"votosPorcentaje":50.0},{"idLista":"3022","nombreLista":"A- COALICION PAZ DEMOCRACIA SOBERANIA","votos":20,"votosPorcentaje":45.45},{"idLista":"3024","nombreLista":"C- TODEX","votos":2,"votosPorcentaje":4.54}]},{"idAgrupacion":"57","idAgrupacionTelegrama":"57","nombreAgrupacion":"MOVIMIENTO DE ACCION VECINAL","votos":39,"votosPorcentaje":0.28,"listas":[{"idLista":"3025","nombreLista":"A- COMPROMISO VECINAL","votos":39,"votosPorcentaje":100.0}]},{"idAgrupacion":"95","idAgrupacionTelegrama":"95","nombreAgrupacion":"FRENTE PATRIOTA FEDERAL","votos":38,"votosPorcentaje":0.27,"listas":[{"idLista":"3021","nombreLista":"A- PRIMERO LA PATRIA","votos":38,"votosPorcentaje":100.0}]},{"idAgrupacion":"20","idAgrupacionTelegrama":"20","nombreAgrupacion":"UNION DEL CENTRO DEMOCRATICO","votos":26,"votosPorcentaje":0.19,"listas":[{"idLista":"3018","nombreLista":"A- APERTURA LIBERAL ARGENTINA","votos":26,"votosPorcentaje":100.0}]},{"idAgrupacion":"131","idAgrupacionTelegrama":"131","nombreAgrupacion":"FRENTE LIBER.AR","votos":8,"votosPorcentaje":0.05,"listas":[{"idLista":"3004","nombreLista":"C- ANTICORRUPCIÓN","votos":6,"votosPorcentaje":75.0},{"idLista":"3002","nombreLista":"A- DEMOS","votos":2,"votosPorcentaje":25.0},{"idLista":"3003","nombreLista":"B- RECONQUISTA","votos":0,"votosPorcentaje":0.0}]}],"valoresTotalizadosOtros":{"votosNulos":106,"votosNulosPorcentaje":0.76,"votosEnBlanco":987,"votosEnBlancoPorcentaje":7.15,"votosRecurridosComandoImpugnados":19,"votosRecurridosComandoImpugnadosPorcentaje":0.13}}