{"fechaTotalizacion":"Aug 14, 2023, 5:27:40 AM","estadoRecuento":{"mesasEsperadas":54,"mesasTotalizadas":52,"mesasTotalizadasPorcentaje":96.29,"cantidadElectores":17899,"cantidadVotantes":13522,"participacionPorcentaje":75.54},"valoresTotalizadosPositivos":[{"idAgrupacion":"132","idAgrupacionTelegrama":"132","nombreAgrupacion":"JUNTOS POR EL CAMBIO","votos":4327,"votosPorcentaje":32.25,"listas":[{"idLista":"3008","nombreLista":"B- LA FUERZA DEL CAMBIO","votos":2514,"votosPorcentaje":58.1},{"idLista":"3007","nombreLista":"A- EL CAMBIO DE NUESTRAS VIDAS","votos":1813,"votosPorcentaje":41.89}]},{"idAgrupacion":"134","idAgrupacionTelegrama":"134","nombreAgrupacion":"UNION POR LA PATRIA","votos":4091,"votosPorcentaje":30.49,"listas":[{"idLista":"3005","nombreLista":"A- CELESTE Y BLANCA","votos":2902,"votosPorcentaje":70.93},{"idLista":"3006","nombreLista":"B- JUSTA Y SOBERANA","votos":1189,"votosPorcentaje":29.06}]},{"idAgrupacion":"135","idAgrupacionTelegrama":"135","nombreAgrupacion":"LA LIBERTAD AVANZA","votos":3210,"votosPorcentaje":23.92,"listas":[{"idLista":"3016","nombreLista":"A- LIBERTAD POR SIEMPRE","votos":3210,"votosPorcentaje":100.0}]},{"idAgrupacion":"136","idAgrupacionTelegrama":"136","nombreAgrupacion":"FRENTE DE IZQUIERDA Y DE TRABAJADORES - UNIDAD","votos":507,"votosPorcentaje":3.77,"listas":[{"idLista":"3009","nombreLista":"A- UNIR Y FORTALECER LA IZQUIERDA","votos":383,"votosPorcentaje":75.54},{"idLista":"3010","nombreLista":"B- UNIDAD DE LUCHADORES Y LA IZQUIERDA","votos":124,"votosPorcentaje":24.45}]},{"idAgrupacion":"137","idAgrupacionTelegrama":"137","nombreAgrupacion":"PRINCIPIOS Y VALORES","votos":196,"votosPorcentaje":1.46,"listas":[{"idLista":"3011","nombreLista":"1A- TIERRA, TECHO  Y TRABAJO","votos":196,"votosPorcentaje":100.0}]},{"idAgrupacion":"133","idAgrupacionTelegrama":"133","nombreAgrupacion":"HACEMOS POR NUESTRO PAIS","votos":158,"votosPorcentaje":1.17,"listas":[{"idLista":"3001","nombreLista":"A- HACEMOS","votos":158,"votosPorcentaje":100.0}]},{"idAgrupacion":"13","idAgrupacionTelegrama":"13","nombreAgrupacion":"MOVIMIENTO AL SOCIALISMO","votos":63,"votosPorcentaje":0.46,"listas":[{"idLista":"3017","nombreLista":"A- IZQUIERDA ANTICAPITALISTA","votos":63,"votosPorcentaje":100.0}]},{"idAgrupacion":"92","idAgrupacionTelegrama":"92","nombreAgrupacion":"POLITICA OBRERA","votos":37,"votosPorcentaje":0.27,"listas":[{"idLista":"3020","nombreLista":"A- UNIDAD OBRERA","votos":37,"votosPorcentaje":100.0}]},{"idAgrupacion":"90","idAgrupacionTelegrama":"90","nombreAgrupacion":"MOVIMIENTO IZQUIERDA JUVENTUD Y DIGNIDAD","votos":35,"votosPorcentaje":0.26,"listas":[{"idLista":"3027","nombreLista":"B- CONFEDERAL","votos":27,"votosPorcentaje":77.14},{"idLista":"3026","nombreLista":"A- DIGNIDAD","votos":8,"votosPorcentaje":22.85}]},{"idAgrupacion":"40","idAgrupacionTelegrama":"40","nombreAgrupacion":"MOVIMIENTO LIBRES DEL SUR","votos":32,"votosPorcentaje":0.23,"listas":[{"idLista":"3019","nombreLista":"A- AZUL Y ROJO","votos":32,"votosPorcentaje":100.0}]},{"idAgrupacion":"95","idAgrupacionTelegrama":"95","nombreAgrupacion":"FRENTE PATRIOTA FEDERAL","votos":25,"votosPorcentaje":0.18,"listas":[{"idLista":"3021","nombreLista":"A- PRIMERO LA PATRIA","votos":25,"votosPorcentaje":100.0}]},{"idAgrupacion":"94","idAgrupacionTelegrama":"94","nombreAgrupacion":"PROYECTO JOVEN","votos":21,"votosPorcentaje":0.15,"listas":[{"idLista":"3022","nombreLista":"A- COALICION PAZ DEMOCRACIA SOBERANIA","votos":14,"votosPorcentaje":66.66},{"idLista":"3023","nombreLista":"B- PATRIA UNIDA","votos":7,"votosPorcentaje":33.33},{"idLista":"3024","nombreLista":"C- TODEX","votos":0,"votosPorcentaje":0.0}]},{"idAgrupacion":"57","idAgrupacionTelegrama":"57","nombreAgrupacion":"MOVIMIENTO DE ACCION VECINAL","votos":19,"votosPorcentaje":0.14,"listas":[{"idLista":"3025","nombreLista":"A- COMPROMISO VECINAL","votos":19,"votosPorcentaje":100.0}]},{"idAgrupacion":"20","idAgrupacionTelegrama":"20","nombreAgrupacion":"UNION DEL CENTRO DEMOCRATICO","votos":8,"votosPorcentaje":0.05,"listas":[{"idLista":"3018","nombreLista":"A- APERTURA LIBERAL ARGENTINA","votos":8,"votosPorcentaje":100.0}]},{"idAgrupacion":"131","idAgrupacionTelegrama":"131","nombreAgrupacion":"FRENTE LIBER.AR","votos":5,"votosPorcentaje":0.03,"listas":[{"idLista":"3002","nombreLista":"A- DEMOS","votos":3,"votosPorcentaje":60.0},{"idLista":"3003","nombreLista":"B- RECONQUISTA","votos":2,"votosPorcentaje":40.0},{"idLista":"3004","nombreLista":"C- ANTICORRUPCIÓN","votos":0,"votosPorcentaje":0.0}]}],"valoresTotalizadosOtros":{"votosNulos":73,"votosNulosPorcentaje":0.53,"votosEnBlanco":681,"votosEnBlancoPorcentaje":5.03,"votosRecurridosComandoImpugnados":34,"votosRecurridosComandoImpugnadosPorcentaje":0.25}}