{"fechaTotalizacion":"Aug 14, 2023, 5:27:40 AM","estadoRecuento":{"mesasEsperadas":47,"mesasTotalizadas":44,"mesasTotalizadasPorcentaje":93.61,"cantidadElectores":15321,"cantidadVotantes":11411,"participacionPorcentaje":74.47},"valoresTotalizadosPositivos":[{"idAgrupacion":"134","idAgrupacionTelegrama":"134","nombreAgrupacion":"UNION POR LA PATRIA","votos":4268,"votosPorcentaje":37.64,"listas":[{"idLista":"3005","nombreLista":"A- CELESTE Y BLANCA","votos":3029,"votosPorcentaje":70.97},{"idLista":"3006","nombreLista":"B- JUSTA Y SOBERANA","votos":1239,"votosPorcentaje":29.02}]},{"idAgrupacion":"135","idAgrupacionTelegrama":"135","nombreAgrupacion":"LA LIBERTAD AVANZA","votos":2898,"votosPorcentaje":25.55,"listas":[{"idLista":"3016","nombreLista":"A- LIBERTAD POR SIEMPRE","votos":2898,"votosPorcentaje":100.0}]},{"idAgrupacion":"132","idAgrupacionTelegrama":"132","nombreAgrupacion":"JUNTOS POR EL CAMBIO","votos":2351,"votosPorcentaje":20.73,"listas":[{"idLista":"3008","nombreLista":"B- LA FUERZA DEL CAMBIO","votos":1224,"votosPorcentaje":52.06},{"idLista":"3007","nombreLista":"A- EL CAMBIO DE NUESTRAS VIDAS","votos":1127,"votosPorcentaje":47.93}]},{"idAgrupacion":"136","idAgrupacionTelegrama":"136","nombreAgrupacion":"FRENTE DE IZQUIERDA Y DE TRABAJADORES - UNIDAD","votos":487,"votosPorcentaje":4.29,"listas":[{"idLista":"3009","nombreLista":"A- UNIR Y FORTALECER LA IZQUIERDA","votos":269,"votosPorcentaje":55.23},{"idLista":"3010","nombreLista":"B- UNIDAD DE LUCHADORES Y LA IZQUIERDA","votos":218,"votosPorcentaje":44.76}]},{"idAgrupacion":"133","idAgrupacionTelegrama":"133","nombreAgrupacion":"HACEMOS POR NUESTRO PAIS","votos":118,"votosPorcentaje":1.04,"listas":[{"idLista":"3001","nombreLista":"A- HACEMOS","votos":118,"votosPorcentaje":100.0}]},{"idAgrupacion":"137","idAgrupacionTelegrama":"137","nombreAgrupacion":"PRINCIPIOS Y VALORES","votos":114,"votosPorcentaje":1.0,"listas":[{"idLista":"3011","nombreLista":"1A- TIERRA, TECHO  Y TRABAJO","votos":114,"votosPorcentaje":100.0}]},{"idAgrupacion":"90","idAgrupacionTelegrama":"90","nombreAgrupacion":"MOVIMIENTO IZQUIERDA JUVENTUD Y DIGNIDAD","votos":55,"votosPorcentaje":0.48,"listas":[{"idLista":"3027","nombreLista":"B- CONFEDERAL","votos":44,"votosPorcentaje":80.0},{"idLista":"3026","nombreLista":"A- DIGNIDAD","votos":11,"votosPorcentaje":20.0}]},{"idAgrupacion":"40","idAgrupacionTelegrama":"40","nombreAgrupacion":"MOVIMIENTO LIBRES DEL SUR","votos":51,"votosPorcentaje":0.44,"listas":[{"idLista":"3019","nombreLista":"A- AZUL Y ROJO","votos":51,"votosPorcentaje":100.0}]},{"idAgrupacion":"92","idAgrupacionTelegrama":"92","nombreAgrupacion":"POLITICA OBRERA","votos":50,"votosPorcentaje":0.44,"listas":[{"idLista":"3020","nombreLista":"A- UNIDAD OBRERA","votos":50,"votosPorcentaje":100.0}]},{"idAgrupacion":"13","idAgrupacionTelegrama":"13","nombreAgrupacion":"MOVIMIENTO AL SOCIALISMO","votos":41,"votosPorcentaje":0.36,"listas":[{"idLista":"3017","nombreLista":"A- IZQUIERDA ANTICAPITALISTA","votos":41,"votosPorcentaje":100.0}]},{"idAgrupacion":"94","idAgrupacionTelegrama":"94","nombreAgrupacion":"PROYECTO JOVEN","votos":36,"votosPorcentaje":0.31,"listas":[{"idLista":"3023","nombreLista":"B- PATRIA UNIDA","votos":20,"votosPorcentaje":55.55},{"idLista":"3022","nombreLista":"A- COALICION PAZ DEMOCRACIA SOBERANIA","votos":15,"votosPorcentaje":41.66},{"idLista":"3024","nombreLista":"C- TODEX","votos":1,"votosPorcentaje":2.77}]},{"idAgrupacion":"95","idAgrupacionTelegrama":"95","nombreAgrupacion":"FRENTE PATRIOTA FEDERAL","votos":21,"votosPorcentaje":0.18,"listas":[{"idLista":"3021","nombreLista":"A- PRIMERO LA PATRIA","votos":21,"votosPorcentaje":100.0}]},{"idAgrupacion":"57","idAgrupacionTelegrama":"57","nombreAgrupacion":"MOVIMIENTO DE ACCION VECINAL","votos":19,"votosPorcentaje":0.16,"listas":[{"idLista":"3025","nombreLista":"A- COMPROMISO VECINAL","votos":19,"votosPorcentaje":100.0}]},{"idAgrupacion":"20","idAgrupacionTelegrama":"20","nombreAgrupacion":"UNION DEL CENTRO DEMOCRATICO","votos":15,"votosPorcentaje":0.13,"listas":[{"idLista":"3018","nombreLista":"A- APERTURA LIBERAL ARGENTINA","votos":15,"votosPorcentaje":100.0}]},{"idAgrupacion":"131","idAgrupacionTelegrama":"131","nombreAgrupacion":"FRENTE LIBER.AR","votos":4,"votosPorcentaje":0.03,"listas":[{"idLista":"3003","nombreLista":"B- RECONQUISTA","votos":3,"votosPorcentaje":75.0},{"idLista":"3002","nombreLista":"A- DEMOS","votos":1,"votosPorcentaje":25.0},{"idLista":"3004","nombreLista":"C- ANTICORRUPCIÓN","votos":0,"votosPorcentaje":0.0}]}],"valoresTotalizadosOtros":{"votosNulos":57,"votosNulosPorcentaje":0.49,"votosEnBlanco":811,"votosEnBlancoPorcentaje":7.1,"votosRecurridosComandoImpugnados":15,"votosRecurridosComandoImpugnadosPorcentaje":0.13}}