{"fechaTotalizacion":"Aug 14, 2023, 5:27:40 AM","estadoRecuento":{"mesasEsperadas":47,"mesasTotalizadas":47,"mesasTotalizadasPorcentaje":100.0,"cantidadElectores":16423,"cantidadVotantes":12219,"participacionPorcentaje":74.4},"valoresTotalizadosPositivos":[{"idAgrupacion":"134","idAgrupacionTelegrama":"134","nombreAgrupacion":"UNION POR LA PATRIA","votos":4080,"votosPorcentaje":33.79,"listas":[{"idLista":"3005","nombreLista":"A- CELESTE Y BLANCA","votos":3077,"votosPorcentaje":75.41},{"idLista":"3006","nombreLista":"B- JUSTA Y SOBERANA","votos":1003,"votosPorcentaje":24.58}]},{"idAgrupacion":"135","idAgrupacionTelegrama":"135","nombreAgrupacion":"LA LIBERTAD AVANZA","votos":3294,"votosPorcentaje":27.28,"listas":[{"idLista":"3016","nombreLista":"A- LIBERTAD POR SIEMPRE","votos":3294,"votosPorcentaje":100.0}]},{"idAgrupacion":"132","idAgrupacionTelegrama":"132","nombreAgrupacion":"JUNTOS POR EL CAMBIO","votos":2888,"votosPorcentaje":23.92,"listas":[{"idLista":"3008","nombreLista":"B- LA FUERZA DEL CAMBIO","votos":1516,"votosPorcentaje":52.49},{"idLista":"3007","nombreLista":"A- EL CAMBIO DE NUESTRAS VIDAS","votos":1372,"votosPorcentaje":47.5}]},{"idAgrupacion":"136","idAgrupacionTelegrama":"136","nombreAgrupacion":"FRENTE DE IZQUIERDA Y DE TRABAJADORES - UNIDAD","votos":422,"votosPorcentaje":3.49,"listas":[{"idLista":"3009","nombreLista":"A- UNIR Y FORTALECER LA IZQUIERDA","votos":317,"votosPorcentaje":75.11},{"idLista":"3010","nombreLista":"B- UNIDAD DE LUCHADORES Y LA IZQUIERDA","votos":105,"votosPorcentaje":24.88}]},{"idAgrupacion":"137","idAgrupacionTelegrama":"137","nombreAgrupacion":"PRINCIPIOS Y VALORES","votos":189,"votosPorcentaje":1.56,"listas":[{"idLista":"3011","nombreLista":"1A- TIERRA, TECHO  Y TRABAJO","votos":189,"votosPorcentaje":100.0}]},{"idAgrupacion":"133","idAgrupacionTelegrama":"133","nombreAgrupacion":"HACEMOS POR NUESTRO PAIS","votos":168,"votosPorcentaje":1.39,"listas":[{"idLista":"3001","nombreLista":"A- HACEMOS","votos":168,"votosPorcentaje":100.0}]},{"idAgrupacion":"90","idAgrupacionTelegrama":"90","nombreAgrupacion":"MOVIMIENTO IZQUIERDA JUVENTUD Y DIGNIDAD","votos":63,"votosPorcentaje":0.52,"listas":[{"idLista":"3027","nombreLista":"B- CONFEDERAL","votos":47,"votosPorcentaje":74.6},{"idLista":"3026","nombreLista":"A- DIGNIDAD","votos":16,"votosPorcentaje":25.39}]},{"idAgrupacion":"13","idAgrupacionTelegrama":"13","nombreAgrupacion":"MOVIMIENTO AL SOCIALISMO","votos":60,"votosPorcentaje":0.49,"listas":[{"idLista":"3017","nombreLista":"A- IZQUIERDA ANTICAPITALISTA","votos":60,"votosPorcentaje":100.0}]},{"idAgrupacion":"40","idAgrupacionTelegrama":"40","nombreAgrupacion":"MOVIMIENTO LIBRES DEL SUR","votos":38,"votosPorcentaje":0.31,"listas":[{"idLista":"3019","nombreLista":"A- AZUL Y ROJO","votos":38,"votosPorcentaje":100.0}]},{"idAgrupacion":"95","idAgrupacionTelegrama":"95","nombreAgrupacion":"FRENTE PATRIOTA FEDERAL","votos":34,"votosPorcentaje":0.28,"listas":[{"idLista":"3021","nombreLista":"A- PRIMERO LA PATRIA","votos":34,"votosPorcentaje":100.0}]},{"idAgrupacion":"57","idAgrupacionTelegrama":"57","nombreAgrupacion":"MOVIMIENTO DE ACCION VECINAL","votos":25,"votosPorcentaje":0.2,"listas":[{"idLista":"3025","nombreLista":"A- COMPROMISO VECINAL","votos":25,"votosPorcentaje":100.0}]},{"idAgrupacion":"92","idAgrupacionTelegrama":"92","nombreAgrupacion":"POLITICA OBRERA","votos":21,"votosPorcentaje":0.17,"listas":[{"idLista":"3020","nombreLista":"A- UNIDAD OBRERA","votos":21,"votosPorcentaje":100.0}]},{"idAgrupacion":"94","idAgrupacionTelegrama":"94","nombreAgrupacion":"PROYECTO JOVEN","votos":20,"votosPorcentaje":0.16,"listas":[{"idLista":"3022","nombreLista":"A- COALICION PAZ DEMOCRACIA SOBERANIA","votos":11,"votosPorcentaje":55.0},{"idLista":"3023","nombreLista":"B- PATRIA UNIDA","votos":9,"votosPorcentaje":45.0},{"idLista":"3024","nombreLista":"C- TODEX","votos":0,"votosPorcentaje":0.0}]},{"idAgrupacion":"20","idAgrupacionTelegrama":"20","nombreAgrupacion":"UNION DEL CENTRO DEMOCRATICO","votos":14,"votosPorcentaje":0.11,"listas":[{"idLista":"3018","nombreLista":"A- APERTURA LIBERAL ARGENTINA","votos":14,"votosPorcentaje":100.0}]},{"idAgrupacion":"131","idAgrupacionTelegrama":"131","nombreAgrupacion":"FRENTE LIBER.AR","votos":0,"votosPorcentaje":0.0,"listas":[{"idLista":"3002","nombreLista":"A- DEMOS","votos":0,"votosPorcentaje":0.0},{"idLista":"3003","nombreLista":"B- RECONQUISTA","votos":0,"votosPorcentaje":0.0},{"idLista":"3004","nombreLista":"C- ANTICORRUPCIÓN","votos":0,"votosPorcentaje":0.0}]}],"valoresTotalizadosOtros":{"votosNulos":123,"votosNulosPorcentaje":1.0,"votosEnBlanco":757,"votosEnBlancoPorcentaje":6.19,"votosRecurridosComandoImpugnados":23,"votosRecurridosComandoImpugnadosPorcentaje":0.18}}