{"fechaTotalizacion":"Aug 14, 2023, 5:27:40 AM","estadoRecuento":{"mesasEsperadas":47,"mesasTotalizadas":43,"mesasTotalizadasPorcentaje":91.48,"cantidadElectores":14872,"cantidadVotantes":11176,"participacionPorcentaje":75.14},"valoresTotalizadosPositivos":[{"idAgrupacion":"134","idAgrupacionTelegrama":"134","nombreAgrupacion":"UNION POR LA PATRIA","votos":3611,"votosPorcentaje":32.54,"listas":[{"idLista":"3005","nombreLista":"A- CELESTE Y BLANCA","votos":2641,"votosPorcentaje":73.13},{"idLista":"3006","nombreLista":"B- JUSTA Y SOBERANA","votos":970,"votosPorcentaje":26.86}]},{"idAgrupacion":"132","idAgrupacionTelegrama":"132","nombreAgrupacion":"JUNTOS POR EL CAMBIO","votos":2877,"votosPorcentaje":25.93,"listas":[{"idLista":"3008","nombreLista":"B- LA FUERZA DEL CAMBIO","votos":1615,"votosPorcentaje":56.13},{"idLista":"3007","nombreLista":"A- EL CAMBIO DE NUESTRAS VIDAS","votos":1262,"votosPorcentaje":43.86}]},{"idAgrupacion":"135","idAgrupacionTelegrama":"135","nombreAgrupacion":"LA LIBERTAD AVANZA","votos":2814,"votosPorcentaje":25.36,"listas":[{"idLista":"3016","nombreLista":"A- LIBERTAD POR SIEMPRE","votos":2814,"votosPorcentaje":100.0}]},{"idAgrupacion":"136","idAgrupacionTelegrama":"136","nombreAgrupacion":"FRENTE DE IZQUIERDA Y DE TRABAJADORES - UNIDAD","votos":537,"votosPorcentaje":4.84,"listas":[{"idLista":"3009","nombreLista":"A- UNIR Y FORTALECER LA IZQUIERDA","votos":412,"votosPorcentaje":76.72},{"idLista":"3010","nombreLista":"B- UNIDAD DE LUCHADORES Y LA IZQUIERDA","votos":125,"votosPorcentaje":23.27}]},{"idAgrupacion":"137","idAgrupacionTelegrama":"137","nombreAgrupacion":"PRINCIPIOS Y VALORES","votos":156,"votosPorcentaje":1.4,"listas":[{"idLista":"3011","nombreLista":"1A- TIERRA, TECHO  Y TRABAJO","votos":156,"votosPorcentaje":100.0}]},{"idAgrupacion":"133","idAgrupacionTelegrama":"133","nombreAgrupacion":"HACEMOS POR NUESTRO PAIS","votos":122,"votosPorcentaje":1.09,"listas":[{"idLista":"3001","nombreLista":"A- HACEMOS","votos":122,"votosPorcentaje":100.0}]},{"idAgrupacion":"40","idAgrupacionTelegrama":"40","nombreAgrupacion":"MOVIMIENTO LIBRES DEL SUR","votos":50,"votosPorcentaje":0.45,"listas":[{"idLista":"3019","nombreLista":"A- AZUL Y ROJO","votos":50,"votosPorcentaje":100.0}]},{"idAgrupacion":"13","idAgrupacionTelegrama":"13","nombreAgrupacion":"MOVIMIENTO AL SOCIALISMO","votos":49,"votosPorcentaje":0.44,"listas":[{"idLista":"3017","nombreLista":"A- IZQUIERDA ANTICAPITALISTA","votos":49,"votosPorcentaje":100.0}]},{"idAgrupacion":"90","idAgrupacionTelegrama":"90","nombreAgrupacion":"MOVIMIENTO IZQUIERDA JUVENTUD Y DIGNIDAD","votos":48,"votosPorcentaje":0.43,"listas":[{"idLista":"3027","nombreLista":"B- CONFEDERAL","votos":39,"votosPorcentaje":81.25},{"idLista":"3026","nombreLista":"A- DIGNIDAD","votos":9,"votosPorcentaje":18.75}]},{"idAgrupacion":"92","idAgrupacionTelegrama":"92","nombreAgrupacion":"POLITICA OBRERA","votos":40,"votosPorcentaje":0.36,"listas":[{"idLista":"3020","nombreLista":"A- UNIDAD OBRERA","votos":40,"votosPorcentaje":100.0}]},{"idAgrupacion":"95","idAgrupacionTelegrama":"95","nombreAgrupacion":"FRENTE PATRIOTA FEDERAL","votos":22,"votosPorcentaje":0.19,"listas":[{"idLista":"3021","nombreLista":"A- PRIMERO LA PATRIA","votos":22,"votosPorcentaje":100.0}]},{"idAgrupacion":"57","idAgrupacionTelegrama":"57","nombreAgrupacion":"MOVIMIENTO DE ACCION VECINAL","votos":18,"votosPorcentaje":0.16,"listas":[{"idLista":"3025","nombreLista":"A- COMPROMISO VECINAL","votos":18,"votosPorcentaje":100.0}]},{"idAgrupacion":"94","idAgrupacionTelegrama":"94","nombreAgrupacion":"PROYECTO JOVEN","votos":18,"votosPorcentaje":0.16,"listas":[{"idLista":"3022","nombreLista":"A- COALICION PAZ DEMOCRACIA SOBERANIA","votos":14,"votosPorcentaje":77.77},{"idLista":"3023","nombreLista":"B- PATRIA UNIDA","votos":4,"votosPorcentaje":22.22},{"idLista":"3024","nombreLista":"C- TODEX","votos":0,"votosPorcentaje":0.0}]},{"idAgrupacion":"131","idAgrupacionTelegrama":"131","nombreAgrupacion":"FRENTE LIBER.AR","votos":11,"votosPorcentaje":0.09,"listas":[{"idLista":"3002","nombreLista":"A- DEMOS","votos":7,"votosPorcentaje":63.63},{"idLista":"3004","nombreLista":"C- ANTICORRUPCIÓN","votos":4,"votosPorcentaje":36.36},{"idLista":"3003","nombreLista":"B- RECONQUISTA","votos":0,"votosPorcentaje":0.0}]},{"idAgrupacion":"20","idAgrupacionTelegrama":"20","nombreAgrupacion":"UNION DEL CENTRO DEMOCRATICO","votos":8,"votosPorcentaje":0.07,"listas":[{"idLista":"3018","nombreLista":"A- APERTURA LIBERAL ARGENTINA","votos":8,"votosPorcentaje":100.0}]}],"valoresTotalizadosOtros":{"votosNulos":74,"votosNulosPorcentaje":0.66,"votosEnBlanco":714,"votosEnBlancoPorcentaje":6.38,"votosRecurridosComandoImpugnados":7,"votosRecurridosComandoImpugnadosPorcentaje":0.06}}