{"fechaTotalizacion":"Aug 14, 2023, 5:27:40 AM","estadoRecuento":{"mesasEsperadas":144,"mesasTotalizadas":134,"mesasTotalizadasPorcentaje":93.05,"cantidadElectores":46653,"cantidadVotantes":33623,"participacionPorcentaje":72.07},"valoresTotalizadosPositivos":[{"idAgrupacion":"134","idAgrupacionTelegrama":"134","nombreAgrupacion":"UNION POR LA PATRIA","votos":10423,"votosPorcentaje":31.24,"listas":[{"idLista":"3005","nombreLista":"A- CELESTE Y BLANCA","votos":8122,"votosPorcentaje":77.92},{"idLista":"3006","nombreLista":"B- JUSTA Y SOBERANA","votos":2301,"votosPorcentaje":22.07}]},{"idAgrupacion":"135","idAgrupacionTelegrama":"135","nombreAgrupacion":"LA LIBERTAD AVANZA","votos":9680,"votosPorcentaje":29.01,"listas":[{"idLista":"3016","nombreLista":"A- LIBERTAD POR SIEMPRE","votos":9680,"votosPorcentaje":100.0}]},{"idAgrupacion":"132","idAgrupacionTelegrama":"132","nombreAgrupacion":"JUNTOS POR EL CAMBIO","votos":8544,"votosPorcentaje":25.61,"listas":[{"idLista":"3008","nombreLista":"B- LA FUERZA DEL CAMBIO","votos":5113,"votosPorcentaje":59.84},{"idLista":"3007","nombreLista":"A- EL CAMBIO DE NUESTRAS VIDAS","votos":3431,"votosPorcentaje":40.15}]},{"idAgrupacion":"136","idAgrupacionTelegrama":"136","nombreAgrupacion":"FRENTE DE IZQUIERDA Y DE TRABAJADORES - UNIDAD","votos":1047,"votosPorcentaje":3.13,"listas":[{"idLista":"3009","nombreLista":"A- UNIR Y FORTALECER LA IZQUIERDA","votos":798,"votosPorcentaje":76.21},{"idLista":"3010","nombreLista":"B- UNIDAD DE LUCHADORES Y LA IZQUIERDA","votos":249,"votosPorcentaje":23.78}]},{"idAgrupacion":"133","idAgrupacionTelegrama":"133","nombreAgrupacion":"HACEMOS POR NUESTRO PAIS","votos":294,"votosPorcentaje":0.88,"listas":[{"idLista":"3001","nombreLista":"A- HACEMOS","votos":294,"votosPorcentaje":100.0}]},{"idAgrupacion":"137","idAgrupacionTelegrama":"137","nombreAgrupacion":"PRINCIPIOS Y VALORES","votos":255,"votosPorcentaje":0.76,"listas":[{"idLista":"3011","nombreLista":"1A- TIERRA, TECHO  Y TRABAJO","votos":255,"votosPorcentaje":100.0}]},{"idAgrupacion":"40","idAgrupacionTelegrama":"40","nombreAgrupacion":"MOVIMIENTO LIBRES DEL SUR","votos":185,"votosPorcentaje":0.55,"listas":[{"idLista":"3019","nombreLista":"A- AZUL Y ROJO","votos":185,"votosPorcentaje":100.0}]},{"idAgrupacion":"90","idAgrupacionTelegrama":"90","nombreAgrupacion":"MOVIMIENTO IZQUIERDA JUVENTUD Y DIGNIDAD","votos":126,"votosPorcentaje":0.37,"listas":[{"idLista":"3027","nombreLista":"B- CONFEDERAL","votos":84,"votosPorcentaje":66.66},{"idLista":"3026","nombreLista":"A- DIGNIDAD","votos":42,"votosPorcentaje":33.33}]},{"idAgrupacion":"13","idAgrupacionTelegrama":"13","nombreAgrupacion":"MOVIMIENTO AL SOCIALISMO","votos":110,"votosPorcentaje":0.32,"listas":[{"idLista":"3017","nombreLista":"A- IZQUIERDA ANTICAPITALISTA","votos":110,"votosPorcentaje":100.0}]},{"idAgrupacion":"92","idAgrupacionTelegrama":"92","nombreAgrupacion":"POLITICA OBRERA","votos":91,"votosPorcentaje":0.27,"listas":[{"idLista":"3020","nombreLista":"A- UNIDAD OBRERA","votos":91,"votosPorcentaje":100.0}]},{"idAgrupacion":"95","idAgrupacionTelegrama":"95","nombreAgrupacion":"FRENTE PATRIOTA FEDERAL","votos":79,"votosPorcentaje":0.23,"listas":[{"idLista":"3021","nombreLista":"A- PRIMERO LA PATRIA","votos":79,"votosPorcentaje":100.0}]},{"idAgrupacion":"57","idAgrupacionTelegrama":"57","nombreAgrupacion":"MOVIMIENTO DE ACCION VECINAL","votos":65,"votosPorcentaje":0.19,"listas":[{"idLista":"3025","nombreLista":"A- COMPROMISO VECINAL","votos":65,"votosPorcentaje":100.0}]},{"idAgrupacion":"20","idAgrupacionTelegrama":"20","nombreAgrupacion":"UNION DEL CENTRO DEMOCRATICO","votos":48,"votosPorcentaje":0.14,"listas":[{"idLista":"3018","nombreLista":"A- APERTURA LIBERAL ARGENTINA","votos":48,"votosPorcentaje":100.0}]},{"idAgrupacion":"94","idAgrupacionTelegrama":"94","nombreAgrupacion":"PROYECTO JOVEN","votos":38,"votosPorcentaje":0.11,"listas":[{"idLista":"3022","nombreLista":"A- COALICION PAZ DEMOCRACIA SOBERANIA","votos":36,"votosPorcentaje":94.73},{"idLista":"3023","nombreLista":"B- PATRIA UNIDA","votos":1,"votosPorcentaje":2.63},{"idLista":"3024","nombreLista":"C- TODEX","votos":1,"votosPorcentaje":2.63}]},{"idAgrupacion":"131","idAgrupacionTelegrama":"131","nombreAgrupacion":"FRENTE LIBER.AR","votos":25,"votosPorcentaje":0.07,"listas":[{"idLista":"3003","nombreLista":"B- RECONQUISTA","votos":20,"votosPorcentaje":80.0},{"idLista":"3002","nombreLista":"A- DEMOS","votos":3,"votosPorcentaje":12.0},{"idLista":"3004","nombreLista":"C- ANTICORRUPCIÓN","votos":2,"votosPorcentaje":8.0}]}],"valoresTotalizadosOtros":{"votosNulos":245,"votosNulosPorcentaje":0.72,"votosEnBlanco":2347,"votosEnBlancoPorcentaje":6.98,"votosRecurridosComandoImpugnados":21,"votosRecurridosComandoImpugnadosPorcentaje":0.06}}