{"fechaTotalizacion":"Aug 14, 2023, 5:27:40 AM","estadoRecuento":{"mesasEsperadas":93,"mesasTotalizadas":89,"mesasTotalizadasPorcentaje":95.69,"cantidadElectores":30922,"cantidadVotantes":22075,"participacionPorcentaje":71.38},"valoresTotalizadosPositivos":[{"idAgrupacion":"134","idAgrupacionTelegrama":"134","nombreAgrupacion":"UNION POR LA PATRIA","votos":7898,"votosPorcentaje":35.96,"listas":[{"idLista":"3005","nombreLista":"A- CELESTE Y BLANCA","votos":6012,"votosPorcentaje":76.12},{"idLista":"3006","nombreLista":"B- JUSTA Y SOBERANA","votos":1886,"votosPorcentaje":23.87}]},{"idAgrupacion":"135","idAgrupacionTelegrama":"135","nombreAgrupacion":"LA LIBERTAD AVANZA","votos":6588,"votosPorcentaje":29.99,"listas":[{"idLista":"3016","nombreLista":"A- LIBERTAD POR SIEMPRE","votos":6588,"votosPorcentaje":100.0}]},{"idAgrupacion":"132","idAgrupacionTelegrama":"132","nombreAgrupacion":"JUNTOS POR EL CAMBIO","votos":3849,"votosPorcentaje":17.52,"listas":[{"idLista":"3008","nombreLista":"B- LA FUERZA DEL CAMBIO","votos":2043,"votosPorcentaje":53.07},{"idLista":"3007","nombreLista":"A- EL CAMBIO DE NUESTRAS VIDAS","votos":1806,"votosPorcentaje":46.92}]},{"idAgrupacion":"136","idAgrupacionTelegrama":"136","nombreAgrupacion":"FRENTE DE IZQUIERDA Y DE TRABAJADORES - UNIDAD","votos":692,"votosPorcentaje":3.15,"listas":[{"idLista":"3009","nombreLista":"A- UNIR Y FORTALECER LA IZQUIERDA","votos":469,"votosPorcentaje":67.77},{"idLista":"3010","nombreLista":"B- UNIDAD DE LUCHADORES Y LA IZQUIERDA","votos":223,"votosPorcentaje":32.22}]},{"idAgrupacion":"133","idAgrupacionTelegrama":"133","nombreAgrupacion":"HACEMOS POR NUESTRO PAIS","votos":165,"votosPorcentaje":0.75,"listas":[{"idLista":"3001","nombreLista":"A- HACEMOS","votos":165,"votosPorcentaje":100.0}]},{"idAgrupacion":"137","idAgrupacionTelegrama":"137","nombreAgrupacion":"PRINCIPIOS Y VALORES","votos":138,"votosPorcentaje":0.62,"listas":[{"idLista":"3011","nombreLista":"1A- TIERRA, TECHO  Y TRABAJO","votos":138,"votosPorcentaje":100.0}]},{"idAgrupacion":"13","idAgrupacionTelegrama":"13","nombreAgrupacion":"MOVIMIENTO AL SOCIALISMO","votos":89,"votosPorcentaje":0.4,"listas":[{"idLista":"3017","nombreLista":"A- IZQUIERDA ANTICAPITALISTA","votos":89,"votosPorcentaje":100.0}]},{"idAgrupacion":"40","idAgrupacionTelegrama":"40","nombreAgrupacion":"MOVIMIENTO LIBRES DEL SUR","votos":83,"votosPorcentaje":0.37,"listas":[{"idLista":"3019","nombreLista":"A- AZUL Y ROJO","votos":83,"votosPorcentaje":100.0}]},{"idAgrupacion":"92","idAgrupacionTelegrama":"92","nombreAgrupacion":"POLITICA OBRERA","votos":82,"votosPorcentaje":0.37,"listas":[{"idLista":"3020","nombreLista":"A- UNIDAD OBRERA","votos":82,"votosPorcentaje":100.0}]},{"idAgrupacion":"95","idAgrupacionTelegrama":"95","nombreAgrupacion":"FRENTE PATRIOTA FEDERAL","votos":80,"votosPorcentaje":0.36,"listas":[{"idLista":"3021","nombreLista":"A- PRIMERO LA PATRIA","votos":80,"votosPorcentaje":100.0}]},{"idAgrupacion":"90","idAgrupacionTelegrama":"90","nombreAgrupacion":"MOVIMIENTO IZQUIERDA JUVENTUD Y DIGNIDAD","votos":79,"votosPorcentaje":0.35,"listas":[{"idLista":"3026","nombreLista":"A- DIGNIDAD","votos":40,"votosPorcentaje":50.63},{"idLista":"3027","nombreLista":"B- CONFEDERAL","votos":39,"votosPorcentaje":49.36}]},{"idAgrupacion":"57","idAgrupacionTelegrama":"57","nombreAgrupacion":"MOVIMIENTO DE ACCION VECINAL","votos":62,"votosPorcentaje":0.28,"listas":[{"idLista":"3025","nombreLista":"A- COMPROMISO VECINAL","votos":62,"votosPorcentaje":100.0}]},{"idAgrupacion":"131","idAgrupacionTelegrama":"131","nombreAgrupacion":"FRENTE LIBER.AR","votos":52,"votosPorcentaje":0.23,"listas":[{"idLista":"3003","nombreLista":"B- RECONQUISTA","votos":47,"votosPorcentaje":90.38},{"idLista":"3002","nombreLista":"A- DEMOS","votos":3,"votosPorcentaje":5.76},{"idLista":"3004","nombreLista":"C- ANTICORRUPCIÓN","votos":2,"votosPorcentaje":3.84}]},{"idAgrupacion":"20","idAgrupacionTelegrama":"20","nombreAgrupacion":"UNION DEL CENTRO DEMOCRATICO","votos":44,"votosPorcentaje":0.2,"listas":[{"idLista":"3018","nombreLista":"A- APERTURA LIBERAL ARGENTINA","votos":44,"votosPorcentaje":100.0}]},{"idAgrupacion":"94","idAgrupacionTelegrama":"94","nombreAgrupacion":"PROYECTO JOVEN","votos":23,"votosPorcentaje":0.1,"listas":[{"idLista":"3022","nombreLista":"A- COALICION PAZ DEMOCRACIA SOBERANIA","votos":23,"votosPorcentaje":100.0},{"idLista":"3023","nombreLista":"B- PATRIA UNIDA","votos":0,"votosPorcentaje":0.0},{"idLista":"3024","nombreLista":"C- TODEX","votos":0,"votosPorcentaje":0.0}]}],"valoresTotalizadosOtros":{"votosNulos":83,"votosNulosPorcentaje":0.37,"votosEnBlanco":2038,"votosEnBlancoPorcentaje":9.23,"votosRecurridosComandoImpugnados":30,"votosRecurridosComandoImpugnadosPorcentaje":0.13}}