{"fechaTotalizacion":"Aug 14, 2023, 5:27:40 AM","estadoRecuento":{"mesasEsperadas":101,"mesasTotalizadas":95,"mesasTotalizadasPorcentaje":94.05,"cantidadElectores":33241,"cantidadVotantes":24142,"participacionPorcentaje":72.62},"valoresTotalizadosPositivos":[{"idAgrupacion":"134","idAgrupacionTelegrama":"134","nombreAgrupacion":"UNION POR LA PATRIA","votos":8835,"votosPorcentaje":36.78,"listas":[{"idLista":"3005","nombreLista":"A- CELESTE Y BLANCA","votos":6721,"votosPorcentaje":76.07},{"idLista":"3006","nombreLista":"B- JUSTA Y SOBERANA","votos":2114,"votosPorcentaje":23.92}]},{"idAgrupacion":"135","idAgrupacionTelegrama":"135","nombreAgrupacion":"LA LIBERTAD AVANZA","votos":7003,"votosPorcentaje":29.16,"listas":[{"idLista":"3016","nombreLista":"A- LIBERTAD POR SIEMPRE","votos":7003,"votosPorcentaje":100.0}]},{"idAgrupacion":"132","idAgrupacionTelegrama":"132","nombreAgrupacion":"JUNTOS POR EL CAMBIO","votos":4427,"votosPorcentaje":18.43,"listas":[{"idLista":"3008","nombreLista":"B- LA FUERZA DEL CAMBIO","votos":2361,"votosPorcentaje":53.33},{"idLista":"3007","nombreLista":"A- EL CAMBIO DE NUESTRAS VIDAS","votos":2066,"votosPorcentaje":46.66}]},{"idAgrupacion":"136","idAgrupacionTelegrama":"136","nombreAgrupacion":"FRENTE DE IZQUIERDA Y DE TRABAJADORES - UNIDAD","votos":659,"votosPorcentaje":2.74,"listas":[{"idLista":"3009","nombreLista":"A- UNIR Y FORTALECER LA IZQUIERDA","votos":463,"votosPorcentaje":70.25},{"idLista":"3010","nombreLista":"B- UNIDAD DE LUCHADORES Y LA IZQUIERDA","votos":196,"votosPorcentaje":29.74}]},{"idAgrupacion":"137","idAgrupacionTelegrama":"137","nombreAgrupacion":"PRINCIPIOS Y VALORES","votos":213,"votosPorcentaje":0.88,"listas":[{"idLista":"3011","nombreLista":"1A- TIERRA, TECHO  Y TRABAJO","votos":213,"votosPorcentaje":100.0}]},{"idAgrupacion":"133","idAgrupacionTelegrama":"133","nombreAgrupacion":"HACEMOS POR NUESTRO PAIS","votos":151,"votosPorcentaje":0.62,"listas":[{"idLista":"3001","nombreLista":"A- HACEMOS","votos":151,"votosPorcentaje":100.0}]},{"idAgrupacion":"95","idAgrupacionTelegrama":"95","nombreAgrupacion":"FRENTE PATRIOTA FEDERAL","votos":99,"votosPorcentaje":0.41,"listas":[{"idLista":"3021","nombreLista":"A- PRIMERO LA PATRIA","votos":99,"votosPorcentaje":100.0}]},{"idAgrupacion":"90","idAgrupacionTelegrama":"90","nombreAgrupacion":"MOVIMIENTO IZQUIERDA JUVENTUD Y DIGNIDAD","votos":93,"votosPorcentaje":0.38,"listas":[{"idLista":"3027","nombreLista":"B- CONFEDERAL","votos":55,"votosPorcentaje":59.13},{"idLista":"3026","nombreLista":"A- DIGNIDAD","votos":38,"votosPorcentaje":40.86}]},{"idAgrupacion":"40","idAgrupacionTelegrama":"40","nombreAgrupacion":"MOVIMIENTO LIBRES DEL SUR","votos":87,"votosPorcentaje":0.36,"listas":[{"idLista":"3019","nombreLista":"A- AZUL Y ROJO","votos":87,"votosPorcentaje":100.0}]},{"idAgrupacion":"13","idAgrupacionTelegrama":"13","nombreAgrupacion":"MOVIMIENTO AL SOCIALISMO","votos":62,"votosPorcentaje":0.25,"listas":[{"idLista":"3017","nombreLista":"A- IZQUIERDA ANTICAPITALISTA","votos":62,"votosPorcentaje":100.0}]},{"idAgrupacion":"57","idAgrupacionTelegrama":"57","nombreAgrupacion":"MOVIMIENTO DE ACCION VECINAL","votos":61,"votosPorcentaje":0.25,"listas":[{"idLista":"3025","nombreLista":"A- COMPROMISO VECINAL","votos":61,"votosPorcentaje":100.0}]},{"idAgrupacion":"92","idAgrupacionTelegrama":"92","nombreAgrupacion":"POLITICA OBRERA","votos":54,"votosPorcentaje":0.22,"listas":[{"idLista":"3020","nombreLista":"A- UNIDAD OBRERA","votos":54,"votosPorcentaje":100.0}]},{"idAgrupacion":"20","idAgrupacionTelegrama":"20","nombreAgrupacion":"UNION DEL CENTRO DEMOCRATICO","votos":54,"votosPorcentaje":0.22,"listas":[{"idLista":"3018","nombreLista":"A- APERTURA LIBERAL ARGENTINA","votos":54,"votosPorcentaje":100.0}]},{"idAgrupacion":"131","idAgrupacionTelegrama":"131","nombreAgrupacion":"FRENTE LIBER.AR","votos":38,"votosPorcentaje":0.15,"listas":[{"idLista":"3003","nombreLista":"B- RECONQUISTA","votos":25,"votosPorcentaje":65.78},{"idLista":"3004","nombreLista":"C- ANTICORRUPCIÓN","votos":10,"votosPorcentaje":26.31},{"idLista":"3002","nombreLista":"A- DEMOS","votos":3,"votosPorcentaje":7.89}]},{"idAgrupacion":"94","idAgrupacionTelegrama":"94","nombreAgrupacion":"PROYECTO JOVEN","votos":24,"votosPorcentaje":0.09,"listas":[{"idLista":"3022","nombreLista":"A- COALICION PAZ DEMOCRACIA SOBERANIA","votos":24,"votosPorcentaje":100.0},{"idLista":"3023","nombreLista":"B- PATRIA UNIDA","votos":0,"votosPorcentaje":0.0},{"idLista":"3024","nombreLista":"C- TODEX","votos":0,"votosPorcentaje":0.0}]}],"valoresTotalizadosOtros":{"votosNulos":99,"votosNulosPorcentaje":0.41,"votosEnBlanco":2155,"votosEnBlancoPorcentaje":8.92,"votosRecurridosComandoImpugnados":28,"votosRecurridosComandoImpugnadosPorcentaje":0.11}}