{"fechaTotalizacion":"Aug 14, 2023, 5:27:40 AM","estadoRecuento":{"mesasEsperadas":72,"mesasTotalizadas":62,"mesasTotalizadasPorcentaje":86.11,"cantidadElectores":21711,"cantidadVotantes":15579,"participacionPorcentaje":71.75},"valoresTotalizadosPositivos":[{"idAgrupacion":"134","idAgrupacionTelegrama":"134","nombreAgrupacion":"UNION POR LA PATRIA","votos":5926,"votosPorcentaje":38.24,"listas":[{"idLista":"3005","nombreLista":"A- CELESTE Y BLANCA","votos":4568,"votosPorcentaje":77.08},{"idLista":"3006","nombreLista":"B- JUSTA Y SOBERANA","votos":1358,"votosPorcentaje":22.91}]},{"idAgrupacion":"135","idAgrupacionTelegrama":"135","nombreAgrupacion":"LA LIBERTAD AVANZA","votos":4644,"votosPorcentaje":29.97,"listas":[{"idLista":"3016","nombreLista":"A- LIBERTAD POR SIEMPRE","votos":4644,"votosPorcentaje":100.0}]},{"idAgrupacion":"132","idAgrupacionTelegrama":"132","nombreAgrupacion":"JUNTOS POR EL CAMBIO","votos":2466,"votosPorcentaje":15.91,"listas":[{"idLista":"3008","nombreLista":"B- LA FUERZA DEL CAMBIO","votos":1262,"votosPorcentaje":51.17},{"idLista":"3007","nombreLista":"A- EL CAMBIO DE NUESTRAS VIDAS","votos":1204,"votosPorcentaje":48.82}]},{"idAgrupacion":"136","idAgrupacionTelegrama":"136","nombreAgrupacion":"FRENTE DE IZQUIERDA Y DE TRABAJADORES - UNIDAD","votos":497,"votosPorcentaje":3.2,"listas":[{"idLista":"3009","nombreLista":"A- UNIR Y FORTALECER LA IZQUIERDA","votos":368,"votosPorcentaje":74.04},{"idLista":"3010","nombreLista":"B- UNIDAD DE LUCHADORES Y LA IZQUIERDA","votos":129,"votosPorcentaje":25.95}]},{"idAgrupacion":"137","idAgrupacionTelegrama":"137","nombreAgrupacion":"PRINCIPIOS Y VALORES","votos":151,"votosPorcentaje":0.97,"listas":[{"idLista":"3011","nombreLista":"1A- TIERRA, TECHO  Y TRABAJO","votos":151,"votosPorcentaje":100.0}]},{"idAgrupacion":"95","idAgrupacionTelegrama":"95","nombreAgrupacion":"FRENTE PATRIOTA FEDERAL","votos":90,"votosPorcentaje":0.58,"listas":[{"idLista":"3021","nombreLista":"A- PRIMERO LA PATRIA","votos":90,"votosPorcentaje":100.0}]},{"idAgrupacion":"133","idAgrupacionTelegrama":"133","nombreAgrupacion":"HACEMOS POR NUESTRO PAIS","votos":80,"votosPorcentaje":0.51,"listas":[{"idLista":"3001","nombreLista":"A- HACEMOS","votos":80,"votosPorcentaje":100.0}]},{"idAgrupacion":"40","idAgrupacionTelegrama":"40","nombreAgrupacion":"MOVIMIENTO LIBRES DEL SUR","votos":72,"votosPorcentaje":0.46,"listas":[{"idLista":"3019","nombreLista":"A- AZUL Y ROJO","votos":72,"votosPorcentaje":100.0}]},{"idAgrupacion":"90","idAgrupacionTelegrama":"90","nombreAgrupacion":"MOVIMIENTO IZQUIERDA JUVENTUD Y DIGNIDAD","votos":71,"votosPorcentaje":0.45,"listas":[{"idLista":"3027","nombreLista":"B- CONFEDERAL","votos":48,"votosPorcentaje":67.6},{"idLista":"3026","nombreLista":"A- DIGNIDAD","votos":23,"votosPorcentaje":32.39}]},{"idAgrupacion":"13","idAgrupacionTelegrama":"13","nombreAgrupacion":"MOVIMIENTO AL SOCIALISMO","votos":53,"votosPorcentaje":0.34,"listas":[{"idLista":"3017","nombreLista":"A- IZQUIERDA ANTICAPITALISTA","votos":53,"votosPorcentaje":100.0}]},{"idAgrupacion":"92","idAgrupacionTelegrama":"92","nombreAgrupacion":"POLITICA OBRERA","votos":45,"votosPorcentaje":0.29,"listas":[{"idLista":"3020","nombreLista":"A- UNIDAD OBRERA","votos":45,"votosPorcentaje":100.0}]},{"idAgrupacion":"57","idAgrupacionTelegrama":"57","nombreAgrupacion":"MOVIMIENTO DE ACCION VECINAL","votos":36,"votosPorcentaje":0.23,"listas":[{"idLista":"3025","nombreLista":"A- COMPROMISO VECINAL","votos":36,"votosPorcentaje":100.0}]},{"idAgrupacion":"20","idAgrupacionTelegrama":"20","nombreAgrupacion":"UNION DEL CENTRO DEMOCRATICO","votos":33,"votosPorcentaje":0.21,"listas":[{"idLista":"3018","nombreLista":"A- APERTURA LIBERAL ARGENTINA","votos":33,"votosPorcentaje":100.0}]},{"idAgrupacion":"131","idAgrupacionTelegrama":"131","nombreAgrupacion":"FRENTE LIBER.AR","votos":12,"votosPorcentaje":0.07,"listas":[{"idLista":"3003","nombreLista":"B- RECONQUISTA","votos":11,"votosPorcentaje":91.66},{"idLista":"3004","nombreLista":"C- ANTICORRUPCIÓN","votos":1,"votosPorcentaje":8.33},{"idLista":"3002","nombreLista":"A- DEMOS","votos":0,"votosPorcentaje":0.0}]},{"idAgrupacion":"94","idAgrupacionTelegrama":"94","nombreAgrupacion":"PROYECTO JOVEN","votos":7,"votosPorcentaje":0.04,"listas":[{"idLista":"3022","nombreLista":"A- COALICION PAZ DEMOCRACIA SOBERANIA","votos":7,"votosPorcentaje":100.0},{"idLista":"3023","nombreLista":"B- PATRIA UNIDA","votos":0,"votosPorcentaje":0.0},{"idLista":"3024","nombreLista":"C- TODEX","votos":0,"votosPorcentaje":0.0}]}],"valoresTotalizadosOtros":{"votosNulos":84,"votosNulosPorcentaje":0.53,"votosEnBlanco":1312,"votosEnBlancoPorcentaje":8.42,"votosRecurridosComandoImpugnados":0,"votosRecurridosComandoImpugnadosPorcentaje":0.0}}